WKT,id,ni_centro,tipo_centro,nombre,max,entidad,domici,leyenda,cod_ine_mun,provincia,comarca,municipio,sector,clasificacion,pobtotal,email,telefono,f_resolu,x_25830,y_25830
"POINT (698055 4211247)","1","29",CENTROS SOCIALES,"CENTRO CIVICO-SOCIAL ""VIRGEN DEL PILAR""","0",AYUNTAMIENTO DE LOS MONTESINOS,"PZA.DE LA IGLESIA, 2",Entidad Local,"03903",Alacant/Alicante,el Baix Segura/La Vega Baja,Los Montesinos,POBLACIÓN EN GENERAL Y COLECTIVOS SOCIALMENTE DESFAVORECIDOS,POBLACIÓN EN GENERAL Y COLECTIVOS SOCIALMENTE DESFAVORECIDOS,"4912",zero@gva.es,"966721087",1995-09-12 00:00:00,"698055","4211247"
"POINT (694195 4205729)","2","31",CENTROS SOCIALES,CENTRO SOCIAL DE SAN MIGUEL DE SALINAS,"0",AYUNTAMIENTO DE SAN MIGUEL DE SALINAS,"VICENTE BLASCO IBAÑEZ, 1",Entidad Local,"03120",Alacant/Alicante,el Baix Segura/La Vega Baja,San Miguel de Salinas,POBLACIÓN EN GENERAL Y COLECTIVOS SOCIALMENTE DESFAVORECIDOS,POBLACIÓN EN GENERAL Y COLECTIVOS SOCIALMENTE DESFAVORECIDOS,"6193",zero@gva.es,"965720001",1995-09-12 00:00:00,"694195","4205729"
"POINT (717780 4247138)","3","32",HOGARES Y CLUBS PARA PERSONAS MAYORES,CLUB DE CONVIVENCIA DE TERCERA EDAD EL CISNE,"0",AJUNTAMENT D'ALACANT,"CISNE, 3",Entidad Local,"03014",Alacant/Alicante,l'Alacantí,Alacant/Alicante,PERSONAS MAYORES,PERSONAS MAYORES,"330525",zero@gva.es,"965287678",1995-09-12 00:00:00,"717780","4247138"
"POINT (726984 4373714)","4","36",RESIDENCIAS PARA PERSONAS MAYORES DEPENDIENTES,RESIDENCIA P.M.D. NTRA.SRA.DEL PUIG,"31","AMPARO CAMPS, S.L.","CUENCA TRAMOYERES, 5-1",Entidad Privada,"46250",València/Valencia,València,València,PERSONAS MAYORES,PERSONAS MAYORES,"790201",resipuig@resipuig.com,"963601081",1995-06-26 00:00:00,"726984","4373714"
"POINT (700887 4236354)","5","43",CENTROS SOCIALES,CENTRO SOCIAL PLA SECTOR V (EN PROCESO DE REGULARIZACION),"0",AJUNTAMENT D'ELX,"AVDA. LLAURADORS, 1",Entidad Local,"03065",Alacant/Alicante,el Baix Vinalopó,Elx/Elche,POBLACIÓN EN GENERAL Y COLECTIVOS SOCIALMENTE DESFAVORECIDOS,POBLACIÓN EN GENERAL Y COLECTIVOS SOCIALMENTE DESFAVORECIDOS,"227659",zero@gva.es,"965437927",1996-03-27 00:00:00,"700887","4236354"
"POINT (733612 4321830)","6","50",CENTRO ESPECÍFICO PARA ENFERMOS MENTALES CRÓNICOS (CEEM),RESIDENCIA MIXTA MONDUBER,"80","EL CASTILLO ATENCIÓN A LA DEPENDENCIA, S.A.","URBANIZACION LA DROVA, C/TOSSAL 10",Entidad Privada,"46046",València/Valencia,la Safor,Barx,PERSONAS CON ENFERMEDAD MENTAL,PERSONAS CON ENFERMEDAD MENTAL,"1280",zero@gva.es,"962807204",1998-07-24 00:00:00,"733612","4321830"
"POINT (733612 4321830)","7","50",RESIDENCIAS PARA PERSONAS MAYORES DEPENDIENTES,RESIDENCIA MIXTA MONDUBER,"88","EL CASTILLO ATENCIÓN A LA DEPENDENCIA, S.A.","URBANIZACION LA DROVA, C/TOSSAL 10",Entidad Privada,"46046",València/Valencia,la Safor,Barx,PERSONAS MAYORES,PERSONAS MAYORES,"1280",zero@gva.es,"962807204",1998-07-24 00:00:00,"733612","4321830"
"POINT (726167 4372554)","8","52",RESIDENCIAS PARA PERSONAS MAYORES DEPENDIENTES,RESIDENCIA PARA PERSONAS MAYORES DEPENDIENTES JARDINES DEL PARTERRE,"24",CENTRO GERIATR.JARDINES DEL PARTERRE C.B,"PZA.ALFONSO EL MAGNANIMO, 1",Entidad Privada,"46250",València/Valencia,València,València,PERSONAS MAYORES,PERSONAS MAYORES,"790201",RESIDENCIAJARDINESDELPARTERRE@GMAIL.COM,"963942044",1999-02-26 00:00:00,"726167","4372554"
"POINT (749729 4270245)","9","56",CENTROS SOCIALES,CENTRO SOCIAL JOSE LLORCA LLINARES,"0",AJUNTAMENT DE BENIDORM,C/ GOYA S/N,Entidad Local,"03031",Alacant/Alicante,la Marina Baixa,Benidorm,POBLACIÓN EN GENERAL Y COLECTIVOS SOCIALMENTE DESFAVORECIDOS,POBLACIÓN EN GENERAL Y COLECTIVOS SOCIALMENTE DESFAVORECIDOS,"66642",zero@gva.es,"965855500",1995-09-12 00:00:00,"749729","4270245"
"POINT (751103 4444477)","10","74",VIVIENDA SUPERVISADA PARA PERSONAS CON DISCAPACIDAD INTELECTUAL,VIVIENDA TUTELADA EL RINCONET,"7",ASOCIACION GRANJA-HOGAR EL RINCONET,"calle Pintor Luis Prades, 13",Entidad Privada,"12128",Castelló/Castellón,la Plana Alta,Vilafamés,PERSONAS CON DISCAPACIDAD,PERSONAS CON DISCAPACIDAD,"1851",EL-RINCONET@YAHOO.ES,"964329293",1998-01-09 00:00:00,"751103","4444477"
"POINT (756059 4301124)","11","87",CENTROS SOCIALES,CENTRO SOCIAL DE RAFOL DE ALMUNIA,"0",AJUNTAMENT DE RAFOL DE ALMUNIA,"SEGARIA, 12 (ZONA DEPORTIVA)",Entidad Local,"03110",Alacant/Alicante,la Marina Alta,el Ràfol d'Almúnia,POBLACIÓN EN GENERAL Y COLECTIVOS SOCIALMENTE DESFAVORECIDOS,POBLACIÓN EN GENERAL Y COLECTIVOS SOCIALMENTE DESFAVORECIDOS,"630",zero@gva.es,"965587168",1994-11-29 00:00:00,"756059","4301124"
"POINT (702873 4231974)","12","88",CENTROS SOCIALES,CENTRO SOCIAL LA HOYA (EN PROCESO DE REGULARIZACION),"0",AJUNTAMENT D'ELX,"TRASVASE, 32",Entidad Local,"03065",Alacant/Alicante,el Baix Vinalopó,Elx/Elche,POBLACIÓN EN GENERAL Y COLECTIVOS SOCIALMENTE DESFAVORECIDOS,POBLACIÓN EN GENERAL Y COLECTIVOS SOCIALMENTE DESFAVORECIDOS,"227659",zero@gva.es,"965426363",1994-11-30 00:00:00,"702873","4231974"
"POINT (751810 4296427)","13","90",HOGARES Y CLUBS PARA PERSONAS MAYORES,CLUB DE CONVIVENCIA DE TERCERA EDAD DEL CAMPELL,"0",FEDERACION PROVINCIAL UNION DEMOCRATICA DE PENSIONISTAS Y JUBILADOS DE ALICANTE UDP,"REI EN JAUME, 27",Entidad Privada,"03137",Alacant/Alicante,la Marina Alta,la Vall de Laguar,PERSONAS MAYORES,PERSONAS MAYORES,"801",AJUMTAMENT@VALLDE LAGUAR.ES,"965583301",1994-11-30 00:00:00,"751810","4296427"
"POINT (751105 4296094)","14","91",HOGARES Y CLUBS PARA PERSONAS MAYORES,CLUB DE CONVIVENCIA DE TERCERA EDAD DE FLEIX,"0",FEDERACION PROVINCIAL UNION DEMOCRATICA DE PENSIONISTAS Y JUBILADOS DE ALICANTE UDP,"MAYOR, 11",Entidad Privada,"03137",Alacant/Alicante,la Marina Alta,la Vall de Laguar,PERSONAS MAYORES,PERSONAS MAYORES,"801",AJUMTAMENT@VALLDE LAGUAR.ES,"965583301",1994-11-30 00:00:00,"751105","4296094"
"POINT (749634 4295534)","15","92",HOGARES Y CLUBS PARA PERSONAS MAYORES,CLUB CONVIVENCIA DEDE TERCERA EDAD BENIMAURELL,"0",FEDERACION PROVINCIAL UNION DEMOCRATICA DE PENSIONISTAS Y JUBILADOS DE ALICANTE UDP,"PZA. SACRAMENTO, 1",Entidad Privada,"03137",Alacant/Alicante,la Marina Alta,la Vall de Laguar,PERSONAS MAYORES,PERSONAS MAYORES,"801",AJUMTAMENT@VALLDE LAGUAR.ES,"965583301",1994-11-30 00:00:00,"749634","4295534"
"POINT (754215 4298818)","16","93",HOGARES Y CLUBS PARA PERSONAS MAYORES,CLUB DE CONVIVENCIA DE TERCERA EDAD DE TORMOS,"0",FEDERACION PROVINCIAL UNION DEMOCRATICA DE PENSIONISTAS Y JUBILADOS DE ALICANTE UDP,"SAN LUIS BELTRAN, 19",Entidad Privada,"03131",Alacant/Alicante,la Marina Alta,Tormos,PERSONAS MAYORES,PERSONAS MAYORES,"323",TORMOS@TORMOS.ES,"965587041",1994-11-30 00:00:00,"754215","4298818"
"POINT (794508 4486055)","17","97",CENTROS RESIDENCIALES PARA PERSONAS MAYORES,MIMARA VINARÒS,"90",MIMARA EL PLA RESIDENCIAL SLU,"PADRE BOVER, 2",Entidad Privada,"12138",Castelló/Castellón,el Baix Maestrat,Vinaròs,PERSONAS MAYORES,PERSONAS MAYORES,"28290",,"964450257",1994-12-28 00:00:00,"794508","4486055"
"POINT (741166 4449206)","18","99",VIVIENDAS TUTELADAS PARA MAYORES,VIVIENDA TUTELADA DE LES USERES,"10",AJUNTAMENT DE LES USERES,"CARRETERA DE ALCORA, S/N",Entidad Local,"12122",Castelló/Castellón,l'Alcalatén,les Useres/Useras,PERSONAS MAYORES,PERSONAS MAYORES,"994",info@lesuseres.es,"964388609",1994-12-28 00:00:00,"741166","4449206"
"POINT (714035 4422548)","19","100",HOGARES Y CLUBS PARA PERSONAS MAYORES,CLUB DE CONVIVENCIA DE TERCERA EDAD EL REGAJO,"0",AYUNTAMIENTO DE GAIBIEL,"PZA. CONSTITUCION, 3",Entidad Local,"12065",Castelló/Castellón,El Alto Palancia,Gaibiel,PERSONAS MAYORES,PERSONAS MAYORES,"205",zero@gva.es,"964142425",1994-12-27 00:00:00,"714035","4422548"
"POINT (767544 4490060)","20","102",HOGARES Y CLUBS PARA PERSONAS MAYORES,"CLUB DE CONVIVENCIA DE TERCERA EDAD  ""LA CHERTOLINA""","0",AJUNTAMENT DE XERT,"SAN VICENTE, 32",Entidad Local,"12052",Castelló/Castellón,el Baix Maestrat,Xert,PERSONAS MAYORES,PERSONAS MAYORES,"754",zero@gva.es,"964490001",1994-12-28 00:00:00,"767544","4490060"
"POINT (725660 4342522)","21","114",HOGARES Y CLUBS PARA PERSONAS MAYORES,CLUB DE CONVIVENCIA DE TERCERA EDAD ALBALAT DE LA RIBERA,"0",AJUNTAMENT D'ALBALAT DE LA RIBERA,"DELME, S/N",Entidad Local,"46008",València/Valencia,la Ribera Baixa,Albalat de la Ribera,PERSONAS MAYORES,PERSONAS MAYORES,"3431",zero@gva.es,"962490892",1994-07-26 00:00:00,"725660","4342522"
"POINT (721381 4341018)","22","115",HOGARES Y CLUBS PARA PERSONAS MAYORES,CLUB DE CONVIVENCIA DE TERCERA EDAD ALGEMESI,"0",AJUNTAMENT D'ALGEMESI,"SAN SEBASTIAN, 12",Entidad Local,"46029",València/Valencia,la Ribera Alta,Algemesí,PERSONAS MAYORES,PERSONAS MAYORES,"27607",AGISBERS@ALGEMESI.NET,"962019000",1994-07-26 00:00:00,"721381","4341018"
"POINT (728004 4375546)","23","117",CENTRO OCUPACIONAL PARA PERSONAS CON DISCAPACIDAD O DIVERSIDAD FUNCIONAL,CENTRO OCUPACIONAL PAS A PAS,"56",CONSORCIO COMARCAL DE SERVICIOS SOCIALES L'HORTA NORD,"C/ CERVANTES, 24",Entidad Local,"46013",València/Valencia,l'Horta Nord,Alboraia/Alboraya,PERSONAS CON DISCAPACIDAD,PERSONAS CON DISCAPACIDAD,"23837",COPASAPAS@OUTLOOK.ES,"961864063",1994-03-29 00:00:00,"728004","4375546"
"POINT (721549 4288273)","24","119",CLUBS DE CONVIVENCIA,"CLUB DE CONVIVENCIA  ""ELS ALGARS""","0",AJUNTAMENT DE COCENTAINA,"PZA. MAYOR, 1",Entidad Local,"03056",Alacant/Alicante,el Comtat,Cocentaina,POBLACIÓN EN GENERAL Y COLECTIVOS SOCIALMENTE DESFAVORECIDOS,POBLACIÓN EN GENERAL Y COLECTIVOS SOCIALMENTE DESFAVORECIDOS,"11432",zero@gva.es,"965590000",1994-04-26 00:00:00,"721549","4288273"
"POINT (722316 4372392)","25","121",HOGARES Y CLUBS PARA PERSONAS MAYORES,SECCIO LOCAL DE TERCERA EDAD NUESTRA SENYORA DE FATIMA DE MISLATA,"0",ASOCIACION DEMOCRATICA PROVINCIAL DE JUBILADOS Y PENSIONISTAS DE VALENCIA UDP,"ISABEL LA CATOLICA, 14",Entidad Privada,"46169",València/Valencia,l'Horta Sud,Mislata,PERSONAS MAYORES,PERSONAS MAYORES,"42988",zero@gva.es,"963793194",1994-07-07 00:00:00,"722316","4372392"
"POINT (713460 4382451)","26","127",RESIDENCIAS PARA PERSONAS MAYORES DEPENDIENTES,RESIDENCIA P.M.D. SAN BLAS L' ELIANA,"35",FUNDACION SUMMA HUMANITATE,"PASEO CONSTANZA, 10",Entidad Privada,"46116",València/Valencia,el Camp de Túria,l'Eliana,PERSONAS MAYORES,PERSONAS MAYORES,"17591",director.sanblas@fundacionhumanitate.org,"962742000",2001-09-11 00:00:00,"713460","4382451"
"POINT (714623 4381914)","27","128",RESIDENCIAS PARA PERSONAS MAYORES DEPENDIENTES,RESIDENCIA P.M.D. SAN ANTONIO DE BENAGEBER,"80",FUNDACION SAN ANTONIO DE BENAGEBER,"AVENIDA DE BENAGEBER, S/N",Entidad Privada,"46903",València/Valencia,el Camp de Túria,San Antonio de Benagéber,PERSONAS MAYORES,PERSONAS MAYORES,"8463",,"961350352",1994-06-15 00:00:00,"714623","4381914"
"POINT (729978 4311097)","28","131",HOGARES Y CLUBS PARA PERSONAS MAYORES,CLUB DE CONVIVENCIA DE TERCERA EDAD DE BENICOLET,"0",AJUNTAMENT DE BENICOLET,"PZA. DEL AYUNTAMIENTO, 1",Entidad Local,"46057",València/Valencia,la Vall d'Albaida,Benicolet,PERSONAS MAYORES,PERSONAS MAYORES,"610",zero@gva.es,"665877261",1994-07-07 00:00:00,"729978","4311097"
"POINT (763355 4298755)","29","133",RESIDENCIAS PARA PERSONAS MAYORES DEPENDIENTES,RESIDENCIA P.M.D. EL CARMEN DE PEDREGUER,"48",FUNDACIO RESIDENCIA NTRA. SRA. DEL CARME DE PEDREGUER,"AVENIDA ANDRES PONS, 11",Entidad Privada,"03101",Alacant/Alicante,la Marina Alta,Pedreguer,PERSONAS MAYORES,PERSONAS MAYORES,"7431",residenciapedreguer@gmail.com,"965760773",1995-10-26 00:00:00,"763355","4298755"
"POINT (740764 4455598)","30","134",HOGARES Y CLUBS PARA PERSONAS MAYORES,CLUB DE CONVIVENCIA DE LA TERCERA EDAD ATZENETA DEL MAESTRAT,"0",AJUNTAMENT D'ATZENETA DEL MAESTRAT,"BARRANC DE LA FONT, 1",Entidad Local,"12001",Castelló/Castellón,l'Alt Maestrat,Atzeneta del Maestrat,PERSONAS MAYORES,PERSONAS MAYORES,"1286",zero@gva.es,"964370018",1997-07-07 00:00:00,"740764","4455598"
"POINT (740932 4265281)","31","135",RESIDENCIAS PARA PERSONAS MAYORES DEPENDIENTES,RESIDENCIA P.M.D. MCPAL.ASIST. SANTA MARTA VILA JOIOSA,"100",AJUNTAMENT DE LA VILA JOIOSA,"ALACANT, 21",Entidad Local,"03139",Alacant/Alicante,la Marina Baixa,la Vila Joiosa/Villajoyosa,PERSONAS MAYORES,PERSONAS MAYORES,"33580",asilo.santamarta@villajoyosa.com,"965894491",1995-04-06 00:00:00,"740932","4265281"
"POINT (670858 4251998)","32","144",HOGARES Y CLUBS PARA PERSONAS MAYORES,CLUB DE CONVIVENCIA DE TERCERA EDAD 11 DE SEPTIEMBRE,"0",AJUNTAMENT DE PINOSO,"AVDA. PABLO IGLESIAS, 2",Entidad Local,"03105",Alacant/Alicante,el Vinalopó Mitjà/El Vinalopó Medio,"Pinós, el/Pinoso",PERSONAS MAYORES,PERSONAS MAYORES,"7627",CENTROMAYORESPINOSO@HOTMAIL.COM,"965478277",1995-09-12 00:00:00,"670858","4251998"
"POINT (721801 4333397)","33","145",RESIDENCIAS PARA PERSONAS MAYORES DEPENDIENTES,RESIDENCIA P.M.D. VIRGEN DE AGUAS VIVAS,"110",AJUNTAMENT DE CARCAIXENT,"PARTIDA CALSINERS, 144",Entidad Local,"46083",València/Valencia,la Ribera Alta,Carcaixent,PERSONAS MAYORES,PERSONAS MAYORES,"20520",direccion@residenciavaguasvivas.es,"962431812",1992-11-02 00:00:00,"721801","4333397"
"POINT (757960 4297907)","34","148",HOGARES Y CLUBS PARA PERSONAS MAYORES,CLUB DEL PENSIONISTA Y JUBILADO DE BENIDOLEIG,"0",FEDERACION PROVINCIAL UNION DEMOCRATICA DE PENSIONISTAS Y JUBILADOS DE ALICANTE UDP,"DOCTOR FLEMING, S/N",Entidad Privada,"03030",Alacant/Alicante,la Marina Alta,Benidoleig,PERSONAS MAYORES,PERSONAS MAYORES,"1117",AJUNTAMENTBENIDOLEIG@AIXA.COM,"966404205",1997-02-11 00:00:00,"757960","4297907"
"POINT (707531 4293318)","35","149",RESIDENCIAS PARA PERSONAS MAYORES DEPENDIENTES,RESIDENCIA P.M.D. SAGRADO CORAZON DE JESUS,"40",AJUNTAMENT DE BOCAIRENT,"JUAN BENEYTO BERNACER, 2",Entidad Local,"46072",València/Valencia,la Vall d'Albaida,Bocairent,PERSONAS MAYORES,PERSONAS MAYORES,"4288",residencia@bocairent.es,"962350037",1991-12-18 00:00:00,"707531","4293318"
"POINT (700664 4317532)","36","151",RESIDENCIAS PARA PERSONAS MAYORES DEPENDIENTES,RESIDENCIA P.M.D. SAN RAFAEL ENGUERA,"54",ASOCIACION RESIDENCIA SAN RAFAEL DE ENGUERA,"PASEO HERMANAS MERCEDARIAS, S/N",Entidad Privada,"46118",València/Valencia,La Canal de Navarrés,Enguera,PERSONAS MAYORES,PERSONAS MAYORES,"5027",direccion@residenciasanrafaelenguera.com,"962224032",1991-11-25 00:00:00,"700664","4317532"
"POINT (762208 4301844)","37","152",HOGARES Y CLUBS PARA PERSONAS MAYORES,CLUB DE CONVIVENCIA DE LA DE TERCERA EDAD  EDAD ONDARA (EN PROCESO DE REGULARIZACION),"0",FEDERACION PROVINCIAL UNION DEMOCRATICA DE PENSIONISTAS Y JUBILADOS DE ALICANTE UDP,"PCA. DE LES ESCOLES, S/N",Entidad Privada,"03095",Alacant/Alicante,la Marina Alta,Ondara,PERSONAS MAYORES,PERSONAS MAYORES,"6647",AJUNTAMENT@ONDARA.ORG,"966477070",1993-08-09 00:00:00,"762208","4301844"
"POINT (730058 4372801)","38","155",RESIDENCIAS PARA PERSONAS MAYORES DEPENDIENTES,CENTRO SOCIOSANITARIO NTRA. SRA. DEL CARMEN-RESIDENCIA,"106",FUNDACION HOSPITALARIAS,"C/ EUGENIA VIÑES, 156",Entidad Privada,"46250",València/Valencia,València,València,PERSONAS MAYORES,PERSONAS MAYORES,"790201",aalvarezl.valencia@hospitalarias.es,"963712211",1991-07-05 00:00:00,"730058","4372801"
"POINT (753332 4429864)","39","158",HOGARES Y CLUBS PARA PERSONAS MAYORES,"CLUB DE CONVIVENCIA DE TERCERA EDAD  EDAD ""AZAHAR""","0",AJUNTAMENT DE CASTELLO DE LA PLANA,"CARCAGENTE, 13",Entidad Local,"12040",Castelló/Castellón,la Plana Alta,Castelló de la Plana,PERSONAS MAYORES,PERSONAS MAYORES,"170990",zero@gva.es,"964225605",1992-03-27 00:00:00,"753332","4429864"
"POINT (741749 4449159)","40","159",HOGARES Y CLUBS PARA PERSONAS MAYORES,CLUB DE JUBILADOS EL SALVADOR,"0",AJUNTAMENT DE LES USERES,FIGUEROLES D'ALCALATEN S/N,Entidad Local,"12122",Castelló/Castellón,l'Alcalatén,les Useres/Useras,PERSONAS MAYORES,PERSONAS MAYORES,"994",zero@gva.es,"964388609",1996-02-27 00:00:00,"741749","4449159"
"POINT (719888 4410380)","41","163",HOGARES Y CLUBS PARA PERSONAS MAYORES,CLUB DE CONVIVENCIA DE TERCERA EDAD DE SONEJA,"0",AYUNTAMIENTO DE SONEJA,"MAYOR, 71",Entidad Local,"12106",Castelló/Castellón,El Alto Palancia,Soneja,PERSONAS MAYORES,PERSONAS MAYORES,"1463",zero@gva.es,"964135004",1996-05-23 00:00:00,"719888","4410380"
"POINT (746748 4420268)","42","168",HOGARES Y CLUBS PARA PERSONAS MAYORES,"CLUB DE CONVIVENCIA TERCERA EDAD EDAD ""25 DE JUNIO""","0",AJUNTAMENT D'ALQUERIAS DEL NIÑO PERDIDO,PL MAYOR. ESQUINA MSEN. JUAN MIRALLES,Entidad Local,"12901",Castelló/Castellón,la Plana Baixa,les Alqueries/Alquerías del Niño Perdido,PERSONAS MAYORES,PERSONAS MAYORES,"4528",zero@gva.es,"964512393",1997-05-22 00:00:00,"746748","4420268"
"POINT (694800 4193060)","43","170",HOGARES Y CLUBS PARA PERSONAS MAYORES,CLUB DE LA TERCERA EDAD  EDAD PILAR DE LA HORADADA,"0",AYUNTAMIENTO DE PILAR DE LA HORADADA,"SAN JUAN, S/N",Entidad Local,"03902",Alacant/Alicante,el Baix Segura/La Vega Baja,Pilar de la Horadada,PERSONAS MAYORES,PERSONAS MAYORES,"21348",OISS@PILARDELAHORADADA.ORG,"965352225",1994-04-26 00:00:00,"694800","4193060"
"POINT (756755 4471721)","44","172",HOGARES Y CLUBS PARA PERSONAS MAYORES,CLUB DE CONVIVENCIA TERCERA EDAD ALBOCASSER,"0",AJUNTAMENT D'ALBOCACER,"PZA. GASPAR FUSTER, Nº 4",Entidad Local,"12003",Castelló/Castellón,l'Alt Maestrat,Albocàsser,PERSONAS MAYORES,PERSONAS MAYORES,"1303",zero@gva.es,"964428186",1997-04-28 00:00:00,"756755","4471721"
"POINT (693577 4220298)","45","178",HOGARES Y CLUBS PARA PERSONAS MAYORES,CLUB DE CONVIVENCIA DE TERCERA EDAD HEREDADES,"0",AYUNTAMIENTO DE ALMORADI,"HEREDADES, S/N",Entidad Local,"03015",Alacant/Alicante,el Baix Segura/La Vega Baja,Almoradí,PERSONAS MAYORES,PERSONAS MAYORES,"20138",JAVIER.ROCA@ALMORDI.ES,"965702382",1993-03-01 00:00:00,"693577","4220298"
"POINT (692339 4235596)","46","186",RESIDENCIAS PARA PERSONAS MAYORES DEPENDIENTES,RESIDENCIA P.M.D. LA PURISIMA DE CREVILLENTE,"34","PATRONATO BENEFICO ""LA PURISIMA"" DE CREVILLENTE","calle VEREDA CARMELITAS MISIONERAS TERESIANAS, 8",Entidad Privada,"03059",Alacant/Alicante,el Baix Vinalopó,Crevillent,PERSONAS MAYORES,PERSONAS MAYORES,"28691",purisimacrevillent@gmail.com,"965400829",1997-08-08 00:00:00,"692339","4235596"
"POINT (685857 4221773)","47","188",HOGARES Y CLUBS PARA PERSONAS MAYORES,CLUB DE CONVIVENCIA DE DE TERCERA EDAD EDAD CALLOSA DE SEGURA (EN PROCESO DE REGULARIZACION),"0",ASOC.PARA LA CULTURA Y OCIO DE LA 3aEDAD,"CANONIGO HIDALGO, 19",Entidad Privada,"03049",Alacant/Alicante,el Baix Segura/La Vega Baja,Callosa de Segura,PERSONAS MAYORES,PERSONAS MAYORES,"18497",zero@gva.es,"965311578",1993-08-06 00:00:00,"685857","4221773"
"POINT (750598 4282241)","48","193",RESIDENCIAS PARA PERSONAS MAYORES DEPENDIENTES,RESIDENCIA P.M.D. FUND.ASILO  CALLOSA D'EN SARRIA,"80",FUND.ASILO HOSPITAL CALLOSA D'EN SARRIA,"AUSIAS MARCH, 5",Entidad Privada,"03048",Alacant/Alicante,la Marina Baixa,Callosa d'en Sarrià,PERSONAS MAYORES,PERSONAS MAYORES,"7146",direccion@residenciacallosa.com,"965880580",1992-11-04 00:00:00,"750598","4282241"
"POINT (770702 4301891)","49","204",RESIDENCIAS PARA PERSONAS MAYORES DEPENDIENTES,RESIDENCIA P.M.D. SANTA LLUCIA,"100",AJUNTAMENT DE DÉNIA,ASSAGADOR DE SANTA LLUCÍA 37,Entidad Local,"03063",Alacant/Alicante,la Marina Alta,Dénia,PERSONAS MAYORES,PERSONAS MAYORES,"41465",elopez@ayto-denia.es,"966421108",1999-02-18 00:00:00,"770702","4301891"
"POINT (722429 4295502)","50","212",RESIDENCIAS PARA PERSONAS MAYORES DEPENDIENTES,RESIDENCIA P.M.D. FUND. CASA DE LA BENEF. MURO DE ALCOY,"55",PATRONATO FUNDACION CASA BENEFICENCIA DE MURO DE ALCOY,"PZA. DE LA ERMITA, 1",Entidad Privada,"03092",Alacant/Alicante,el Comtat,Muro de Alcoy,PERSONAS MAYORES,PERSONAS MAYORES,"9307",directora@residenciamuro.com,"965530764",1997-03-26 00:00:00,"722429","4295502"
"POINT (713792 4230277)","51","222",HOGARES Y CLUBS PARA PERSONAS MAYORES,"CLUB DE CONVIVENCIA ""LA SENIA""","0",AJUNTAMENT DE SANTA POLA,"PARQUE EL PALMERAL, S/N",Entidad Local,"03121",Alacant/Alicante,el Baix Vinalopó,Santa Pola,PERSONAS MAYORES,PERSONAS MAYORES,"31309",CULTURA3@SANTAPOLA.ES,"966692274",1993-09-24 00:00:00,"713792","4230277"
"POINT (723120 4359917)","52","225",HOGARES Y CLUBS PARA PERSONAS MAYORES,CLUB DE CONVIVENCIA 3A EDAD SILLA,"0",AJUNTAMENT DE SILLA,"SANT ROC, 87",Entidad Local,"46230",València/Valencia,l'Horta Sud,Silla,PERSONAS MAYORES,PERSONAS MAYORES,"18462",zero@gva.es,"961210500",1992-10-28 00:00:00,"723120","4359917"
"POINT (738289 4404188)","53","235",HOGARES Y CLUBS PARA PERSONAS MAYORES,CLUB DE CONVIVENCIA EL ABUELET,"0",AJUNTAMENT D'ALMENARA,"PZA. DE LA CONSTITUCION, S/N",Entidad Local,"12011",Castelló/Castellón,la Plana Baixa,Almenara,PERSONAS MAYORES,PERSONAS MAYORES,"5949",zero@gva.es,"962610007",1996-02-20 00:00:00,"738289","4404188"
"POINT (716392 4436973)","54","237",HOGARES Y CLUBS PARA PERSONAS MAYORES,CLUB DE CONVIVENCIA DE LA 3A EDAD CIRAT,"0",AYUNTAMIENTO DE CIRAT,"PZA. SAN BERNARDO, 1",Entidad Local,"12046",Castelló/Castellón,El Alto Mijares,Cirat,PERSONAS MAYORES,PERSONAS MAYORES,"220",zero@gva.es,"964143177",1994-05-23 00:00:00,"716392","4436973"
"POINT (752272 4431870)","55","239",HOGARES Y CLUBS PARA PERSONAS MAYORES,"CLUB DE TERCERA EDAD ""S. JUAN BAUTISTA""","0",AJUNTAMENT DE CASTELLO DE LA PLANA,"CUADRA BORRIOLENCH, 56",Entidad Local,"12040",Castelló/Castellón,la Plana Alta,Castelló de la Plana,PERSONAS MAYORES,PERSONAS MAYORES,"170990",zero@gva.es,"964213489",1988-06-28 00:00:00,"752272","4431870"
"POINT (753001 4430455)","56","246",HOGARES Y CLUBS PARA PERSONAS MAYORES,"CLUB CONVIVENCIA DE 3aEDAD""LA PANDEROLA""","0",AJUNTAMENT DE CASTELLO DE LA PLANA,PLAZA DE LA PANDEROLA S/N,Entidad Local,"12040",Castelló/Castellón,la Plana Alta,Castelló de la Plana,PERSONAS MAYORES,PERSONAS MAYORES,"170990",zero@gva.es,"964282817",1992-03-27 00:00:00,"753001","4430455"
"POINT (750320 4303246)","57","257",RESIDENCIAS PARA PERSONAS MAYORES DEPENDIENTES,RESIDENCIA PARA PERSONAS MAYORES DEPENDIENTES ASILO SAN JUAN DE DIOS,"36",AJUNTAMENT DE PEGO,"PCA. DEL MERCAT, 11",Entidad Local,"03102",Alacant/Alicante,la Marina Alta,Pego,PERSONAS MAYORES,PERSONAS MAYORES,"10158",RESIDENCIA@PEGO.ORG,"965570169",1997-03-06 00:00:00,"750320","4303246"
"POINT (736879 4338932)","58","259",RESIDENCIAS PARA PERSONAS MAYORES DEPENDIENTES,RESIDENCIA MUNICIPAL DE ANCIANOS DE CULLERA,"40",AJUNTAMENT DE CULLERA,"VALENCIA, 35",Entidad Local,"46105",València/Valencia,la Ribera Baixa,Cullera,PERSONAS MAYORES,PERSONAS MAYORES,"22139",residenciacullera@gesmed.es,"961721093",1991-11-26 00:00:00,"736879","4338932"
"POINT (717126 4307444)","59","266",HOGARES Y CLUBS PARA PERSONAS MAYORES,CLUB DE CONVIVENCIA DE LA TERCERA EDAD MONTAVERNER,"0",AJUNTAMENT DE MONTAVERNER,"CARRER NOU, 7",Entidad Local,"46173",València/Valencia,la Vall d'Albaida,Montaverner,PERSONAS MAYORES,PERSONAS MAYORES,"1691",SSOCIALS@MONTAVERNER.COM,"962297604",1993-07-14 00:00:00,"717126","4307444"
"POINT (721051 4341123)","60","272",RESIDENCIAS PARA PERSONAS MAYORES DEPENDIENTES,RESIDENCIA PARA PERSONAS MAYORES DEPENDIENTES SAN VICENTE FERRER,"52",FUNDACION ASILO SAN VICENTE FERRER D'ALGEMESI,"C/ NOU DEL CONVENT, 75",Entidad Privada,"46029",València/Valencia,la Ribera Alta,Algemesí,PERSONAS MAYORES,PERSONAS MAYORES,"27607",residenciasanvicenteferrer@gmail.com,"962481130",1992-05-26 00:00:00,"721051","4341123"
"POINT (729121 4383490)","61","283",HOGARES Y CLUBS PARA PERSONAS MAYORES,"CLUB DE CONVIVENCIA DE LA TERCERA EDAD""REI EN JAUME""","0",AJUNTAMENT DE MASSAMAGRELL,"REI EN JAUME, 3",Entidad Local,"46164",València/Valencia,l'Horta Nord,Massamagrell,PERSONAS MAYORES,PERSONAS MAYORES,"15574",zero@gva.es,"961450499",1993-07-14 00:00:00,"729121","4383490"
"POINT (729300 4383465)","62","284",HOGARES Y CLUBS PARA PERSONAS MAYORES,CLUB DE CONVIVENCIA DE LA TERCERA EDAD BARRIO MAGDALENA,"0",AJUNTAMENT DE MASSAMAGRELL,"PZA. INMACULADA, 12",Entidad Local,"46164",València/Valencia,l'Horta Nord,Massamagrell,PERSONAS MAYORES,PERSONAS MAYORES,"15574",zero@gva.es,"0",1993-07-14 00:00:00,"729300","4383465"
"POINT (714267 4332462)","63","291",HOGARES Y CLUBS PARA PERSONAS MAYORES,CENTRO DE TERCERA EDAD D'ALBERIC,"0",AJUNTAMENT D'ALBERIC,"BALMES, S/N",Entidad Local,"46011",València/Valencia,la Ribera Alta,Alberic,PERSONAS MAYORES,PERSONAS MAYORES,"10537",zero@gva.es,"962440386",1994-07-07 00:00:00,"714267","4332462"
"POINT (745971 4314539)","64","298",HOGARES Y CLUBS PARA PERSONAS MAYORES,CLUB DE CONVIVENCIA 3A EDAD BELLREGUARD,"0",AJUNTAMENT DE BELLREGUARD,"AVINGUDA D'ALACANT, 110",Entidad Local,"46048",València/Valencia,la Safor,Bellreguard,PERSONAS MAYORES,PERSONAS MAYORES,"4582",SECRETARI@BELLREGUARD.NET,"962815511",1993-07-14 00:00:00,"745971","4314539"
"POINT (726567 4376336)","65","310",HOGARES Y CLUBS PARA PERSONAS MAYORES,CENTRO DE TERCERA EDAD TAVERNES BLANQUES,"0",ASOCIACION DEMOCRATICA PROVINCIAL DE JUBILADOS Y PENSIONISTAS DE VALENCIA UDP,"FRANCESC DE VINATEA, 1",Entidad Privada,"46237",València/Valencia,l'Horta Nord,Tavernes Blanques,PERSONAS MAYORES,PERSONAS MAYORES,"9181",zero@gva.es,"961857834",1994-06-28 00:00:00,"726567","4376336"
"POINT (691303 4333847)","66","320",HOGARES Y CLUBS PARA PERSONAS MAYORES,CLUB DE CONVIVENCIA DE TERCERA EDAD BICORP,"0",AYUNTAMIENTO DE BICORP,"SAN ANTONIO, 20",Entidad Local,"46071",València/Valencia,La Canal de Navarrés,Bicorp,PERSONAS MAYORES,PERSONAS MAYORES,"527",zero@gva.es,"962269110",1992-12-15 00:00:00,"691303","4333847"
"POINT (765316 4466657)","67","323",HOGARES Y CLUBS PARA PERSONAS MAYORES,"CLUB DE CONVIVENCIA ""EL TOSSAL""","0",AJUNTAMENT DE LES COVES DE VINROMA,"MORERIA, S/N",Entidad Local,"12050",Castelló/Castellón,la Plana Alta,les Coves de Vinromà,PERSONAS MAYORES,PERSONAS MAYORES,"1870",zero@gva.es,"964426009",1994-05-23 00:00:00,"765316","4466657"
"POINT (761297 4438474)","68","324",HOGARES Y CLUBS PARA PERSONAS MAYORES,CLUB DE CONVIVENCIA LA GARROFERA,"0",AJUNTAMENT DE BENICASSIM,"C/ MOSEN OLIVER (LES OLIVERES), 18 BAJO",Entidad Local,"12028",Castelló/Castellón,la Plana Alta,Benicàssim/Benicasim,PERSONAS MAYORES,PERSONAS MAYORES,"17957",zero@gva.es,"964300182",1997-02-10 00:00:00,"761297","4438474"
"POINT (743163 4415480)","69","327",RESIDENCIAS PARA PERSONAS MAYORES DEPENDIENTES,RESIDENCIA P.M.D. VIRGEN DE LA SOLEDAD NULES,"64",ASOC.RESID.ANCIANOS VIRGEN DE LA SOLEDAD,"SANTA NATALIA, S/N",Entidad Privada,"12082",Castelló/Castellón,la Plana Baixa,Nules,PERSONAS MAYORES,PERSONAS MAYORES,"13305",resivgsoledad@hotmail.com,"964671557",1993-03-01 00:00:00,"743163","4415480"
"POINT (752938 4430630)","70","330",HOGARES Y CLUBS PARA PERSONAS MAYORES,"CLUB DE CONVIVENCIA 3aEDAD ""CASTALIA""","0",AJUNTAMENT DE CASTELLO DE LA PLANA,"ENMEDIO, 128",Entidad Local,"12040",Castelló/Castellón,la Plana Alta,Castelló de la Plana,PERSONAS MAYORES,PERSONAS MAYORES,"170990",zero@gva.es,"964231994",1992-03-27 00:00:00,"752938","4430630"
"POINT (710000 4385118)","71","340",HOGARES Y CLUBS PARA PERSONAS MAYORES,CLUB DE CONVIVENCIA DE 3A EDAD LA POBLA DE VALLBONA,"0",AJUNTAMENT DE LA POBLA DE VALLBONA,"MADRE MARIA MICAELA, S/N",Entidad Local,"46202",València/Valencia,el Camp de Túria,la Pobla de Vallbona,PERSONAS MAYORES,PERSONAS MAYORES,"23403",zero@gva.es,"961661632",1992-12-15 00:00:00,"710000","4385118"
"POINT (715320 4301986)","72","343",RESIDENCIAS PARA PERSONAS MAYORES DEPENDIENTES,RESIDENCIA P.M.D. NTRA SRA. DEL REMEDIO DE ALBAIDA,"36",FUNDACIÓN DE LA COMUNITAT VALENCIANA RESIDENCIA NUESTRA SEÑORA DEL REMEDIO,"C/ POSIT, 4",Entidad Privada,"46006",València/Valencia,la Vall d'Albaida,Albaida,PERSONAS MAYORES,PERSONAS MAYORES,"5933",residenciadelremedio@larescvalenciana.org,"962901812",2000-09-22 00:00:00,"715320","4301986"
"POINT (732959 4427226)","73","346",RESIDENCIAS PARA PERSONAS MAYORES DEPENDIENTES,RESIDENCIA P.M.D. MNOR. FERNANDO FERRIS ONDA,"66",FUNDACION MONSEÑOR FERNANDO FERRIS(RTE MONSENYOR F FERRIS),"PADRE ANSELMO COYNE,27",Entidad Privada,"12084",Castelló/Castellón,la Plana Baixa,Onda,PERSONAS MAYORES,PERSONAS MAYORES,"24856",resifdoferris@planalfa.es,"964600290",2000-02-16 00:00:00,"732959","4427226"
"POINT (711242 4438278)","74","352",HOGARES Y CLUBS PARA PERSONAS MAYORES,"CLUB DE CONVIVENCIA ""ALTO MIJARES""","0",AYUNTAMIENTO DE MONTANEJOS,"PZA.DE ESPAÑA, 1",Entidad Local,"12079",Castelló/Castellón,El Alto Mijares,Montanejos,PERSONAS MAYORES,PERSONAS MAYORES,"539",zero@gva.es,"964131032",1992-12-14 00:00:00,"711242","4438278"
"POINT (751995 4429508)","75","357",HOGARES Y CLUBS PARA PERSONAS MAYORES,"CLUB CONVIVENCIA PARA LA T.E. ""CARDONA VIVES""","0",AJUNTAMENT DE CASTELLO DE LA PLANA,"ONDA, 11",Entidad Local,"12040",Castelló/Castellón,la Plana Alta,Castelló de la Plana,PERSONAS MAYORES,PERSONAS MAYORES,"170990",zero@gva.es,"964251947",1992-01-21 00:00:00,"751995","4429508"
"POINT (751985 4430744)","76","366",HOGARES Y CLUBS PARA PERSONAS MAYORES,"CLUB DE CONVIVENCIA 3a EDAD ""EL CREMOR""","0",AJUNTAMENT DE CASTELLO DE LA PLANA,"PASEO MORELLA, 34",Entidad Local,"12040",Castelló/Castellón,la Plana Alta,Castelló de la Plana,PERSONAS MAYORES,PERSONAS MAYORES,"170990",zero@gva.es,"964241136",1989-06-19 00:00:00,"751985","4430744"
"POINT (700065 4201889)","77","413",CLUBS DE CONVIVENCIA PARA MAYORES,CLUB DE CONVIVENCIA MUNICIPAL,"0",AJUNTAMENT DE FONTANARS DELS ALFORINS,"CONDE SALVATIERRA, 29",Entidad Local,"46124",València/Valencia,la Vall d'Albaida,Fontanars dels Alforins,PERSONAS MAYORES,PERSONAS MAYORES,"973",registresocial@lafontdelafiguera.net,"962222154",,"700065","4201889"
"POINT (709334 4306033)","78","418",HOGARES Y CLUBS PARA PERSONAS MAYORES,LLAR DEL JUBILATS,"0",AJUNTAMENT D'AIELO DE MALFERIT,SANTÍSIMO CRISTO Nº 2,Entidad Local,"46042",València/Valencia,la Vall d'Albaida,Aielo de Malferit,PERSONAS MAYORES,PERSONAS MAYORES,"4724",AIELO.SERVEISSOCIALS1@CV.GVA.ES,"672041660",1993-09-21 00:00:00,"709334","4306033"
"POINT (723737 4309496)","79","422",HOGARES Y CLUBS PARA PERSONAS MAYORES,CENTRO DE TERCERA EDAD LA POBLA DEL DUC,"0",AJUNTAMENT DE LA POBLA DEL DUC,"PZA. DE LA VILA, 1",Entidad Local,"46200",València/Valencia,la Vall d'Albaida,la Pobla del Duc,PERSONAS MAYORES,PERSONAS MAYORES,"2564",zero@gva.es,"0",1994-09-22 00:00:00,"723737","4309496"
"POINT (727917 4378597)","80","439",HOGARES Y CLUBS PARA PERSONAS MAYORES,CLUB DE CONVIVENCIA DE LA TERCERA EDAD MELIANA,"0",AJUNTAMENT DE MELIANA,"C/ SOL, 31. A",Entidad Local,"46166",València/Valencia,l'Horta Nord,Meliana,PERSONAS MAYORES,PERSONAS MAYORES,"10619",zero@gva.es,"961494035",1992-12-15 00:00:00,"727917","4378597"
"POINT (717349 4268452)","81","467",CENTRO OCUPACIONAL PARA PERSONAS CON DISCAPACIDAD O DIVERSIDAD FUNCIONAL,CENTRO OCUPACIONAL DE XIXONA,"32",AJUNTAMENT DE XIXONA,"PLAZA DEL CONVENTO, S/N",Entidad Local,"03083",Alacant/Alicante,l'Alacantí,Xixona/Jijona,PERSONAS CON DISCAPACIDAD,PERSONAS CON DISCAPACIDAD,"7057",C.OCUPACIONAL@XIXONA.ES,"965613206",,"717349","4268452"
"POINT (736536 4394973)","82","468",CENTRO OCUPACIONAL PARA PERSONAS CON DISCAPACIDAD O DIVERSIDAD FUNCIONAL,CENTRO OCUPACIONAL SOCOLTIE,"45",SOCOLTIE COOPERATIVA VALENCIANA,"C/ POETA QUEROL, S/N BARRIO BALADRE",Entidad Privada,"46220",València/Valencia,el Camp de Morvedre,Sagunt/Sagunto,PERSONAS CON DISCAPACIDAD,PERSONAS CON DISCAPACIDAD,"64439",COOP@SOCOLTIE.JAZZTEL.ES,"962678354",,"736536","4394973"
"POINT (719966 4375385)","83","469",CENTRO OCUPACIONAL PARA PERSONAS CON DISCAPACIDAD O DIVERSIDAD FUNCIONAL,CENTRO OCUPACIONAL FRANCISCO ESTEVE,"72","PATRONATO INTERMUNICIPAL ""FRANCISCO ESTEVE""","C/ VICENTE CARDONA, S/N, CONTINUACION",Entidad Privada,"46190",València/Valencia,l'Horta Nord,Paterna,PERSONAS CON DISCAPACIDAD,PERSONAS CON DISCAPACIDAD,"67854",OCUPACIONAL@PATRONATOFRANCISCOESTEVE.ORG,"961388801",,"719966","4375385"
"POINT (732897 4396663)","84","478",CENTRO OCUPACIONAL PARA PERSONAS CON DISCAPACIDAD O DIVERSIDAD FUNCIONAL,CENTRO OCUPACIONAL SAN CRISTOBAL,"56","ASOCIACION COMARCAL PROTECTORA DE DISMINUIDOS PSIQUICOS ""VIRGEN DE LOS DESAMPARADOS"" DE SAGUNTO","CERRO SAN CRISTOBAL, S/N",Entidad Privada,"46220",València/Valencia,el Camp de Morvedre,Sagunt/Sagunto,PERSONAS CON DISCAPACIDAD,PERSONAS CON DISCAPACIDAD,"64439",centroocupacionalsancristobal@gmail.com,"962662706",,"732897","4396663"
"POINT (708111 4380474)","85","481",CENTRO OCUPACIONAL PARA PERSONAS CON DISCAPACIDAD O DIVERSIDAD FUNCIONAL,TALLER OCUPACIONAL CAMP DE TURIA,"40",MANCOMUNIDAD CAMP DE TURIA,"AUSIAS MARCH, S/N",Entidad Local,"46214",València/Valencia,el Camp de Túria,Riba-roja de Túria,PERSONAS CON DISCAPACIDAD,PERSONAS CON DISCAPACIDAD,"21521",COCAMPDETURIA@YAHOO.ES,"962772253",1997-05-27 00:00:00,"708111","4380474"
"POINT (700154 4316913)","86","492",CENTRO OCUPACIONAL PARA PERSONAS CON DISCAPACIDAD O DIVERSIDAD FUNCIONAL,CENTRO OCUPACIONAL MIGUEL SOLER,"80",ADISPEC.ASOC.DISC.PSIQ.ENGUERA Y COMARCA,"PORTAL DE ALMANSA, S/N",Entidad Privada,"46118",València/Valencia,La Canal de Navarrés,Enguera,PERSONAS CON DISCAPACIDAD,PERSONAS CON DISCAPACIDAD,"5027",ADISPEC@YAHOO.ES,"962224046",,"700154","4316913"
"POINT (718694 4368240)","87","493",CENTRO OCUPACIONAL PARA PERSONAS CON DISCAPACIDAD O DIVERSIDAD FUNCIONAL,CENTRO OCUPACIONAL HABILITARE,"80",ABD ASOCIACIÓN BIENESTAR Y DESARROLLO,"ESPARTERO, S/N",Entidad Privada,"46244",València/Valencia,l'Horta Sud,Torrent,PERSONAS CON DISCAPACIDAD,PERSONAS CON DISCAPACIDAD,"80762",RLOPEZ@HABILITARE.ES,"961553408",,"718694","4368240"
"POINT (727751 4371838)","88","495",VIVIENDA SUPERVISADA PARA PERSONAS CON DISCAPACIDAD INTELECTUAL,HOGAR VULL,"6","ASOCIACION PARA LA INTEGRACION DEL MINUSVALIDO ""VULL""","AVDA. DEL PUERTO, 79, PTAS. 55 Y 56",Entidad Privada,"46250",València/Valencia,València,València,PERSONAS CON DISCAPACIDAD,PERSONAS CON DISCAPACIDAD,"790201",HOGARVULL@HOTMAIL.COM,"963614492",,"727751","4371838"
"POINT (723350 4252225)","89","501",RESIDENCIA DE PERSONAS CON DISCAPACIDAD O DIVERSIDAD FUNCIONAL,RESIDENCIA SAN RAFAEL,"60","SAN RAFAEL, FUNDACIÓN ESTIMA DE LA COMUNITAT VALENCIANA","C/ BARRANQUET, 25",Entidad Privada,"03014",Alacant/Alicante,l'Alacantí,Alacant/Alicante,PERSONAS CON DISCAPACIDAD,PERSONAS CON DISCAPACIDAD,"330525",residenciasanrafael@hotmail.com,"962224032",1996-10-28 00:00:00,"723350","4252225"
"POINT (722754 4338094)","90","506",CENTRO OCUPACIONAL PARA PERSONAS CON DISCAPACIDAD O DIVERSIDAD FUNCIONAL,CENTRO OCUPACIONAL LA RIBERA,"60",ADISPAC - ASOCIACIÓN DE FAMILIAS DE PERSONAS CON DISCAPACIDAD INTELECTUAL DE ALZIRA Y COMARCA,CAMI HORT DE PELLICER    Nº  12,Entidad Privada,"46017",València/Valencia,la Ribera Alta,Alzira,PERSONAS CON DISCAPACIDAD,PERSONAS CON DISCAPACIDAD,"44488",ADISPAC.RIBERA@GMAIL.COM,"962405048",,"722754","4338094"
"POINT (723082 4371815)","91","507",RESIDENCIA DE PERSONAS CON DISCAPACIDAD O DIVERSIDAD FUNCIONAL,RESIDENCIA FRATER,"12",FRATERNIDAD CRISTIANA DE ENFERMOS Y MINUSVALIDOS DE VALENCIA,"AVENIDA TRES CRUCES, 8",Entidad Privada,"46250",València/Valencia,València,València,PERSONAS CON DISCAPACIDAD,PERSONAS CON DISCAPACIDAD,"790201",resi.fratervlc@gmail.com,"963595586",,"723082","4371815"
"POINT (721147 4342031)","92","508",CENTRO OCUPACIONAL PARA PERSONAS CON DISCAPACIDAD O DIVERSIDAD FUNCIONAL,CENTRO OCUPACIONAL LA SALUT,"56",LA SALUT COOPERATIVA VALENCIANA,"CAMI BENIFAIO, S/N",Entidad Privada,"46029",València/Valencia,la Ribera Alta,Algemesí,PERSONAS CON DISCAPACIDAD,PERSONAS CON DISCAPACIDAD,"27607",LASALUT.CO@OUTLOOK.COM,"628135450",,"721147","4342031"
"POINT (721756 4341629)","93","509",RESIDENCIA DE PERSONAS CON DISCAPACIDAD O DIVERSIDAD FUNCIONAL,RESIDENCIA SOLIDARITAT,"30",LA SALUT COOPERATIVA VALENCIANA,"AVENIDA GENERALITAT, 25",Entidad Privada,"46029",València/Valencia,la Ribera Alta,Algemesí,PERSONAS CON DISCAPACIDAD,PERSONAS CON DISCAPACIDAD,"27607",lasalut.co@outlook.com,"616998244",,"721756","4341629"
"POINT (692230 4234296)","94","512",CENTRO OCUPACIONAL PARA PERSONAS CON DISCAPACIDAD O DIVERSIDAD FUNCIONAL,CENTRO OCUPACIONAL VIRGEN DE LOS DESAMPARADOS,"55",ASOCIACION DISCAPACITADOS PSÍQUICOS DE CREVILLENTE,"PARIDA CAÑADA JUANA, 3 - A",Entidad Privada,"03059",Alacant/Alicante,el Baix Vinalopó,Crevillent,PERSONAS CON DISCAPACIDAD,PERSONAS CON DISCAPACIDAD,"28691",COADIS@YAHOO.ES,"966681090",1993-08-06 00:00:00,"692230","4234296"
"POINT (752245 4272170)","95","513",CENTRO OCUPACIONAL PARA PERSONAS CON DISCAPACIDAD O DIVERSIDAD FUNCIONAL,CENTRO OCUPACIONAL DOBLE AMOR,"58",ASOCIACION DOBLE AMOR (PARA LA PROMOCION DE LAS PERSONAS CON DISCAPACIDAD INTELECTUAL),"CAMINO DOBLE AMOR, Nº 6 PTDA DE LA LLOMA",Entidad Privada,"03031",Alacant/Alicante,la Marina Baixa,Benidorm,PERSONAS CON DISCAPACIDAD,PERSONAS CON DISCAPACIDAD,"66642",DOBLEAMOR@TELEFONICA.NET,"965866309",,"752245","4272170"
"POINT (733824 4427000)","96","515",CENTRO OCUPACIONAL PARA PERSONAS CON DISCAPACIDAD O DIVERSIDAD FUNCIONAL,CENTRO OCUPACIONAL EL MOLI,"44",ASOCIACION DE PADRES DE MINUSVALIDOS PSIQUICOS VIRGEN DE LA ESPERANZA,"HISTORIADOR BERNARDO MUNDINA, 26",Entidad Privada,"12084",Castelló/Castellón,la Plana Baixa,Onda,PERSONAS CON DISCAPACIDAD,PERSONAS CON DISCAPACIDAD,"24856",COELMOLIONDA@HOTMAIL.COM,"964602816",1996-07-03 00:00:00,"733824","4427000"
"POINT (750952 4445644)","97","516",CENTRO OCUPACIONAL PARA PERSONAS CON DISCAPACIDAD O DIVERSIDAD FUNCIONAL,"CENTRO OCUPACIONAL ""EL RINCONET""","32",ASOCIACION GRANJA-HOGAR EL RINCONET,"PARTIDA CASCALLS, S/N",Entidad Privada,"12128",Castelló/Castellón,la Plana Alta,Vilafamés,PERSONAS CON DISCAPACIDAD,PERSONAS CON DISCAPACIDAD,"1851",EL_RINCONET@YAHOO.ES,"964329079",1997-04-25 00:00:00,"750952","4445644"
"POINT (700464 4316973)","98","518",RESIDENCIA DE PERSONAS CON DISCAPACIDAD O DIVERSIDAD FUNCIONAL,"RESIDENCIA ""CASA LA MOTA""","36",ADISPEC.ASOC.DISC.PSIQ.ENGUERA Y COMARCA,"PARAJE LA MOTA, S/N",Entidad Privada,"46118",València/Valencia,La Canal de Navarrés,Enguera,PERSONAS CON DISCAPACIDAD,PERSONAS CON DISCAPACIDAD,"5027",adispec@yahoo.es,"962224391",,"700464","4316973"
"POINT (724387 4372192)","99","522",CENTRO OCUPACIONAL PARA PERSONAS CON DISCAPACIDAD O DIVERSIDAD FUNCIONAL,CENTRO OCUPACIONAL TOMAS DE OSMA I,"47","ALCER-TURIA, ASOCIACION PARA LA LUCHA CONTRA LAS ENFERMEDADES DEL RIÑON","CALIXTO III, 51y 53",Entidad Privada,"46250",València/Valencia,València,València,PERSONAS CON DISCAPACIDAD,PERSONAS CON DISCAPACIDAD,"790201",CENTROCUPACIONAL@ALCERTURIA.ORG,"963857730",,"724387","4372192"
"POINT (703190 4237586)","100","524",CENTROS SOCIALES,"CENTRO SOCIAL ""SAN ANTON"" (EN PROCESO DE REGULARIZACION)","0",AJUNTAMENT D'ELX,"OBISPO CUBERO, S/N",Entidad Local,"03065",Alacant/Alicante,el Baix Vinalopó,Elx/Elche,POBLACIÓN EN GENERAL Y COLECTIVOS SOCIALMENTE DESFAVORECIDOS,POBLACIÓN EN GENERAL Y COLECTIVOS SOCIALMENTE DESFAVORECIDOS,"227659",zero@gva.es,"965426900",1994-11-30 00:00:00,"703190","4237586"
"POINT (724653 4370325)","101","526",CENTROS SOCIALES,CENTRO SOCIAL SENABRE,"0",COLECTIVO DE TIEMPO LIBRE Y ACCION SOCIAL (COTLAS) DE VALENCIA,"LLANERA DE RANES, 30-BAJO",Entidad Privada,"46250",València/Valencia,València,València,POBLACIÓN EN GENERAL Y COLECTIVOS SOCIALMENTE DESFAVORECIDOS,POBLACIÓN EN GENERAL Y COLECTIVOS SOCIALMENTE DESFAVORECIDOS,"790201",COTIAS@ARRAKIS.ES,"963570859",1992-11-04 00:00:00,"724653","4370325"
"POINT (725678 4255039)","102","527",CENTRO DE DÍA PARA PERSONAS CON DISCAPACIDAD O DIVERSIDAD FUNCIONAL,CENTRO DE DIA INFANTA ELENA,"45",APCA-ASOCIACION DE PARALITICOS CEREBRALES DE ALICANTE,"FONT DE LA FAVARA, 8",Entidad Privada,"03119",Alacant/Alicante,l'Alacantí,Sant Joan d'Alacant,PERSONAS CON DISCAPACIDAD,PERSONAS CON DISCAPACIDAD,"22897",APCA@APCALICANTE.COM,"965658161",1995-06-13 00:00:00,"725678","4255039"
"POINT (689002 4276528)","103","528",RESIDENCIA DE PERSONAS CON DISCAPACIDAD O DIVERSIDAD FUNCIONAL,RESIDENCIA APADIS,"30",ASOC. PARA LA ATENCION DE LAS PERSONAS CON DISCAPACIDAD INTELECTUAL DE VILLENA Y COMARCA - APADIS,"PARAJE LAS TIESAS, 301",Entidad Privada,"03140",Alacant/Alicante,l’Alt Vinalopó/El Alto Vinalopó,Villena,PERSONAS CON DISCAPACIDAD,PERSONAS CON DISCAPACIDAD,"34163",direccion.residencia@apadis.com,"965800175",1996-01-04 00:00:00,"689002","4276528"
"POINT (689002 4276528)","104","529",CENTRO OCUPACIONAL PARA PERSONAS CON DISCAPACIDAD O DIVERSIDAD FUNCIONAL,CENTRO OCUPACIONAL APADIS,"80",ASOC. PARA LA ATENCION DE LAS PERSONAS CON DISCAPACIDAD INTELECTUAL DE VILLENA Y COMARCA - APADIS,"PARAJE LAS TIESAS, 301",Entidad Privada,"03140",Alacant/Alicante,l’Alt Vinalopó/El Alto Vinalopó,Villena,PERSONAS CON DISCAPACIDAD,PERSONAS CON DISCAPACIDAD,"34163",DIRECTOR.CENTRO.OCUPACIONAL@APADIS.COM,"965800175",1996-01-04 00:00:00,"689002","4276528"
"POINT (687883 4256416)","105","539",CENTRO OCUPACIONAL PARA PERSONAS CON DISCAPACIDAD O DIVERSIDAD FUNCIONAL,CENTRO OCUPACIONAL EL MOLINET,"80",MANCOMUNIDAD INTERMUNICIPAL DEL VALLE DEL VINALOPO,"GUSTAVO ADOLFO BECQUER, 3",Entidad Local,"03089",Alacant/Alicante,el Vinalopó Mitjà/El Vinalopó Medio,Monòver/Monóvar,PERSONAS CON DISCAPACIDAD,PERSONAS CON DISCAPACIDAD,"12272",MOLINET87@YAHOO.ES,"965472817",1995-10-13 00:00:00,"687883","4256416"
"POINT (704439 4207678)","106","542",CENTRO OCUPACIONAL PARA PERSONAS CON DISCAPACIDAD O DIVERSIDAD FUNCIONAL,CENTRO OCUPACIONAL ALPE,"50","ASOCIACION COMARCAL PARA LA REHABILITACION DEL DISCAPACITADO, ""ALPE""","AVDA. CORTES VALENCIANAS, Nº  73",Entidad Privada,"03133",Alacant/Alicante,el Baix Segura/La Vega Baja,Torrevieja,PERSONAS CON DISCAPACIDAD,PERSONAS CON DISCAPACIDAD,"84213",CENTROALPE@HOTMAIL.COM,"965714104",1994-04-26 00:00:00,"704439","4207678"
"POINT (729972 4378507)","107","550",CENTRO DE DÍA PARA PERSONAS CON DISCAPACIDAD O DIVERSIDAD FUNCIONAL,CENTRO DE DIA LES ESCOLES,"21","AVAPACE, ASOCIACION VALENCIANA DE AYUDA A LA PARALISIS CEREBRAL",LES ESCOLES  S/N,Entidad Privada,"46166",València/Valencia,l'Horta Nord,Meliana,PERSONAS CON DISCAPACIDAD,PERSONAS CON DISCAPACIDAD,"10619",ADMINISTRACION@AVAPACE.ORG,"963786799",2000-11-06 00:00:00,"729972","4378507"
"POINT (722911 4364976)","108","563",CENTRO OCUPACIONAL PARA PERSONAS CON DISCAPACIDAD O DIVERSIDAD FUNCIONAL,CENTRO OCUPACIONAL 9 DE OCTUBRE,"75",PATRONATO REINA SOFIA,"CAMI DEL MESTRE, S/N",Entidad Privada,"46094",València/Valencia,l'Horta Sud,Catarroja,PERSONAS CON DISCAPACIDAD,PERSONAS CON DISCAPACIDAD,"27728",OCTUBRE995@HOTMAIL.COM,"961274589",,"722911","4364976"
"POINT (707231 4300029)","109","570",CENTRO OCUPACIONAL PARA PERSONAS CON DISCAPACIDAD O DIVERSIDAD FUNCIONAL,CENTRO OCUPACIONAL D' ONTINYENT JOSE ANTONIO BODOQUE,"80",AJUNTAMENT D'ONTINYENT,"C/ JUAN XXIII, 10",Entidad Local,"46184",València/Valencia,la Vall d'Albaida,Ontinyent,PERSONAS CON DISCAPACIDAD,PERSONAS CON DISCAPACIDAD,"35534",centreocupacional@ontinyent.es,"962910284",1998-07-06 00:00:00,"707231","4300029"
"POINT (722519 4427037)","110","574",HOGARES Y CLUBS PARA PERSONAS MAYORES,CLUB DE CONVIVENCIA DE TERCERA EDAD STO.DOMINGO,"0",AYUNTAMIENTO DE VILLAMALUR,"PZA.DEL CONCEJO, 2",Entidad Local,"12131",Castelló/Castellón,El Alto Mijares,Villamalur,PERSONAS MAYORES,PERSONAS MAYORES,"68",zero@gva.es,"964618061",1994-05-23 00:00:00,"722519","4427037"
"POINT (721914 4436400)","111","581",HOGARES Y CLUBS PARA PERSONAS MAYORES,CLUB DE CONVIVENCIA DE LA DE TERCERA EDAD  EDAD TORRECHIVA,"0",AYUNTAMIENTO DE TORRECHIVA,"SAN ANTONIO, 14",Entidad Local,"12118",Castelló/Castellón,El Alto Mijares,Torrechiva,PERSONAS MAYORES,PERSONAS MAYORES,"75",zero@gva.es,"964612218",1994-05-23 00:00:00,"721914","4436400"
"POINT (762208 4301844)","112","590",RESIDENCIAS PARA PERSONAS MAYORES DEPENDIENTES,RESIDENCIA P.M.D. NTRA. SEÑORA DE LA SOLEDAD,"25",FUNDACIÓ DE LA COMUNITAT VALENCIANA RESIDENCIA NOSTRA SENYORA DE LA SOLEDAT D'ONDARA,"PCA. DE LES ESCOLES, S/N",Entidad Privada,"03095",Alacant/Alicante,la Marina Alta,Ondara,PERSONAS MAYORES,PERSONAS MAYORES,"6647",resiondara@gmail.com,"965767002",1994-04-26 00:00:00,"762208","4301844"
"POINT (753438 4461933)","113","598",HOGARES Y CLUBS PARA PERSONAS MAYORES,"CLUB DE CONVIVENCIA ""LA SERRATINA""","0",AJUNTAMENT DE SIERRA ENGARCERAN,"PZA. AYUNTAMIENTO, 1",Entidad Local,"12105",Castelló/Castellón,la Plana Alta,Sierra Engarcerán,PERSONAS MAYORES,PERSONAS MAYORES,"1019",zero@gva.es,"0",1996-05-24 00:00:00,"753438","4461933"
"POINT (724255 4374567)","114","602",CENTROS SOCIALES,CENTRO MPAL.SERVICIOS SOCIALES MALVARROSA,"0",AJUNTAMENT DE VALENCIA,"CL. MAESTRA MARIA CARBONELL, 1",Entidad Local,"46250",València/Valencia,València,València,POBLACIÓN EN GENERAL Y COLECTIVOS SOCIALMENTE DESFAVORECIDOS,POBLACIÓN EN GENERAL Y COLECTIVOS SOCIALMENTE DESFAVORECIDOS,"790201",CMSSMALVARROSA@VALENCIA.ES,"962082570",2003-12-10 00:00:00,"724255","4374567"
"POINT (723028 4371728)","115","603",CENTROS SOCIALES,CENTRO MPAL. SERV.SOCIALES FUENSANTA (EN PROCESO DE REGULARIZACION),"0",AJUNTAMENT DE VALENCIA,"VIRGEN DE LA FUENSANTA, S/N",Entidad Local,"46250",València/Valencia,València,València,POBLACIÓN EN GENERAL Y COLECTIVOS SOCIALMENTE DESFAVORECIDOS,POBLACIÓN EN GENERAL Y COLECTIVOS SOCIALMENTE DESFAVORECIDOS,"790201",zero@gva.es,"963503512",2003-12-09 00:00:00,"723028","4371728"
"POINT (726921 4370650)","116","604",CENTROS SOCIALES,CENTRO MPAL. SERVICIOS SOCIALES QUATRE CARRERES,"0",AJUNTAMENT DE VALENCIA,"ARABISTA AMBROSIO HUICI, S/N",Entidad Local,"46250",València/Valencia,València,València,POBLACIÓN EN GENERAL Y COLECTIVOS SOCIALMENTE DESFAVORECIDOS,POBLACIÓN EN GENERAL Y COLECTIVOS SOCIALMENTE DESFAVORECIDOS,"790201",CMSSQUATRECARRERES@VALENCIA.ES,"963331073",2003-12-10 00:00:00,"726921","4370650"
"POINT (723812 4373396)","117","606",CENTROS SOCIALES,CENTRO MPAL.SERVICIOS SOCIALES CAMPANAR,"0",AJUNTAMENT DE VALENCIA,"GRABADOR ENGUIDANOS, S/N",Entidad Local,"46250",València/Valencia,València,València,POBLACIÓN EN GENERAL Y COLECTIVOS SOCIALMENTE DESFAVORECIDOS,POBLACIÓN EN GENERAL Y COLECTIVOS SOCIALMENTE DESFAVORECIDOS,"790201",CMSSCAMPANAR@VALENCIA.ES,"962082775",,"723812","4373396"
"POINT (787954 4474002)","118","617",CENTROS SOCIALES,CENTRO SOCIAL DE PEÑISCOLA,"0",AJUNTAMENT DE PEÑISCOLA,"PZA. ZARAGOZA, S/N",Entidad Local,"12089",Castelló/Castellón,el Baix Maestrat,Peníscola/Peñíscola,POBLACIÓN EN GENERAL Y COLECTIVOS SOCIALMENTE DESFAVORECIDOS,POBLACIÓN EN GENERAL Y COLECTIVOS SOCIALMENTE DESFAVORECIDOS,"7421",zero@gva.es,"0",1994-05-23 00:00:00,"787954","4474002"
"POINT (723569 4364698)","119","622",RESIDENCIAS PARA PERSONAS MAYORES DEPENDIENTES,RESIDENCIA P.M.D. FCO. RAMON PASTOR CATARROJA,"33",AJUNTAMENT DE CATARROJA,"CAMI REAL, 26",Entidad Local,"46094",València/Valencia,l'Horta Sud,Catarroja,PERSONAS MAYORES,PERSONAS MAYORES,"27728",franciscoramonpastor@gmx.com,"961265401",1994-04-22 00:00:00,"723569","4364698"
"POINT (688606 4256372)","120","642",HOGARES Y CLUBS PARA PERSONAS MAYORES,HOGAR DEL PENSIONISTA,"0",AJUNTAMENT DE MONOVER,"LUIS MARTI, 11-13",Entidad Local,"03089",Alacant/Alicante,el Vinalopó Mitjà/El Vinalopó Medio,Monòver/Monóvar,PERSONAS MAYORES,PERSONAS MAYORES,"12272",SERVICIOSOCIALES@MONOVAR.ES,"966960452",,"688606","4256372"
"POINT (755263 4296493)","121","673",HOGARES Y CLUBS PARA PERSONAS MAYORES,CLUB DEL PENSIONISTA DE ORBA,"0",ASOC.DE JUBILADOS Y PENSIONISTAS UDP DE ORBA,"CANONIGO SENDRA PASTOR, 45",Entidad Privada,"03097",Alacant/Alicante,la Marina Alta,Orba,PERSONAS MAYORES,PERSONAS MAYORES,"2085",MASSMA@MASSMA.ORG,"965583001",1993-08-06 00:00:00,"755263","4296493"
"POINT (774584 4493924)","122","677",HOGARES Y CLUBS PARA PERSONAS MAYORES,"CLUB DE CONVIVENCIA DE LA TERCERA EDAD ""SAN MIGUEL ARCANGEL""","0",ASOCIACIÓN DE JUBILADOS Y PENSIONISTAS SAN MIGUEL ARCANGEL DE CANET LO ROIG,"PZA.ESPAÑA, 1",Entidad Privada,"12036",Castelló/Castellón,el Baix Maestrat,Canet lo Roig,PERSONAS MAYORES,PERSONAS MAYORES,"724",zero@gva.es,"964494265",1997-05-15 00:00:00,"774584","4493924"
"POINT (716696 4242723)","123","679",CENTRO OCUPACIONAL PARA PERSONAS CON DISCAPACIDAD O DIVERSIDAD FUNCIONAL,CENTRO OCUPACIONAL TERRAMAR,"112",APSA. ASOCIACION PRO-DEFICIENTES PSIQUICOS DE ALICANTE,"PARTIDA AGUA AMARGA, S/N",Entidad Privada,"03014",Alacant/Alicante,l'Alacantí,Alacant/Alicante,PERSONAS CON DISCAPACIDAD,PERSONAS CON DISCAPACIDAD,"330525",TERRAMAR@ASOCIACIONAPSA.COM,"965101110",1996-05-16 00:00:00,"716696","4242723"
"POINT (753750 4430874)","124","681",HOGARES Y CLUBS PARA PERSONAS MAYORES,HOGAR DE JUBILADOS VIRGEN DEL PILAR,"0",AJUNTAMENT DE CASTELLO DE LA PLANA,"MONCOFAR, 24",Entidad Local,"12040",Castelló/Castellón,la Plana Alta,Castelló de la Plana,PERSONAS MAYORES,PERSONAS MAYORES,"170990",zero@gva.es,"964235978",1991-09-23 00:00:00,"753750","4430874"
"POINT (750505 4278263)","125","691",HOGARES Y CLUBS PARA PERSONAS MAYORES,CLUB DE TERCERA EDAD,"0",AJUNTAMENT DE LA NUCIA,"PZA. MAYOR, 1",Entidad Local,"03094",Alacant/Alicante,la Marina Baixa,la Nucia,PERSONAS MAYORES,PERSONAS MAYORES,"19967",RGRAU@LANUCIA.ES,"965870700",1992-03-02 00:00:00,"750505","4278263"
"POINT (689644 4216700)","126","693",CENTROS SOCIALES,CENTRO SOCIAL POLIVALENTE,"0",MANCOMUNIDAD BAJO SEGURA,"PZA. ESPAÑA, S/N",Entidad Local,"03024",Alacant/Alicante,el Baix Segura/La Vega Baja,Benejúzar,POBLACIÓN EN GENERAL Y COLECTIVOS SOCIALMENTE DESFAVORECIDOS,POBLACIÓN EN GENERAL Y COLECTIVOS SOCIALMENTE DESFAVORECIDOS,"5364",zero@gva.es,"965356062",,"689644","4216700"
"POINT (723789 4253482)","127","695",RESIDENCIAS PARA PERSONAS MAYORES DEPENDIENTES,RESIDENCIA P.M.D. MADRE ELISEA,"57",RESIDENCIA MADRE ELISA EN SAN JUAN HNAS DE LA VIRGEN  MARIA DEL MONTE CARMELO PROV. DEP CURIA GRAL,"MADRE ELISEA OLIVER, 4",Entidad Privada,"03119",Alacant/Alicante,l'Alacantí,Sant Joan d'Alacant,PERSONAS MAYORES,PERSONAS MAYORES,"22897",info@residenciamadreelisea.org,"965653550",1991-12-19 00:00:00,"723789","4253482"
"POINT (724654 4276379)","128","698",HOGARES Y CLUBS PARA PERSONAS MAYORES,CLUB DE CONVIVENCIA DE LA 3A EDAD TORRE DE LES MAÇANES,"0",AJUNTAMENT DE LA TORRE DE LES MAÇANES,"AVDA.DE ESPAÑA, 3 BAJO",Entidad Local,"03132",Alacant/Alicante,l'Alacantí,la Torre de les Maçanes/Torremanzanas,PERSONAS MAYORES,PERSONAS MAYORES,"727",TORREMANZANA@TORREMANZA.E,"965619386",1994-06-06 00:00:00,"724654","4276379"
"POINT (691878 4261441)","129","703",CENTROS SOCIALES,CENTRO SOCIAL CALIU,"0",INSTITUTO MUNICIPAL DE SERVICIOS SOCIALES DE ELDA,"PASEO DE LAS ARENAS, 37",Entidad Local,"03066",Alacant/Alicante,el Vinalopó Mitjà/El Vinalopó Medio,Elda,POBLACIÓN EN GENERAL Y COLECTIVOS SOCIALMENTE DESFAVORECIDOS,POBLACIÓN EN GENERAL Y COLECTIVOS SOCIALMENTE DESFAVORECIDOS,"52745",zero@gva.es,"965393505",1996-01-30 00:00:00,"691878","4261441"
"POINT (683414 4220512)","130","704",CENTROS SOCIALES,CENTRO SOCIAL DE REDOVAN,"0",AYUNTAMIENTO DE REDOVAN,"JUAN XXIII, 3",Entidad Local,"03111",Alacant/Alicante,el Baix Segura/La Vega Baja,Redován,POBLACIÓN EN GENERAL Y COLECTIVOS SOCIALMENTE DESFAVORECIDOS,POBLACIÓN EN GENERAL Y COLECTIVOS SOCIALMENTE DESFAVORECIDOS,"7765",zero@gva.es,"965364423",,"683414","4220512"
"POINT (729882 4264641)","131","709",HOGARES Y CLUBS PARA PERSONAS MAYORES,CLUB MUNICIPAL TERCERA EDAD,"0",AJUNTAMENT D'AIGÜES,"MAYOR, 5",Entidad Local,"03004",Alacant/Alicante,l'Alacantí,Aigües,PERSONAS MAYORES,PERSONAS MAYORES,"921",REGISTRO@AIGÜES.ES,"965690061",1994-09-02 00:00:00,"729882","4264641"
"POINT (702362 4238410)","132","717",CENTROS SOCIALES,"CENTRO SOCIAL ""ALTABIX"" (EN PROCESO DE REGULARIZACION)","0",AJUNTAMENT D'ELX,"BLAS SELVA MENDIOLA, 11",Entidad Local,"03065",Alacant/Alicante,el Baix Vinalopó,Elx/Elche,POBLACIÓN EN GENERAL Y COLECTIVOS SOCIALMENTE DESFAVORECIDOS,POBLACIÓN EN GENERAL Y COLECTIVOS SOCIALMENTE DESFAVORECIDOS,"227659",zero@gva.es,"965420756",1994-11-30 00:00:00,"702362","4238410"
"POINT (684369 4214968)","133","719",CENTROS SOCIALES,CENTRO SOCIAL DE BIGASTRO,"0",AYUNTAMIENTO DE BIGASTRO,"JUBILADOS, S/N",Entidad Local,"03044",Alacant/Alicante,el Baix Segura/La Vega Baja,Bigastro,POBLACIÓN EN GENERAL Y COLECTIVOS SOCIALMENTE DESFAVORECIDOS,POBLACIÓN EN GENERAL Y COLECTIVOS SOCIALMENTE DESFAVORECIDOS,"6724",zero@gva.es,"965350733",,"684369","4214968"
"POINT (692497 4261433)","134","720",CENTROS SOCIALES,CENTRO SOCIAL NUEVA FRATERNIDAD,"0",INSTITUTO MUNICIPAL DE SERVICIOS SOCIALES DE ELDA,"PZA. NUEVA FRATERNIDAD, S/N",Entidad Local,"03066",Alacant/Alicante,el Vinalopó Mitjà/El Vinalopó Medio,Elda,POBLACIÓN EN GENERAL Y COLECTIVOS SOCIALMENTE DESFAVORECIDOS,POBLACIÓN EN GENERAL Y COLECTIVOS SOCIALMENTE DESFAVORECIDOS,"52745",zero@gva.es,"965394216",1996-04-19 00:00:00,"692497","4261433"
"POINT (691997 4261896)","135","721",CENTROS SOCIALES,CENTRO SOCIAL ESTACION 4 ZONAS,"0",INSTITUTO MUNICIPAL DE SERVICIOS SOCIALES DE ELDA,"RIO SALADO, 1",Entidad Local,"03066",Alacant/Alicante,el Vinalopó Mitjà/El Vinalopó Medio,Elda,POBLACIÓN EN GENERAL Y COLECTIVOS SOCIALMENTE DESFAVORECIDOS,POBLACIÓN EN GENERAL Y COLECTIVOS SOCIALMENTE DESFAVORECIDOS,"52745",zero@gva.es,"965394763",1996-01-30 00:00:00,"691997","4261896"
"POINT (726039 4421766)","136","725",HOGARES Y CLUBS PARA PERSONAS MAYORES,"CLUB DE CONVIVENCIA ""SAN MIGUEL""","0",AYUNTAMIENTO DE ALCUDIA DE VEO,"SANTA BARBARA, S/N",Entidad Local,"12006",Castelló/Castellón,la Plana Baixa,Alcudia de Veo,PERSONAS MAYORES,PERSONAS MAYORES,"201",zero@gva.es,"964629056",1994-12-28 00:00:00,"726039","4421766"
"POINT (700105 4238240)","137","728",CENTROS SOCIALES,CENTRO SOCIAL SALVADOR ALLENDE (EN PROCESO DE REGULARIZACION),"0",AJUNTAMENT D'ELX,"PLAZA SALVADOR ALLENDE, S/N",Entidad Local,"03065",Alacant/Alicante,el Baix Vinalopó,Elx/Elche,POBLACIÓN EN GENERAL Y COLECTIVOS SOCIALMENTE DESFAVORECIDOS,POBLACIÓN EN GENERAL Y COLECTIVOS SOCIALMENTE DESFAVORECIDOS,"227659",zero@gva.es,"966672950",,"700105","4238240"
"POINT (700068 4238310)","138","729",CENTROS SOCIALES,CENTRO SOCIAL POLIVALENTE CARRUS,"0",AJUNTAMENT D'ELX,"ANTONIO BROTONS PASTOR, 66",Entidad Local,"03065",Alacant/Alicante,el Baix Vinalopó,Elx/Elche,POBLACIÓN EN GENERAL Y COLECTIVOS SOCIALMENTE DESFAVORECIDOS,POBLACIÓN EN GENERAL Y COLECTIVOS SOCIALMENTE DESFAVORECIDOS,"227659",zero@gva.es,"965460511",1995-10-13 00:00:00,"700068","4238310"
"POINT (715459 4326634)","139","742",HOGARES Y CLUBS PARA PERSONAS MAYORES,CLUB DE CONVIVENCIA DE SENYERA,"0",AJUNTAMENT DE SENYERA,"C/ BLASCO IBAÑEZ, 32",Entidad Local,"46227",València/Valencia,la Ribera Alta,Senyera,PERSONAS MAYORES,PERSONAS MAYORES,"1172",zero@gva.es,"962452647",1994-09-22 00:00:00,"715459","4326634"
"POINT (706053 4389208)","140","767",HOGARES Y CLUBS PARA PERSONAS MAYORES,LLAR MUNICIPAL DEL JUBILAT I PENSIONISTA,"0",AJUNTAMENT DE LLIRIA,"SAN FRANCESC, 47",Entidad Local,"46147",València/Valencia,el Camp de Túria,Llíria,PERSONAS MAYORES,PERSONAS MAYORES,"22796",FINA.NAVARRO@LLIRIA.ES,"962780166",1992-12-15 00:00:00,"706053","4389208"
"POINT (772509 4501422)","141","774",HOGARES Y CLUBS PARA PERSONAS MAYORES,CLUB DE CONVIVENCIA DE 3A EDAD ROSSELL,"0",AJUNTAMENT DE ROSELL,C/ MAESTRA SAIZ 31,Entidad Local,"12096",Castelló/Castellón,el Baix Maestrat,Rossell,PERSONAS MAYORES,PERSONAS MAYORES,"1002",zero@gva.es,"977571202",1997-06-12 00:00:00,"772509","4501422"
"POINT (717220 4415522)","142","775",HOGARES Y CLUBS PARA PERSONAS MAYORES,HOGAR DEL JUBILADO CASTELLNOVO,"0",ASOCIACION JUBILADOS Y PENSIONISTAS LA ARMONIA,"NAVARRO REVERTER, 2",Entidad Privada,"12039",Castelló/Castellón,El Alto Palancia,Castellnovo,PERSONAS MAYORES,PERSONAS MAYORES,"981",zero@gva.es,"964137305",1995-11-13 00:00:00,"717220","4415522"
"POINT (722298 4367422)","143","776",HOGARES Y CLUBS PARA PERSONAS MAYORES,CENTRO DE TERCERA EDAD PAIPORTA,"0",AJUNTAMENT DE PAIPORTA,"CONVENT, 10",Entidad Local,"46186",València/Valencia,l'Horta Sud,Paiporta,PERSONAS MAYORES,PERSONAS MAYORES,"25084",zero@gva.es,"963756897",1994-06-27 00:00:00,"722298","4367422"
"POINT (719539 4248272)","144","778",RESIDENCIAS PARA PERSONAS MAYORES DEPENDIENTES,RESIDENCIA P.M.D. NTRA. SRA. DE LOURDES ALICANTE,"73",RESIDENCIA DE ANCIANOS DE ALICANTE SIERVAS DE JESUS DE LA CARIDAD PROVINCIA DE LA INMACULADA,"PZA. SAN JUAN DE DIOS, 2",Entidad Privada,"03014",Alacant/Alicante,l'Alacantí,Alacant/Alicante,PERSONAS MAYORES,PERSONAS MAYORES,"330525",siervasdejesus-alc@diocesisoa.org,"965253911",2000-07-12 00:00:00,"719539","4248272"
"POINT (722873 4255467)","145","779",RESIDENCIAS PARA PERSONAS MAYORES DEPENDIENTES,RESIDENCIA PARA PERSONAS MAYORES DEPENDIENTES JULIA,"41",RESIDENCIA JULIA S.L.,"CAMELIA,8 (URB. LOS GIRASOLES,PARC.849).",Entidad Privada,"03090",Alacant/Alicante,l'Alacantí,Mutxamel,PERSONAS MAYORES,PERSONAS MAYORES,"24487",residenciajulia@hotmail.com,"965666553",1998-03-24 00:00:00,"722873","4255467"
"POINT (720986 4336691)","146","785",CENTROS RESIDENCIALES PARA PERSONAS MAYORES,CENTRO RESIDENCIAL PARA PERSONAS MAYORES HOGAR SANTA TERESA JORNET DE ALZIRA,"125",HERMANITAS DE LOS ANCIANOS DESAMPARADOS  CURIA GENERAL,"AVD. LUIS SUÑER, 25",Entidad Privada,"46017",València/Valencia,la Ribera Alta,Alzira,PERSONAS MAYORES,PERSONAS MAYORES,"44488",alcira@hermanitas.es,"962404278",2002-12-13 00:00:00,"720986","4336691"
"POINT (732984 4395877)","147","787",CENTROS RESIDENCIALES PARA PERSONAS MAYORES,CENTRO RESIDENCIAL PARA PERSONAS MAYORES NUESTRA SEÑORA DEL CARMEN,"100",HERMANITAS DE LOS ANCIANOS DESAMPARADOS  CURIA GENERAL,"EMILIO LLOPIS, 12",Entidad Privada,"46220",València/Valencia,el Camp de Morvedre,Sagunt/Sagunto,PERSONAS MAYORES,PERSONAS MAYORES,"64439",sagunto@hermanitas.es,"962660167",2000-02-23 00:00:00,"732984","4395877"
"POINT (739083 4396272)","148","790",RESIDENCIAS PARA PERSONAS MAYORES DEPENDIENTES,RESIDENCIA PARA PERSONAS MAYORES DEPENDIENTES ASIGER NOVA CANET,"67",ASIGER NOVA CANET SL,"AVDA. AUSIAS MARCH, Nº 1",Entidad Privada,"46082",València/Valencia,el Camp de Morvedre,Canet d'En Berenguer,PERSONAS MAYORES,PERSONAS MAYORES,"6513",asigernovacanet@asiger.com,"962608115",1999-02-18 00:00:00,"739083","4396272"
"POINT (722697 4371539)","149","796",CENTRO OCUPACIONAL PARA PERSONAS CON DISCAPACIDAD O DIVERSIDAD FUNCIONAL,CENTRO OCUPACIONAL DE LA DIPUTACIÓN (ESCOLA),"110",DIPUTACION PROVINCIAL DE VALENCIA,"CASA MISERICORDIA, 34",Entidad Local,"46250",València/Valencia,València,València,PERSONAS CON DISCAPACIDAD,PERSONAS CON DISCAPACIDAD,"790201",CENTRO.OCUPACIONAL@DIVAL.ES,"963791831",,"722697","4371539"
"POINT (716493 4366873)","150","798",RESIDENCIAS PARA PERSONAS MAYORES DEPENDIENTES,RESIDENCIA PARA PERSONAS MAYORES DEPENDIENTES BONAIRE,"49","RESIDENCIA BONAIRE, S.L.U.","AVDA. AL VEDAT, 192-B",Entidad Privada,"46244",València/Valencia,l'Horta Sud,Torrent,PERSONAS MAYORES,PERSONAS MAYORES,"80762",resibonaire@gmail.com,"961556705",1999-04-15 00:00:00,"716493","4366873"
"POINT (707487 4299654)","151","799",RESIDENCIAS PARA PERSONAS MAYORES DEPENDIENTES,RESIDENCIA PARA PERSONAS MAYORES DEPENDIENTES NUESTRA SEÑORA DE LOS DOLORES,"49",FUNDACION DE LA COMUNIDAD VALENCIANA HOSPITAL BENEFICENCIA NTRA. SRA. DE LOS DOLORES D'ONTINYENT,"MIRADOR, 1",Entidad Privada,"46184",València/Valencia,la Vall d'Albaida,Ontinyent,PERSONAS MAYORES,PERSONAS MAYORES,"35534",HOSPITALBENEFICIENCIA@GMAIL.COM,"962380312",1992-12-10 00:00:00,"707487","4299654"
"POINT (663763 4372435)","152","801",CENTROS RESIDENCIALES PARA PERSONAS MAYORES,CENTRO RESIDENCIAL PARA PERSONAS MAYORES NUESTRA SEÑORA DE LOS DOLORES,"105",HERMANITAS DE LOS ANCIANOS DESAMPARADOS  CURIA GENERAL,"VERDU DIANA, 24",Entidad Privada,"46213",València/Valencia,La Plana de Utiel-Requena,Requena,PERSONAS MAYORES,PERSONAS MAYORES,"20510",requena@hermanitas.es,"962301133",2000-02-23 00:00:00,"663763","4372435"
"POINT (716578 4366504)","153","802",RESIDENCIAS PARA PERSONAS MAYORES DEPENDIENTES,RESIDENCIA PARA PERSONAS MAYORES DEPENDIENTES SAN JUAN BOSCO,"53",Dinamedia Asistencia Geriatrica S.L.,"CL. PALLETER, 5",Entidad Privada,"46244",València/Valencia,l'Horta Sud,Torrent,PERSONAS MAYORES,PERSONAS MAYORES,"80762",josebosch@icav.es,"961561538",1991-08-05 00:00:00,"716578","4366504"
"POINT (681165 4238249)","154","803",HOGARES Y CLUBS PARA PERSONAS MAYORES,CLUB 3a EDAD SAN ISIDRO,"0",AJUNTAMENT DE HONDON DE LOS FRAILES,"CAUDILLO, 24 BJO.",Entidad Local,"03078",Alacant/Alicante,el Vinalopó Mitjà/El Vinalopó Medio,Hondón de los Frailes,PERSONAS MAYORES,PERSONAS MAYORES,"1165",zero@gva.es,"965480001",,"681165","4238249"
"POINT (726129 4372884)","155","805",RESIDENCIAS PARA PERSONAS MAYORES DEPENDIENTES,RESIDENCIA PARA PERSONAS MAYORES DEPENDIENTES BALLESOL I,"110","INTERCENTROS BALLESOL, S.A.","GOBERNADOR VIEJO, 25-27",Entidad Privada,"46250",València/Valencia,València,València,PERSONAS MAYORES,PERSONAS MAYORES,"790201",direccion.gobernador@ballesol.es,"963918505",1998-01-28 00:00:00,"726129","4372884"
"POINT (731783 4342673)","156","807",RESIDENCIAS PARA PERSONAS MAYORES DEPENDIENTES,RESIDENCIA P.M.D. SAN JOSE SUECA,"41",SANTO HOSPITAL DE CARIDAD DE SUECA,"PZA.DEL CONVENTO, 14",Entidad Privada,"46235",València/Valencia,la Ribera Baixa,Sueca,PERSONAS MAYORES,PERSONAS MAYORES,"28090",direccion.sueca@grupoelcastillo.com,"961700103",1992-11-02 00:00:00,"731783","4342673"
"POINT (767255 4442656)","157","815",HOGARES Y CLUBS PARA PERSONAS MAYORES,CLUB DE CONVIVENCIA FCO. SEVILLANO,"0",AJUNTAMENT D'ORPESA,"COCHERA, 16",Entidad Local,"12085",Castelló/Castellón,la Plana Alta,Orpesa/Oropesa del Mar,PERSONAS MAYORES,PERSONAS MAYORES,"9245",zero@gva.es,"964313520",1993-11-25 00:00:00,"767255","4442656"
"POINT (696216 4220838)","158","820",HOGARES Y CLUBS PARA PERSONAS MAYORES,"CLUB DE 3a EDAD ""EL MEJOR AMIGO""","0",AYUNTAMIENTO DE DAYA NUEVA,"GENERALISIMO, 11",Entidad Local,"03061",Alacant/Alicante,el Baix Segura/La Vega Baja,Daya Nueva,PERSONAS MAYORES,PERSONAS MAYORES,"1750",BRM.BIENESTARSOCIAL@DAYANUEVA.ES,"965700641",1992-03-04 00:00:00,"696216","4220838"
"POINT (667359 4425078)","159","821",HOGARES Y CLUBS PARA PERSONAS MAYORES,SECCION LOCAL DEL COLLADO DE ALPUENTE (ALPUENTE),"0",ASOCIACION DE JUBILADOS DEL COLLADO DE ALPUENTE,"COLLADO, 79",Entidad Privada,"46036",València/Valencia,La Serranía,Alpuente,PERSONAS MAYORES,PERSONAS MAYORES,"641",zero@gva.es,"0",1990-04-17 00:00:00,"667359","4425078"
"POINT (703310 4206092)","160","823",HOGARES Y CLUBS PARA PERSONAS MAYORES,CASA DE LA TERCERA EDAD,"0",AYUNTAMIENTO DE TORREVIEJA,"SAN PASCUAL, 117-119",Entidad Local,"03133",Alacant/Alicante,el Baix Segura/La Vega Baja,Torrevieja,PERSONAS MAYORES,PERSONAS MAYORES,"84213",TERCERA EDAD @TORREVIEJA.EU,"966701275",1991-09-30 00:00:00,"703310","4206092"
"POINT (769465 4483946)","161","824",HOGARES Y CLUBS PARA PERSONAS MAYORES,CLUB DE CONVIVENCIA PARA LA 3A EDAD SANT MATEU,"0",AJUNTAMENT DE SANT MATEU,"PZA. LLAURADOR, 1",Entidad Local,"12100",Castelló/Castellón,el Baix Maestrat,Sant Mateu,PERSONAS MAYORES,PERSONAS MAYORES,"1979",zero@gva.es,"964416171",1996-02-20 00:00:00,"769465","4483946"
"POINT (712902 4446161)","162","828",HOGARES Y CLUBS PARA PERSONAS MAYORES,CLUB DE CONVIVENCIA DE TERCERA EDAD DE S.VICENTE CORTES,"0",AYUNTAMIENTO DE CORTES DE ARENOSO,"GARRIDO MARIN, 1",Entidad Local,"12048",Castelló/Castellón,El Alto Mijares,Cortes de Arenoso,PERSONAS MAYORES,PERSONAS MAYORES,"300",zero@gva.es,"964383110",1992-12-09 00:00:00,"712902","4446161"
"POINT (712839 4446010)","163","829",HOGARES Y CLUBS PARA PERSONAS MAYORES,CLUB DE CONVIVENCIA DE CORTES DE ARENOSO,"0",AYUNTAMIENTO DE CORTES DE ARENOSO,"MAYOR, 1",Entidad Local,"12048",Castelló/Castellón,El Alto Mijares,Cortes de Arenoso,PERSONAS MAYORES,PERSONAS MAYORES,"300",zero@gva.es,"964385028",1993-11-25 00:00:00,"712839","4446010"
"POINT (748627 4457098)","164","833",HOGARES Y CLUBS PARA PERSONAS MAYORES,"CLUB CONVIVENCIA ""ELS IBARSOS""","0",ASOC.JUBIL.Y PENS. NTRA.SRA.DESAMPARADOS,"PZA. MAYOR, 1",Entidad Privada,"12105",Castelló/Castellón,la Plana Alta,Sierra Engarcerán,PERSONAS MAYORES,PERSONAS MAYORES,"1019",zero@gva.es,"964320357",1997-04-21 00:00:00,"748627","4457098"
"POINT (784300 4484432)","165","839",HOGARES Y CLUBS PARA PERSONAS MAYORES,"CLUB DE CONVIVENCIA DE LA TERCERA EDAD ""LA TORRE""","0",AJUNTAMENT DE CALIG,"PLAZA NUEVA, 1",Entidad Local,"12034",Castelló/Castellón,el Baix Maestrat,Càlig,PERSONAS MAYORES,PERSONAS MAYORES,"2020",zero@gva.es,"964492001",1997-05-15 00:00:00,"784300","4484432"
"POINT (745315 4500422)","166","841",HOGARES Y CLUBS PARA PERSONAS MAYORES,CLUB DE CONVIVENCIA PARA LA TERCERA EDAD VALLIVANA,"0",AJUNTAMENT DE MORELLA,"SAN NICOLAS, 2",Entidad Local,"12080",Castelló/Castellón,els Ports,Morella,PERSONAS MAYORES,PERSONAS MAYORES,"2504",zero@gva.es,"964160034",1996-10-10 00:00:00,"745315","4500422"
"POINT (778622 4491077)","167","843",HOGARES Y CLUBS PARA PERSONAS MAYORES,CENTRO DE TERCERA EDAD SAN JAIME,"0",AJUNTAMENT DE TRAIGUERA,"VIRGEN FUENTE DE LA SALUD, 2",Entidad Local,"12121",Castelló/Castellón,el Baix Maestrat,Traiguera,PERSONAS MAYORES,PERSONAS MAYORES,"1502",zero@gva.es,"964495121",1996-10-10 00:00:00,"778622","4491077"
"POINT (719757 4453392)","168","844",HOGARES Y CLUBS PARA PERSONAS MAYORES,CLUB DE CONVIVENCIA PARA LA TERCERA EDAD,"0",AYUNTAMIENTO DE VILLAHERMOSA DEL RIO,"PZA. LA IGLESIA, 5",Entidad Local,"12130",Castelló/Castellón,El Alto Mijares,Villahermosa del Río,PERSONAS MAYORES,PERSONAS MAYORES,"487",zero@gva.es,"964382541",1997-04-23 00:00:00,"719757","4453392"
"POINT (757494 4429851)","169","845",RESIDENCIA DE PERSONAS CON DISCAPACIDAD O DIVERSIDAD FUNCIONAL,"RESIDENCIA ""MASET DE FRATER""","50",FRATERNIDAD CRISTIANA DE PERSONAS CON DISCAPACIDAD DE CASTELLON,"AVDA. DE LOS PINOS, 242",Entidad Privada,"12040",Castelló/Castellón,la Plana Alta,Castelló de la Plana,PERSONAS CON DISCAPACIDAD,PERSONAS CON DISCAPACIDAD,"170990",,"964282992",,"757494","4429851"
"POINT (720928 4368243)","170","855",RESIDENCIAS PARA PERSONAS MAYORES DEPENDIENTES,RESIDENCIA PARA PERSONAS MAYORES DEPENDIENTES AMELIA PIEDRAS,"55",AMELIA PIEDRAS MILLAN SL,"PZA. ESPAÑA, 4 Y 5",Entidad Privada,"46193",València/Valencia,l'Horta Sud,Picanya,PERSONAS MAYORES,PERSONAS MAYORES,"11281",ameliapiedrassl@gmail.com,"961590028",1993-12-29 00:00:00,"720928","4368243"
"POINT (718066 4368241)","171","858",RESIDENCIAS PARA PERSONAS MAYORES DEPENDIENTES,RESIDENCIA PARA PERSONAS MAYORES DEPENDIENTES MI VEDAT,"119",SANTA AMALIA 9 STREET SL,"SANTA AMALIA, 9 URBANIZACION EL VEDAT",Entidad Privada,"46244",València/Valencia,l'Horta Sud,Torrent,PERSONAS MAYORES,PERSONAS MAYORES,"80762",zero@gva.es,"961560609",1998-04-07 00:00:00,"718066","4368241"
"POINT (721267 4336247)","172","865",RESIDENCIAS PARA PERSONAS MAYORES DEPENDIENTES,RESIDENCIA MUNICIPAL PARA PERSONAS MAYORES DEPENDIENTES DE ALZIRA,"50",AJUNTAMENT D'ALZIRA,"GUERRILLERO ROMEU, S/N",Entidad Local,"46017",València/Valencia,la Ribera Alta,Alzira,PERSONAS MAYORES,PERSONAS MAYORES,"44488",esaurina@sercoval.com,"962400611",1992-11-02 00:00:00,"721267","4336247"
"POINT (719757 4373448)","173","868",HOGARES Y CLUBS PARA PERSONAS MAYORES,CLUB DE CONVIVENCIA 3aEDAD A.G.RIO TASSO,"0",AJUNTAMENT DE QUART DE POBLET,"ADOLFO GIMENEZ DEL RIO TASSO, 4",Entidad Local,"46102",València/Valencia,l'Horta Sud,Quart de Poblet,PERSONAS MAYORES,PERSONAS MAYORES,"24776",zero@gva.es,"961532403",1993-07-14 00:00:00,"719757","4373448"
"POINT (712298 4309987)","174","871",CENTROS SOCIALES,CENTRO SOCIO-COMUNITARIO,"0",AJUNTAMENT DE L'OLLERIA,"SAN JUAN DE RIBERA, S/N",Entidad Local,"46183",València/Valencia,la Vall d'Albaida,l'Olleria,POBLACIÓN EN GENERAL Y COLECTIVOS SOCIALMENTE DESFAVORECIDOS,POBLACIÓN EN GENERAL Y COLECTIVOS SOCIALMENTE DESFAVORECIDOS,"8311",BUZON@AYTO-LOLLERIA.ORG,"962201512",1992-11-02 00:00:00,"712298","4309987"
"POINT (700105 4238240)","175","876",CENTROS SOCIALES,"CENTRO SOCIAL ""PERLETA MAITINO"" (EN PROCESO DE REGULARIZACION)","0",AJUNTAMENT D'ELX,"PTDA.LA PERLETA MAITINO, S/N",Entidad Local,"03065",Alacant/Alicante,el Baix Vinalopó,Elx/Elche,POBLACIÓN EN GENERAL Y COLECTIVOS SOCIALMENTE DESFAVORECIDOS,POBLACIÓN EN GENERAL Y COLECTIVOS SOCIALMENTE DESFAVORECIDOS,"227659",zero@gva.es,"965421497",1994-11-30 00:00:00,"700105","4238240"
"POINT (706136 4223756)","176","879",CENTROS SOCIALES,CENTRO SOCIAL LA MARINA (EN PROCESO DE REGULARIZACION),"0",AJUNTAMENT D'ELX,"AVDA. LA ALEGRIA, 283",Entidad Local,"03065",Alacant/Alicante,el Baix Vinalopó,Elx/Elche,POBLACIÓN EN GENERAL Y COLECTIVOS SOCIALMENTE DESFAVORECIDOS,POBLACIÓN EN GENERAL Y COLECTIVOS SOCIALMENTE DESFAVORECIDOS,"227659",zero@gva.es,"965419174",1996-02-14 00:00:00,"706136","4223756"
"POINT (700594 4237480)","177","889",CENTROS SOCIALES,CENTRO SOCIAL POETA MIGUEL HERNANDEZ (EN PROCESO DE REGULARIZACION),"0",AJUNTAMENT D'ELX,"MARIANO BENLLIURE, 31",Entidad Local,"03065",Alacant/Alicante,el Baix Vinalopó,Elx/Elche,POBLACIÓN EN GENERAL Y COLECTIVOS SOCIALMENTE DESFAVORECIDOS,POBLACIÓN EN GENERAL Y COLECTIVOS SOCIALMENTE DESFAVORECIDOS,"227659",zero@gva.es,"966674527",,"700594","4237480"
"POINT (737769 4439598)","178","890",CENTROS SOCIALES,CENTRO SOCIAL DE ALCORA,"0",AJUNTAMENT DE L'ALCORA,"DOCTOR FEDERICO MICHAVILA PAUS , S/N",Entidad Local,"12005",Castelló/Castellón,l'Alcalatén,l'Alcora,POBLACIÓN EN GENERAL Y COLECTIVOS SOCIALMENTE DESFAVORECIDOS,POBLACIÓN EN GENERAL Y COLECTIVOS SOCIALMENTE DESFAVORECIDOS,"10535",zero@gva.es,"964360002",1996-03-12 00:00:00,"737769","4439598"
"POINT (729049 4433328)","179","897",HOGARES Y CLUBS PARA PERSONAS MAYORES,HOGAR DEL JUBILADO VIRGEN DE MONTSERRAT,"0",AYUNTAMIENTO DE FANZARA,"PLAZA DE LA IGLESIA, Nº 1",Entidad Local,"12059",Castelló/Castellón,El Alto Mijares,Fanzara,PERSONAS MAYORES,PERSONAS MAYORES,"281",zero@gva.es,"964619001",1997-04-24 00:00:00,"729049","4433328"
"POINT (751200 4427117)","180","902",CENTROS SOCIALES,"CENTRO SOCIAL ""BARRIS AL SUD"" (EN PROCESO DE REGULARIZACION)","0",AJUNTAMENT DE CASTELLO DE LA PLANA,"YESTE, 8-BAJO",Entidad Local,"12040",Castelló/Castellón,la Plana Alta,Castelló de la Plana,POBLACIÓN EN GENERAL Y COLECTIVOS SOCIALMENTE DESFAVORECIDOS,POBLACIÓN EN GENERAL Y COLECTIVOS SOCIALMENTE DESFAVORECIDOS,"170990",zero@gva.es,"964251819",1996-08-28 00:00:00,"751200","4427117"
"POINT (719305 4438008)","181","903",HOGARES Y CLUBS PARA PERSONAS MAYORES,HOGAR DEL JUBILADO EL CASTILLICO,"0",AYUNTAMIENTO DE CIRAT,"C/ DE LA PLAZA, 4",Entidad Local,"12046",Castelló/Castellón,El Alto Mijares,Cirat,PERSONAS MAYORES,PERSONAS MAYORES,"220",zero@gva.es,"964143113",1996-10-29 00:00:00,"719305","4438008"
"POINT (693512 4219860)","182","904",HOGARES Y CLUBS PARA PERSONAS MAYORES,"CLUB DE CONVIVENCIA ""SAN PANCRACIO""","0",AYUNTAMIENTO DE ALMORADI,"AVDA. ALGORFA, 6-BAJO",Entidad Local,"03015",Alacant/Alicante,el Baix Segura/La Vega Baja,Almoradí,PERSONAS MAYORES,PERSONAS MAYORES,"20138",JAVIER.ROCA@ALMORDI.ES,"965702382",1993-09-24 00:00:00,"693512","4219860"
"POINT (718332 4372531)","183","906",CENTROS SOCIALES,CENTRO SOCIAL JUAN RAMON JIMENEZ (EN PROCESO DE REGULARIZACION),"0",MANCOMUNITAT BARRIO DEL CRISTO (D' ALDAIA-QUART),"JUAN RAMON JIMENEZ, 34",Entidad Local,"46021",València/Valencia,l'Horta Sud,Aldaia,POBLACIÓN EN GENERAL Y COLECTIVOS SOCIALMENTE DESFAVORECIDOS,POBLACIÓN EN GENERAL Y COLECTIVOS SOCIALMENTE DESFAVORECIDOS,"31246",SERSOCIALES@BARRIODELCRITO.ES,"961988811",,"718332","4372531"
"POINT (745842 4319579)","184","909",CENTROS SOCIALES,CENTRE SOCIAL MARCELINO PEREZ  (EN PROCESO DE REGULARIZACION),"0",AJUNTAMENT DE GANDIA,"MARE DE DEU BLANQUETA, 17",Entidad Local,"46131",València/Valencia,la Safor,Gandia,POBLACIÓN EN GENERAL Y COLECTIVOS SOCIALMENTE DESFAVORECIDOS,POBLACIÓN EN GENERAL Y COLECTIVOS SOCIALMENTE DESFAVORECIDOS,"74814",BSANCHIS@GANDIA.ORG,"962842477",1991-07-30 00:00:00,"745842","4319579"
"POINT (743607 4316204)","185","910",CENTROS SOCIALES,CENTRE SOCIAL BENIPEIXCAR (EN PROCESO DE REGULARIZACION),"0",AJUNTAMENT DE GANDIA,"SANTS DE LA PEDRA, S/N",Entidad Local,"46131",València/Valencia,la Safor,Gandia,POBLACIÓN EN GENERAL Y COLECTIVOS SOCIALMENTE DESFAVORECIDOS,POBLACIÓN EN GENERAL Y COLECTIVOS SOCIALMENTE DESFAVORECIDOS,"74814",ANCHIS@GANDIA.ORG,"962876744",1991-07-30 00:00:00,"743607","4316204"
"POINT (717991 4371701)","186","911",CENTROS SOCIALES,CENTRE SOCIAL VICENTE ANDRES ESTELLES,"0",AJUNTAMENT D'ALDAIA,"AVDA.MIGUEL HERNANDEZ, 40",Entidad Local,"46021",València/Valencia,l'Horta Sud,Aldaia,POBLACIÓN EN GENERAL Y COLECTIVOS SOCIALMENTE DESFAVORECIDOS,POBLACIÓN EN GENERAL Y COLECTIVOS SOCIALMENTE DESFAVORECIDOS,"31246",zero@gva.es,"961500557",1991-09-26 00:00:00,"717991","4371701"
"POINT (747311 4424742)","187","916",CENTROS SOCIALES,CENTRO SOCIAL MUNICIPAL VILA-REAL (EN PROCESO DE REGULARIZACION),"0",AJUNTAMENT DE VILA-REAL,"CALVARIO, 116",Entidad Local,"12135",Castelló/Castellón,la Plana Baixa,Vila-real,POBLACIÓN EN GENERAL Y COLECTIVOS SOCIALMENTE DESFAVORECIDOS,POBLACIÓN EN GENERAL Y COLECTIVOS SOCIALMENTE DESFAVORECIDOS,"50252",zero@gva.es,"964547000",1996-02-21 00:00:00,"747311","4424742"
"POINT (791180 4479725)","188","917",CENTROS SOCIALES,"CENTRO SOCIAL MUNICIPAL ""LA FAROLA""","0",AJUNTAMENT DE BENICARLO,"LES BARQUES, 3",Entidad Local,"12027",Castelló/Castellón,el Baix Maestrat,Benicarló,POBLACIÓN EN GENERAL Y COLECTIVOS SOCIALMENTE DESFAVORECIDOS,POBLACIÓN EN GENERAL Y COLECTIVOS SOCIALMENTE DESFAVORECIDOS,"26486",zero@gva.es,"964473968",1997-06-02 00:00:00,"791180","4479725"
"POINT (742916 4473786)","189","924",HOGARES Y CLUBS PARA PERSONAS MAYORES,CLUB DE CONVIVENCIA DE LA TERCERA EDAD BENASAL,"0",AJUNTAMENT DE BENASAL,"AVDA. MONFERRER, 21",Entidad Local,"12026",Castelló/Castellón,l'Alt Maestrat,Benassal,PERSONAS MAYORES,PERSONAS MAYORES,"1130",zero@gva.es,"964444001",1994-06-03 00:00:00,"742916","4473786"
"POINT (736590 4411702)","190","927",CENTROS SOCIALES,CENTRO SOCIAL LES LLIMERES,"0",AJUNTAMENT DE LA VALL D'UIXO,"MATILDE BEL, 16",Entidad Local,"12126",Castelló/Castellón,la Plana Baixa,la Vall d'Uixó,POBLACIÓN EN GENERAL Y COLECTIVOS SOCIALMENTE DESFAVORECIDOS,POBLACIÓN EN GENERAL Y COLECTIVOS SOCIALMENTE DESFAVORECIDOS,"31819",zero@gva.es,"0",1991-09-26 00:00:00,"736590","4411702"
"POINT (694951 4246750)","191","936",CENTROS SOCIALES,CENTRO SOCIAL DE ASPE,"0",AYUNTAMIENTO DE ASPE,"AVDA. CONSTITUCION, 42-44",Entidad Local,"03019",Alacant/Alicante,el Vinalopó Mitjà/El Vinalopó Medio,Aspe,POBLACIÓN EN GENERAL Y COLECTIVOS SOCIALMENTE DESFAVORECIDOS,POBLACIÓN EN GENERAL Y COLECTIVOS SOCIALMENTE DESFAVORECIDOS,"20482",zero@gva.es,"965493463",1996-08-22 00:00:00,"694951","4246750"
"POINT (691019 4386656)","192","946",CENTROS SOCIALES,CENTRO SOCIAL DE BUGARRA,"0",AYUNTAMIENTO DE BUGARRA,"PLAZA MAYOR, 4",Entidad Local,"46076",València/Valencia,La Serranía,Bugarra,POBLACIÓN EN GENERAL Y COLECTIVOS SOCIALMENTE DESFAVORECIDOS,POBLACIÓN EN GENERAL Y COLECTIVOS SOCIALMENTE DESFAVORECIDOS,"728",BUGARRA-ALC@GVA.ES,"961160051",1991-11-26 00:00:00,"691019","4386656"
"POINT (749809 4278778)","193","954",RESIDENCIAS PARA PERSONAS MAYORES DEPENDIENTES,RESIDENCIA PARA PERSONAS MAYORES DEPENDIENTES NOU HOTEL LES FONTS,"70",RESIDENCIA GERIATRICA LES FONTS SL,"AVDA.SAGI BARBA, 32",Entidad Privada,"03107",Alacant/Alicante,la Marina Baixa,Polop,PERSONAS MAYORES,PERSONAS MAYORES,"4549",LESFONTS@TERRA.COM,"965870336",1992-07-26 00:00:00,"749809","4278778"
"POINT (730064 4372808)","194","958",CENTROS DE DÍA DE PERSONAS MAYORES DEPENDIENTES,CENTRO SOCIOSANITARIO NTRA. SRA. DEL CARMEN- CENTRO DE DIA,"35",FUNDACION HOSPITALARIAS,"C/ EUGENIA VIÑES, 156",Entidad Privada,"46250",València/Valencia,València,València,PERSONAS MAYORES,PERSONAS MAYORES,"790201",direccion.valencia@hospitalarias.es,"963712211",1992-11-02 00:00:00,"730064","4372808"
"POINT (718664 4360304)","195","959",CENTROS SOCIALES,CENTRO SOCIAL DE PICASSENT (EN PROCESO DE REGULARIZACION),"0",AJUNTAMENT DE PICASSENT,"CARLES ALBORS, 16",Entidad Local,"46194",València/Valencia,l'Horta Sud,Picassent,POBLACIÓN EN GENERAL Y COLECTIVOS SOCIALMENTE DESFAVORECIDOS,POBLACIÓN EN GENERAL Y COLECTIVOS SOCIALMENTE DESFAVORECIDOS,"20498",ARACELI.SEMPERE@PICASSENT.ES,"961230690",,"718664","4360304"
"POINT (718660 4349473)","196","964",CENTRO OCUPACIONAL PARA PERSONAS CON DISCAPACIDAD O DIVERSIDAD FUNCIONAL,CENTRO OCUPACIONAL HORT DE FELIU,"66",AJUNTAMENT D'ALGINET,"C/ MESTRE CHAPI, S/N",Entidad Local,"46031",València/Valencia,la Ribera Alta,Alginet,PERSONAS CON DISCAPACIDAD,PERSONAS CON DISCAPACIDAD,"13283",CENTREOCUPACIONAL@ALGINET.ES,"961753348",1996-09-18 00:00:00,"718660","4349473"
"POINT (674029 4384638)","197","969",HOGARES Y CLUBS PARA PERSONAS MAYORES,CLUB DE CONVIVENCIA DE LA TERCERA EDAD CHERA,"0",AYUNTAMIENTO DE CHERA,"SAN ISIDRO LABRADOR, 20",Entidad Local,"46108",València/Valencia,La Plana de Utiel-Requena,Chera,PERSONAS MAYORES,PERSONAS MAYORES,"510",CHERA_ALC@GVA.ES,"962332001",1993-03-26 00:00:00,"674029","4384638"
"POINT (694727 4251097)","198","979",CENTROS SOCIALES,"CENTRO SOCIAL ""FCO.ALTED PALOMARES"" (EN PROCESO DE REGULARIZACION)","0",AJUNTAMENT DE NOVELDA,"ALICANTE, 40",Entidad Local,"03093",Alacant/Alicante,el Vinalopó Mitjà/El Vinalopó Medio,Novelda,POBLACIÓN EN GENERAL Y COLECTIVOS SOCIALMENTE DESFAVORECIDOS,POBLACIÓN EN GENERAL Y COLECTIVOS SOCIALMENTE DESFAVORECIDOS,"26054",zero@gva.es,"965604541",,"694727","4251097"
"POINT (702420 4278198)","199","980",CENTROS SOCIALES,CENTRO SOCIAL DE ONIL (EN PROCESO DE REGULARIZACION),"0",AJUNTAMENT D'ONIL,"SAUCO, 13",Entidad Local,"03096",Alacant/Alicante,l'Alcoià,Onil,POBLACIÓN EN GENERAL Y COLECTIVOS SOCIALMENTE DESFAVORECIDOS,POBLACIÓN EN GENERAL Y COLECTIVOS SOCIALMENTE DESFAVORECIDOS,"7494",zero@gva.es,"965564986",,"702420","4278198"
"POINT (737270 4338480)","200","989",TALLER PRELABORAL DE INSERCIÓN SOCIAL,T.A.P.I.S. MONTE DEL ORO (EN PROCESO DE REGULARIZACION),"30",AJUNTAMENT DE CULLERA,"REY D. MARTIN, S/N",Entidad Local,"46105",València/Valencia,la Ribera Baixa,Cullera,POBLACIÓN EN GENERAL Y COLECTIVOS SOCIALMENTE DESFAVORECIDOS,POBLACIÓN EN GENERAL Y COLECTIVOS SOCIALMENTE DESFAVORECIDOS,"22139",SSOCIALS@CULLERA.ES,"961720000",1995-02-13 00:00:00,"737270","4338480"
"POINT (728173 4372571)","201","996",CENTRO OCUPACIONAL PARA PERSONAS CON DISCAPACIDAD O DIVERSIDAD FUNCIONAL,CENTRO OCUPACIONAL JOSE ALCAMI,"65",ASOCIACION DE FAMILIARES DE PERSONAS CON DISCAPACIDAD JOSE ALCAMIPACITADOS PSIQUICOS JOSE ALCAMI,CALLE EXPLORADOR ANDRËS Nº 5 BAJO,Entidad Privada,"46250",València/Valencia,València,València,PERSONAS CON DISCAPACIDAD,PERSONAS CON DISCAPACIDAD,"790201",C_O_JOSEALCAMI@HOTMAIL,"963554933",,"728173","4372571"
"POINT (733621 4395798)","202","997",CENTRO ESPECÍFICO PARA ENFERMOS MENTALES CRÓNICOS (CEEM),RESIDENCIA MIXTA DOMUSVI MONTEARSE,"33","SAR RESIDENCIAL Y ASISTENCIAL, S. A.","CTRA.SAGUNTO A PUERTO, S/N",Entidad Privada,"46220",València/Valencia,el Camp de Morvedre,Sagunt/Sagunto,PERSONAS CON ENFERMEDAD MENTAL,PERSONAS CON ENFERMEDAD MENTAL,"64439",zero@gva.es,"962650422",1993-03-15 00:00:00,"733621","4395798"
"POINT (733621 4395798)","203","997",RESIDENCIAS PARA PERSONAS MAYORES DEPENDIENTES,RESIDENCIA MIXTA DOMUSVI MONTEARSE,"122","SAR RESIDENCIAL Y ASISTENCIAL, S. A.","CTRA.SAGUNTO A PUERTO, S/N",Entidad Privada,"46220",València/Valencia,el Camp de Morvedre,Sagunt/Sagunto,PERSONAS MAYORES,PERSONAS MAYORES,"64439",zero@gva.es,"962650422",1993-03-15 00:00:00,"733621","4395798"
"POINT (729300 4383465)","204","998",CENTRO ESPECÍFICO PARA ENFERMOS MENTALES CRÓNICOS (CEEM),RESIDENCIA  MIXTA SAN LORENZO DE BRINDIS,"100",RESIDENCIAL MASSGRELL S.L.,"C/ LIBERTAD, N 1",Entidad Privada,"46164",València/Valencia,l'Horta Nord,Massamagrell,PERSONAS CON ENFERMEDAD MENTAL,PERSONAS CON ENFERMEDAD MENTAL,"15574",zero@gva.es,"961452099",1993-02-22 00:00:00,"729300","4383465"
"POINT (729300 4383465)","205","998",RESIDENCIAS PARA PERSONAS MAYORES DEPENDIENTES,RESIDENCIA  MIXTA SAN LORENZO DE BRINDIS,"20",RESIDENCIAL MASSGRELL S.L.,"C/ LIBERTAD, N 1",Entidad Privada,"46164",València/Valencia,l'Horta Nord,Massamagrell,PERSONAS MAYORES,PERSONAS MAYORES,"15574",zero@gva.es,"961452099",1993-02-22 00:00:00,"729300","4383465"
"POINT (689803 4216560)","206","1001",TALLER PRELABORAL DE INSERCIÓN SOCIAL,T.A.P.I.S. BENEJUZAR (EN PROCESO DE REGULARIZACION),"10",MANCOMUNIDAD BAJO SEGURA,"C/ ANGELINO FONS,S/N",Entidad Local,"03024",Alacant/Alicante,el Baix Segura/La Vega Baja,Benejúzar,POBLACIÓN EN GENERAL Y COLECTIVOS SOCIALMENTE DESFAVORECIDOS,POBLACIÓN EN GENERAL Y COLECTIVOS SOCIALMENTE DESFAVORECIDOS,"5364",zero@gva.es,"965356062",1997-05-15 00:00:00,"689803","4216560"
"POINT (768859 4301998)","207","1003",TALLER PRELABORAL DE INSERCIÓN SOCIAL,T.A.P.I.S. DE DENIA,"30",AJUNTAMENT DE DÉNIA,"MARQUESA VALERO DE PALMA, 8",Entidad Local,"03063",Alacant/Alicante,la Marina Alta,Dénia,POBLACIÓN EN GENERAL Y COLECTIVOS SOCIALMENTE DESFAVORECIDOS,POBLACIÓN EN GENERAL Y COLECTIVOS SOCIALMENTE DESFAVORECIDOS,"41465",zero@gva.es,"966421555",,"768859","4301998"
"POINT (694427 4260936)","208","1008",CLUBS DE CONVIVENCIA,"CLUB DE CONVIVENCIA ""SALINETAS""","0",AJUNTAMENT DE PETRER,"AVDA.DE SALINETAS, S/N",Entidad Local,"03104",Alacant/Alicante,el Vinalopó Mitjà/El Vinalopó Medio,Petrer,POBLACIÓN EN GENERAL Y COLECTIVOS SOCIALMENTE DESFAVORECIDOS,POBLACIÓN EN GENERAL Y COLECTIVOS SOCIALMENTE DESFAVORECIDOS,"34533",zero@gva.es,"965375195",,"694427","4260936"
"POINT (713050 4414191)","209","1010",CENTROS SOCIALES,CENTRO SOCIAL DE ALTURA,"0",AYUNTAMIENTO DE ALTURA,"SAN VICENTE, 37",Entidad Local,"12012",Castelló/Castellón,El Alto Palancia,Altura,POBLACIÓN EN GENERAL Y COLECTIVOS SOCIALMENTE DESFAVORECIDOS,POBLACIÓN EN GENERAL Y COLECTIVOS SOCIALMENTE DESFAVORECIDOS,"3621",zero@gva.es,"964146786",1997-08-07 00:00:00,"713050","4414191"
"POINT (709102 4386822)","210","1011",RESIDENCIAS PARA PERSONAS MAYORES DEPENDIENTES,RESIDENCIA PARA PERSONAS MAYORES DEPENDIENTES COMUNIDAD DE VALENCIA,"58",RESIDENCIA COMUNIDAD DE VALENCIA SL,URB. MONTECOLORADO C/1 SN,Entidad Privada,"46202",València/Valencia,el Camp de Túria,la Pobla de Vallbona,PERSONAS MAYORES,PERSONAS MAYORES,"23403",rrhh@comunidadevalencia.com,"961662014",1993-05-07 00:00:00,"709102","4386822"
"POINT (750952 4445644)","211","1012",RESIDENCIA DE PERSONAS CON DISCAPACIDAD O DIVERSIDAD FUNCIONAL,RESIDENCIA MINUSVALIDOS PSIQUICOS EL RINCONET,"20",ASOCIACION GRANJA-HOGAR EL RINCONET,"PARTIDA CASCALLS, S/N",Entidad Privada,"12128",Castelló/Castellón,la Plana Alta,Vilafamés,PERSONAS CON DISCAPACIDAD,PERSONAS CON DISCAPACIDAD,"1851",,"964329079",1997-04-25 00:00:00,"750952","4445644"
"POINT (720157 4373628)","212","1013",CENTROS SOCIALES,CENTRO SOCIAL DE QUART DE POBLET (EN PROCESO DE REGULARIZACION),"31",AJUNTAMENT DE QUART DE POBLET,"VINATEA, 3-BAJO",Entidad Local,"46102",València/Valencia,l'Horta Sud,Quart de Poblet,POBLACIÓN EN GENERAL Y COLECTIVOS SOCIALMENTE DESFAVORECIDOS,POBLACIÓN EN GENERAL Y COLECTIVOS SOCIALMENTE DESFAVORECIDOS,"24776",SOCIALS@QUARTDEPOBLET.ORG,"961548000",1997-04-16 00:00:00,"720157","4373628"
"POINT (734923 4402572)","213","1020",CENTROS SOCIALES,CENTRO SOCIAL DE BENAVITES,"0",AJUNTAMENT DE BENAVITES,"LES PARRES, 21",Entidad Local,"46052",València/Valencia,el Camp de Morvedre,Benavites,POBLACIÓN EN GENERAL Y COLECTIVOS SOCIALMENTE DESFAVORECIDOS,POBLACIÓN EN GENERAL Y COLECTIVOS SOCIALMENTE DESFAVORECIDOS,"613",BENAVITES_ALC@GVA.ES,"962636652",,"734923","4402572"
"POINT (692870 4262490)","214","1021",CLUBS DE CONVIVENCIA,"CLUB DE CONVIVENCIA ""SAN RAFAEL""","0",AJUNTAMENT DE PETRER,"ALCALDE JUAN PAYA, S/N",Entidad Local,"03104",Alacant/Alicante,el Vinalopó Mitjà/El Vinalopó Medio,Petrer,POBLACIÓN EN GENERAL Y COLECTIVOS SOCIALMENTE DESFAVORECIDOS,POBLACIÓN EN GENERAL Y COLECTIVOS SOCIALMENTE DESFAVORECIDOS,"34533",zero@gva.es,"965375195",,"692870","4262490"
"POINT (742854 4272496)","215","1023",HOGARES Y CLUBS PARA PERSONAS MAYORES,CLUB MUNICIPAL DE JUBILADOS Y PENS.,"0",AJUNTAMENT DE FINESTRAT,"PARTIDA EL FONDO, S/N",Entidad Local,"03069",Alacant/Alicante,la Marina Baixa,Finestrat,PERSONAS MAYORES,PERSONAS MAYORES,"6090",SERVICIOSOCIALES@FINESTRAT.ORG,"965878325",1993-03-01 00:00:00,"742854","4272496"
"POINT (711064 4277774)","216","1026",CENTROS SOCIALES,CENTRO SOCIAL POLIVALENTE DE IBI,"0",AJUNTAMENT D'IBI,"DR.FERRAN, 5",Entidad Local,"03079",Alacant/Alicante,l'Alcoià,Ibi,POBLACIÓN EN GENERAL Y COLECTIVOS SOCIALMENTE DESFAVORECIDOS,POBLACIÓN EN GENERAL Y COLECTIVOS SOCIALMENTE DESFAVORECIDOS,"23365",zero@gva.es,"966550934",1997-07-17 00:00:00,"711064","4277774"
"POINT (699163 4374424)","217","1027",CENTROS SOCIALES,CENTRO SOCIAL DE CHESTE,"0",AYUNTAMIENTO DE CHESTE,"PEDRALBA, S/N",Entidad Local,"46109",València/Valencia,La Hoya de Buñol,Cheste,POBLACIÓN EN GENERAL Y COLECTIVOS SOCIALMENTE DESFAVORECIDOS,POBLACIÓN EN GENERAL Y COLECTIVOS SOCIALMENTE DESFAVORECIDOS,"8471",CHESTE@GVA.ES,"962510300",1993-03-01 00:00:00,"699163","4374424"
"POINT (727072 4306166)","218","1028",CENTROS SOCIALES,CENTRO SOCIAL DE CASTELLO DE RUGAT,"0",AJUNTAMENT DE CASTELLO DE RUGAT,"SANT VICENT, 23",Entidad Local,"46090",València/Valencia,la Vall d'Albaida,Castelló de Rugat,POBLACIÓN EN GENERAL Y COLECTIVOS SOCIALMENTE DESFAVORECIDOS,POBLACIÓN EN GENERAL Y COLECTIVOS SOCIALMENTE DESFAVORECIDOS,"2277",zero@gva.es,"962813048",,"727072","4306166"
"POINT (693763 4217299)","219","1029",HOGARES Y CLUBS PARA PERSONAS MAYORES,"CLUB DE CONVIVENCIA ""EL RAIGUERO""","0",AYUNTAMIENTO DE ALMORADI,"RAIGUERO, 16",Entidad Local,"03015",Alacant/Alicante,el Baix Segura/La Vega Baja,Almoradí,PERSONAS MAYORES,PERSONAS MAYORES,"20138",JAVIER.ROCA@ALMORDI.ES,"965702382",1994-09-02 00:00:00,"693763","4217299"
"POINT (684689 4217450)","220","1030",HOGARES Y CLUBS PARA PERSONAS MAYORES,"CLUB DE CONVIVENCIA ""LA CAMPANETA""","0",AYUNTAMIENTO DE ORIHUELA,"CAMINO VIEJO DE ALMORADI, 51",Entidad Local,"03099",Alacant/Alicante,el Baix Segura/La Vega Baja,Orihuela,PERSONAS MAYORES,PERSONAS MAYORES,"80359",CGONZALEZ@ORIHUELA.ES,"966738108",1993-03-01 00:00:00,"684689","4217450"
"POINT (727207 4434505)","221","1037",HOGARES Y CLUBS PARA PERSONAS MAYORES,CLUB DE CONVIVENCIA DE VALLAT,"0",AYUNTAMIENTO DE VALLAT,"ALTA, 7",Entidad Local,"12123",Castelló/Castellón,El Alto Mijares,Vallat,PERSONAS MAYORES,PERSONAS MAYORES,"54",zero@gva.es,"964619194",1997-05-22 00:00:00,"727207","4434505"
"POINT (719967 4445589)","222","1038",HOGARES Y CLUBS PARA PERSONAS MAYORES,CLUB DE CONVIVENCIA DE ZUCAINA,"0",AYUNTAMIENTO DE ZUCAINA,"PZA. DE LA IGLESIA, 1",Entidad Local,"12142",Castelló/Castellón,El Alto Mijares,Zucaina,PERSONAS MAYORES,PERSONAS MAYORES,"190",zero@gva.es,"964375051",1994-12-27 00:00:00,"719967","4445589"
"POINT (727533 4300040)","223","1046",HOGARES Y CLUBS PARA PERSONAS MAYORES,CLUB DE CONVIVENCIA DE 3A EDAD BENIARRES,"0",AJUNTAMENT DE BENIARRES,"ROSA ESCRIG, 8",Entidad Local,"03028",Alacant/Alicante,el Comtat,Beniarrés,PERSONAS MAYORES,PERSONAS MAYORES,"1164",INFOBENIARRES@GMAIL.COM,"965515059",1993-08-06 00:00:00,"727533","4300040"
"POINT (723578 4371967)","224","1052",CENTRO OCUPACIONAL PARA PERSONAS CON DISCAPACIDAD O DIVERSIDAD FUNCIONAL,CENTRO OCUPACIONAL TOMAS DE OSMA II,"36","ALCER-TURIA, ASOCIACION PARA LA LUCHA CONTRA LAS ENFERMEDADES DEL RIÑON","C/ ANGEL DEL ALCAZAR, 6 Y 8",Entidad Privada,"46250",València/Valencia,València,València,PERSONAS CON DISCAPACIDAD,PERSONAS CON DISCAPACIDAD,"790201",CENTROCUPACIONAL@ALCERTURIA.ORG,"963502639",,"723578","4371967"
"POINT (682186 4214415)","225","1055",HOGARES Y CLUBS PARA PERSONAS MAYORES,"CLUB DE CONVIVENCIA ""MOLINS""","0",AYUNTAMIENTO DE ORIHUELA,"PZA.DE LA IGLESIA, S/N",Entidad Local,"03099",Alacant/Alicante,el Baix Segura/La Vega Baja,Orihuela,PERSONAS MAYORES,PERSONAS MAYORES,"80359",CGONZALEZ@ORIHUELA.ES,"966738108",1993-03-01 00:00:00,"682186","4214415"
"POINT (679959 4217296)","226","1057",HOGARES Y CLUBS PARA PERSONAS MAYORES,"CLUB DE CONVIVENCIA ""SAN BARTOLOME""","0",AYUNTAMIENTO DE ORIHUELA,"PZA.TRINITARIO FERNANDEZ, 1",Entidad Local,"03099",Alacant/Alicante,el Baix Segura/La Vega Baja,Orihuela,PERSONAS MAYORES,PERSONAS MAYORES,"80359",CGONZALEZ@ORIHUELA.ES,"966738108",1993-03-01 00:00:00,"679959","4217296"
"POINT (755661 4443234)","227","1058",HOGARES Y CLUBS PARA PERSONAS MAYORES,"CLUB CONVIVENCIA 3aEDAD ""SAN ANTONIO""","0",AJUNTAMENT DE LA POBLA TORNESA,"ENMIG, 2",Entidad Local,"12094",Castelló/Castellón,la Plana Alta,la Pobla Tornesa,PERSONAS MAYORES,PERSONAS MAYORES,"1200",zero@gva.es,"0",1997-05-22 00:00:00,"755661","4443234"
"POINT (740671 4407468)","228","1059",HOGARES Y CLUBS PARA PERSONAS MAYORES,CLUB DE CONVIVENCIA TERCERA EDAD LA SORT DE XILXES,"0",AJUNTAMENT DE XILXES,"PZA.CRISTO DE LA JUNQUERA, 12",Entidad Local,"12053",Castelló/Castellón,la Plana Baixa,Chilches/Xilxes,PERSONAS MAYORES,PERSONAS MAYORES,"2677",zero@gva.es,"964590002",1992-11-25 00:00:00,"740671","4407468"
"POINT (753194 4430690)","229","1060",CENTROS SOCIALES,CENTRO SOCIAL ESTEPAR-MARRADA,"0",AJUNTAMENT DE CASTELLO DE LA PLANA,"PZA. CHALET, S/N",Entidad Local,"12040",Castelló/Castellón,la Plana Alta,Castelló de la Plana,POBLACIÓN EN GENERAL Y COLECTIVOS SOCIALMENTE DESFAVORECIDOS,POBLACIÓN EN GENERAL Y COLECTIVOS SOCIALMENTE DESFAVORECIDOS,"170990",zero@gva.es,"964251689",1992-01-21 00:00:00,"753194","4430690"
"POINT (699994 4238738)","230","1061",HOGARES Y CLUBS PARA PERSONAS MAYORES,CLUB DE CONVIVENCIA ELX (EN PROCESO DE REGULARIZACION),"0",UNION COMARCAL DE L'HORTA DE C.C.O.O.,"FRANCISCO RUIZ BRU, 4",Entidad Privada,"03065",Alacant/Alicante,el Baix Vinalopó,Elx/Elche,PERSONAS MAYORES,PERSONAS MAYORES,"227659",UC1504@PV.CCOO.ES,"966675300",1993-09-20 00:00:00,"699994","4238738"
"POINT (728682 4371990)","231","1063",CENTRO OCUPACIONAL PARA PERSONAS CON DISCAPACIDAD O DIVERSIDAD FUNCIONAL,"CENTRO OCUPACIONAL ""GRABADOR PLANES""","50",AJUNTAMENT DE VALENCIA,"PZA.GRABADOR PLANES, 2",Entidad Local,"46250",València/Valencia,València,València,PERSONAS CON DISCAPACIDAD,PERSONAS CON DISCAPACIDAD,"790201",COMGRABADORPLANES@VALENCIA.ES,"962087440",1994-09-05 00:00:00,"728682","4371990"
"POINT (694714 4250242)","232","1064",TALLER PRELABORAL DE INSERCIÓN SOCIAL,"T.A.P.I.S. ""CASA SAN JOSE"" (EN PROCESO DE REGULARIZACION)","15",AJUNTAMENT DE NOVELDA,"REYES CATOLICOS, 102",Entidad Local,"03093",Alacant/Alicante,el Vinalopó Mitjà/El Vinalopó Medio,Novelda,POBLACIÓN EN GENERAL Y COLECTIVOS SOCIALMENTE DESFAVORECIDOS,POBLACIÓN EN GENERAL Y COLECTIVOS SOCIALMENTE DESFAVORECIDOS,"26054",zero@gva.es,"965606297",1994-09-02 00:00:00,"694714","4250242"
"POINT (710841 4319947)","233","1065",HOGARES Y CLUBS PARA PERSONAS MAYORES,CENTRO CONVIVENCIAL MUNICIPAL,"0",AJUNTAMENT DE ROTGLA Y CORBERA,"AVDA. RAMON BATALLER, 5",Entidad Local,"46217",València/Valencia,la Costera,Rotglà i Corberà,PERSONAS MAYORES,PERSONAS MAYORES,"1123",zero@gva.es,"0",1994-06-28 00:00:00,"710841","4319947"
"POINT (769393 4478893)","234","1071",HOGARES Y CLUBS PARA PERSONAS MAYORES,CLUB DE CONVIVENCIA PARA LA 3A EDAD LA SALZADELLA,"0",AJUNTAMENT DE LA SALZADELLA,"SAN JOSE, 50",Entidad Local,"12098",Castelló/Castellón,el Baix Maestrat,la Salzadella,PERSONAS MAYORES,PERSONAS MAYORES,"751",zero@gva.es,"964419282",1996-02-20 00:00:00,"769393","4478893"
"POINT (771759 4456958)","235","1075",HOGARES Y CLUBS PARA PERSONAS MAYORES,"CLUB DE CONVIVENCIA ""LA CONCORDIA""","0",AJUNTAMENT DE TORREBLANCA,"JACINTO BENAVENTE, S/N",Entidad Local,"12117",Castelló/Castellón,la Plana Alta,Torreblanca,PERSONAS MAYORES,PERSONAS MAYORES,"5398",zero@gva.es,"964420775",1993-11-05 00:00:00,"771759","4456958"
"POINT (748098 4468098)","236","1085",HOGARES Y CLUBS PARA PERSONAS MAYORES,CLUB CONVIVENCIA TERCERA EDAD TORRE D'EN BESORA,"0",AJUNTAMENT DE LA TORRE D'EN BESORA,C/ BAJA S/N,Entidad Local,"12119",Castelló/Castellón,l'Alt Maestrat,la Torre d'En Besora,PERSONAS MAYORES,PERSONAS MAYORES,"166",zero@gva.es,"964446001",1995-11-13 00:00:00,"748098","4468098"
"POINT (724098 4440742)","237","1086",HOGARES Y CLUBS PARA PERSONAS MAYORES,CLUB CONVIVENCIA TERCERA EDAD DE LUDIENTE,"0",AYUNTAMIENTO DE LUDIENTE,C/ CALZADILLA  14,Entidad Local,"12073",Castelló/Castellón,El Alto Mijares,Ludiente,PERSONAS MAYORES,PERSONAS MAYORES,"170",zero@gva.es,"964375031",1995-11-13 00:00:00,"724098","4440742"
"POINT (723152 4442222)","238","1087",HOGARES Y CLUBS PARA PERSONAS MAYORES,"CLUB CONVIVENCIA TERC. ED. ""LA GIRABA""","0",AYUNTAMIENTO DE LUDIENTE,C/ LA HOYUELA Nº 1. GIRABA DE ABAJO,Entidad Local,"12073",Castelló/Castellón,El Alto Mijares,Ludiente,PERSONAS MAYORES,PERSONAS MAYORES,"170",zero@gva.es,"964375031",1995-11-13 00:00:00,"723152","4442222"
"POINT (725133 4412587)","239","1088",HOGARES Y CLUBS PARA PERSONAS MAYORES,CLUB DE CONVIVENCIA DE TERCERA EDAD AZUEBAR,"0",AYUNTAMIENTO DE AZUEBAR,"C/ ESCULTOR VICTOR-HINO, 26 BAJO",Entidad Local,"12018",Castelló/Castellón,El Alto Palancia,Azuébar,PERSONAS MAYORES,PERSONAS MAYORES,"322",zero@gva.es,"964650006",1995-11-13 00:00:00,"725133","4412587"
"POINT (783268 4500408)","240","1089",HOGARES Y CLUBS PARA PERSONAS MAYORES,CLUB DE CONVIVENCIA DE TERCERA EDAD SAN RAFAEL DEL RIO,"0",AJUNTAMENT DE SAN RAFAEL DEL RIO,"C/ DR. PONS, 17",Entidad Local,"12101",Castelló/Castellón,el Baix Maestrat,San Rafael del Río,PERSONAS MAYORES,PERSONAS MAYORES,"483",zero@gva.es,"977713703",1995-11-13 00:00:00,"783268","4500408"
"POINT (712919 4414135)","241","1091",HOGARES Y CLUBS PARA PERSONAS MAYORES,CLUB CONVIVENCIA DE TERCERA EDAD,"0",AYUNTAMIENTO DE ALTURA,"PLAZA HONDA, S/N O C/ BRUNO SEBASTIAN, 7",Entidad Local,"12012",Castelló/Castellón,El Alto Palancia,Altura,PERSONAS MAYORES,PERSONAS MAYORES,"3621",zero@gva.es,"964146384",1995-11-13 00:00:00,"712919","4414135"
"POINT (714706 4414030)","242","1092",CENTRO OCUPACIONAL PARA PERSONAS CON DISCAPACIDAD O DIVERSIDAD FUNCIONAL,CENTRO OCUPACIONAL ALTO PALANCIA,"40",AYUNTAMIENTO DE SEGORBE,"C/ CRONISTA FAUS Y FAUS, S/N",Entidad Local,"12104",Castelló/Castellón,El Alto Palancia,Segorbe,PERSONAS CON DISCAPACIDAD,PERSONAS CON DISCAPACIDAD,"9005",PSIPILAR@HOTMAIL.COM,"964713204",1995-11-13 00:00:00,"714706","4414030"
"POINT (746963 4313802)","243","1095",CENTRO OCUPACIONAL PARA PERSONAS CON DISCAPACIDAD O DIVERSIDAD FUNCIONAL,CENTRO OCUPACIONAL LA SAFOR,"80",AUNA INCLUSIÓ,"C/PAIS VALENCIÀ 9, POL IN HORT DE LLORET",Entidad Privada,"46037",València/Valencia,la Safor,l'Alqueria de la Comtessa,PERSONAS CON DISCAPACIDAD,PERSONAS CON DISCAPACIDAD,"1451",ASMISAF@ASMISAF.ES,"962800482",1995-11-21 00:00:00,"746963","4313802"
"POINT (707480 4390933)","244","1096",CENTRO OCUPACIONAL PARA PERSONAS CON DISCAPACIDAD O DIVERSIDAD FUNCIONAL,CENTRO OCUPACIONAL EL PRAT,"35",AJUNTAMENT DE LLIRIA,"CAMI DE SAN VICENTE,  S/N",Entidad Local,"46147",València/Valencia,el Camp de Túria,Llíria,PERSONAS CON DISCAPACIDAD,PERSONAS CON DISCAPACIDAD,"22796",CENTRE.OCUPACIONAL@LLIRIA.ES,"962792656",1996-02-12 00:00:00,"707480","4390933"
"POINT (761633 4458006)","245","1099",HOGARES Y CLUBS PARA PERSONAS MAYORES,HOGAR DEL PENSIONISTA Y JUBILADO,"0",ASOC.JUBIL.Y PENS.DE VILANOVA D'ALCOLEA,"RAIMUNDO REBOLLIDA, 31",Entidad Privada,"12132",Castelló/Castellón,la Plana Alta,Vilanova d'Alcolea,PERSONAS MAYORES,PERSONAS MAYORES,"595",zero@gva.es,"964707032",1996-02-29 00:00:00,"761633","4458006"
"POINT (728918 4385231)","246","1100",RESIDENCIAS PARA PERSONAS MAYORES DEPENDIENTES,RESIDENCIA P.M.D. VIRGEN DEL MILAGRO DE RAFELBUNYOL,"93",AJUNTAMENT DE RAFELBUNYOL,C/JOSE MARIA LLOPIS S/N,Entidad Local,"46207",València/Valencia,l'Horta Nord,Rafelbunyol,PERSONAS MAYORES,PERSONAS MAYORES,"8907",administracion@remarasa.es,"961412063",1998-06-10 00:00:00,"728918","4385231"
"POINT (712450 4380936)","247","1101",RESIDENCIAS PARA PERSONAS MAYORES DEPENDIENTES,R.P.M.D. CENTRO GERIATRICO EL OLIVO,"84",MASNEGOX LABERINTIO 2M12 SL,"C/PISCINA, 9",Entidad Privada,"46214",València/Valencia,el Camp de Túria,Riba-roja de Túria,PERSONAS MAYORES,PERSONAS MAYORES,"21521",v.masnegox@gmail.com,"697922101",1996-04-17 00:00:00,"712450","4380936"
"POINT (751165 4444421)","248","1109",HOGARES Y CLUBS PARA PERSONAS MAYORES,CLUB DE CONVIVENCIA DE LA TERCERA EDAD DE VILLAFAMES,"0",AJUNTAMENT DE VILAFAMES,C/FERRER FORNS S/N,Entidad Local,"12128",Castelló/Castellón,la Plana Alta,Vilafamés,PERSONAS MAYORES,PERSONAS MAYORES,"1851",zero@gva.es,"964329013",1996-05-24 00:00:00,"751165","4444421"
"POINT (690228 4365754)","249","1110",CENTRO OCUPACIONAL PARA PERSONAS CON DISCAPACIDAD O DIVERSIDAD FUNCIONAL,"CENTRO OCUPACIONAL ""VIA LIBRE""","27",AYUNTAMIENTO DE BUÑOL,"C/ EN PROYECTO, S/N  (ANTIG. EST. RENFE)",Entidad Local,"46077",València/Valencia,La Hoya de Buñol,Buñol,PERSONAS CON DISCAPACIDAD,PERSONAS CON DISCAPACIDAD,"9618",COVIALIBRE@HOTMAIL.COM,"962503837",1996-05-27 00:00:00,"690228","4365754"
"POINT (692271 4260470)","250","1113",CENTROS SOCIALES,"CENTRO SOCIAL ""SEVERO OCHOA""","0",INSTITUTO MUNICIPAL DE SERVICIOS SOCIALES DE ELDA,"C/ VELAZQUEZ, 8",Entidad Local,"03066",Alacant/Alicante,el Vinalopó Mitjà/El Vinalopó Medio,Elda,POBLACIÓN EN GENERAL Y COLECTIVOS SOCIALMENTE DESFAVORECIDOS,POBLACIÓN EN GENERAL Y COLECTIVOS SOCIALMENTE DESFAVORECIDOS,"52745",zero@gva.es,"965395902",1996-07-11 00:00:00,"692271","4260470"
"POINT (724354 4372391)","251","1114",CENTRO OCUPACIONAL PARA PERSONAS CON DISCAPACIDAD O DIVERSIDAD FUNCIONAL,CENTRO OCUPACIONAL VIRGEN DE LA ESPERANZA,"32",ASOC PADRES CENTRO OCUP VIRGEN DE LA ESPERANZA,"C/ MARTIN EL HUMANO, 1, B",Entidad Privada,"46250",València/Valencia,València,València,PERSONAS CON DISCAPACIDAD,PERSONAS CON DISCAPACIDAD,"790201",COVIRGENESPERANZA@YAHOO.ES,"963842543",1996-07-03 00:00:00,"724354","4372391"
"POINT (677473 4217582)","252","1116",CENTROS SOCIALES,"CENTRO SOCIAL ""LA APARECIDA"" (EN PROCESO DE REGULARIZACION)","0",AYUNTAMIENTO DE ORIHUELA,"C/ LAS ESCUELAS, 1",Entidad Local,"03099",Alacant/Alicante,el Baix Segura/La Vega Baja,Orihuela,POBLACIÓN EN GENERAL Y COLECTIVOS SOCIALMENTE DESFAVORECIDOS,POBLACIÓN EN GENERAL Y COLECTIVOS SOCIALMENTE DESFAVORECIDOS,"80359",zero@gva.es,"965300745",1996-07-24 00:00:00,"677473","4217582"
"POINT (679643 4217628)","253","1117",CENTROS SOCIALES,CENTRO SOCIAL REIGUERO DE BONANZA (EN PROCESO DE REGULARIZACION),"0",AYUNTAMIENTO DE ORIHUELA,C/ HOSPITAL 47,Entidad Local,"03099",Alacant/Alicante,el Baix Segura/La Vega Baja,Orihuela,POBLACIÓN EN GENERAL Y COLECTIVOS SOCIALMENTE DESFAVORECIDOS,POBLACIÓN EN GENERAL Y COLECTIVOS SOCIALMENTE DESFAVORECIDOS,"80359",zero@gva.es,"965300745",1996-07-24 00:00:00,"679643","4217628"
"POINT (682186 4214415)","254","1118",CENTROS SOCIALES,CENTRO SOCIAL DESAMPARADOS (EN PROCESO DE REGULARIZACION),"0",AYUNTAMIENTO DE ORIHUELA,PLAZA DELA IGLESIA S/N,Entidad Local,"03099",Alacant/Alicante,el Baix Segura/La Vega Baja,Orihuela,POBLACIÓN EN GENERAL Y COLECTIVOS SOCIALMENTE DESFAVORECIDOS,POBLACIÓN EN GENERAL Y COLECTIVOS SOCIALMENTE DESFAVORECIDOS,"80359",zero@gva.es,"965300745",1996-07-24 00:00:00,"682186","4214415"
"POINT (675348 4216852)","255","1119",CENTROS SOCIALES,"CENTRO SOCIAL ""ARNEVA"" ( EN PROCESO DE REGULARIZACION)","0",AYUNTAMIENTO DE ORIHUELA,ANTIGUAS ESCUELAS S/N,Entidad Local,"03099",Alacant/Alicante,el Baix Segura/La Vega Baja,Orihuela,POBLACIÓN EN GENERAL Y COLECTIVOS SOCIALMENTE DESFAVORECIDOS,POBLACIÓN EN GENERAL Y COLECTIVOS SOCIALMENTE DESFAVORECIDOS,"80359",zero@gva.es,"965300745",1996-07-24 00:00:00,"675348","4216852"
"POINT (721733 4249442)","256","1120",RESIDENCIAS PARA PERSONAS MAYORES DEPENDIENTES,RESIDENCIA PARA PERSONAS MAYORES DEPENDIENTES  EL PAULAR,"45",EL PAULAR SOCIEDAD LIMITADA,"PARTIDA ORGEGIA, 62 VISTAHERMOSA",Entidad Privada,"03014",Alacant/Alicante,l'Alacantí,Alacant/Alicante,PERSONAS MAYORES,PERSONAS MAYORES,"330525",residenciaelpaular@gmail.com,"965163205",1997-01-02 00:00:00,"721733","4249442"
"POINT (719814 4248501)","257","1122",COMEDOR SOCIAL,COMEDOR SOCIAL SAL DE LA TIERRA,"70","ASOCIACION JUVENIL ""LA SAL DE LA TIERRA""","C/ ALCALA GALIANO, 85",Entidad Privada,"03014",Alacant/Alicante,l'Alacantí,Alacant/Alicante,POBLACIÓN EN GENERAL Y COLECTIVOS SOCIALMENTE DESFAVORECIDOS,POBLACIÓN EN GENERAL Y COLECTIVOS SOCIALMENTE DESFAVORECIDOS,"330525",zero@gva.es,"965254476",1996-02-21 00:00:00,"719814","4248501"
"POINT (724986 4501912)","258","1127",HOGARES Y CLUBS PARA PERSONAS MAYORES,HOGAR DEL JUBILADO VIRGEN DE LA NARANJA,"0",AJUNTAMENT D'OLOCAU,HORNO S/N,Entidad Local,"12083",Castelló/Castellón,els Ports,Olocau del Rey,PERSONAS MAYORES,PERSONAS MAYORES,"118",zero@gva.es,"964178417",1996-11-07 00:00:00,"724986","4501912"
"POINT (720331 4360409)","259","1129",HOGARES Y CLUBS PARA PERSONAS MAYORES,HOGAR DEL JUBILADO ALCACER,"0",AJUNTAMENT D'ALCÀSSER,AVDA. JUAN XXIII 15,Entidad Local,"46015",València/Valencia,l'Horta Sud,Alcàsser,PERSONAS MAYORES,PERSONAS MAYORES,"9692",zero@gva.es,"961240114",1996-10-16 00:00:00,"720331","4360409"
"POINT (728274 4398113)","260","1130",HOGARES Y CLUBS PARA PERSONAS MAYORES,CLUB DE CONVIVENCIA DE LA TERCERA EDA DE ALBALAT DELS TARONGERS,"0",AJUNTAMENT D'ALBALAT DELS TARONGERS,PLA DEL MOLI Nº 5,Entidad Local,"46010",València/Valencia,el Camp de Morvedre,Albalat dels Tarongers,PERSONAS MAYORES,PERSONAS MAYORES,"1185",ATARONGERS_ALC@GVA.ES,"932628201",1996-10-16 00:00:00,"728274","4398113"
"POINT (700105 4238240)","261","1133",CENTROS SOCIALES,CENTRO SOCIAL MATOLA (EN PROCESO DE REGULARIZACION),"0",AJUNTAMENT D'ELX,PEDANIA MATOLA,Entidad Local,"03065",Alacant/Alicante,el Baix Vinalopó,Elx/Elche,POBLACIÓN EN GENERAL Y COLECTIVOS SOCIALMENTE DESFAVORECIDOS,POBLACIÓN EN GENERAL Y COLECTIVOS SOCIALMENTE DESFAVORECIDOS,"227659",zero@gva.es,"965451340",1996-08-21 00:00:00,"700105","4238240"
"POINT (706216 4232808)","262","1134",CENTROS SOCIALES,CENTRO SOCIAL LAS BAYAS (EN PROCESO DE REGULARIZACION),"0",AJUNTAMENT D'ELX,"C/ MUTXOL, 3",Entidad Local,"03065",Alacant/Alicante,el Baix Vinalopó,Elx/Elche,POBLACIÓN EN GENERAL Y COLECTIVOS SOCIALMENTE DESFAVORECIDOS,POBLACIÓN EN GENERAL Y COLECTIVOS SOCIALMENTE DESFAVORECIDOS,"227659",zero@gva.es,"965451340",1996-08-21 00:00:00,"706216","4232808"
"POINT (701360 4237220)","263","1135",CENTROS SOCIALES,CENTRO SOCIAL RAVAL,"0",AJUNTAMENT D'ELX,"C/ BAIX Y ROSARIO, 2",Entidad Local,"03065",Alacant/Alicante,el Baix Vinalopó,Elx/Elche,POBLACIÓN EN GENERAL Y COLECTIVOS SOCIALMENTE DESFAVORECIDOS,POBLACIÓN EN GENERAL Y COLECTIVOS SOCIALMENTE DESFAVORECIDOS,"227659",zero@gva.es,"965451000",1997-05-12 00:00:00,"701360","4237220"
"POINT (736636 4339192)","264","1136",CENTROS SOCIALES,CENTRO SOCIAL DE CULLERA,"0",AJUNTAMENT DE CULLERA,C/ SUECA S/N,Entidad Local,"46105",València/Valencia,la Ribera Baixa,Cullera,POBLACIÓN EN GENERAL Y COLECTIVOS SOCIALMENTE DESFAVORECIDOS,POBLACIÓN EN GENERAL Y COLECTIVOS SOCIALMENTE DESFAVORECIDOS,"22139",SSOCIALS@CULLERA.ES,"961733068",1996-08-22 00:00:00,"736636","4339192"
"POINT (723272 4252176)","265","1139",RESIDENCIAS PARA PERSONAS MAYORES DEPENDIENTES,RESIDENCIA PARA PERSONAS MAYORES DEPENDIENTES VISTAHERMOSA,"33",RESIDENCIA DE LA TERCERA EDAD VISTAHERMOSA,"PARTIDA DE ORGEGIA, 31 (SANTA FAZ)",Entidad Privada,"03014",Alacant/Alicante,l'Alacantí,Alacant/Alicante,PERSONAS MAYORES,PERSONAS MAYORES,"330525",info@residenciavillahermosa.com,"965263195",1998-11-24 00:00:00,"723272","4252176"
"POINT (682186 4214415)","266","1140",HOGARES Y CLUBS PARA PERSONAS MAYORES,"CLUB DE CONVIVENCIA ""LA MURADA""","0",AYUNTAMIENTO DE ORIHUELA,"PZA.DE LA IGLESIA, S/N",Entidad Local,"03099",Alacant/Alicante,el Baix Segura/La Vega Baja,Orihuela,PERSONAS MAYORES,PERSONAS MAYORES,"80359",CGONZALEZ@ORIHUELA.ES,"966738108",1993-03-01 00:00:00,"682186","4214415"
"POINT (713341 4381504)","267","1141",RESIDENCIAS PARA PERSONAS MAYORES DEPENDIENTES,RESIDENCIA PARA PERSONAS MAYORES DEPENDIENTES MONTESOL,"40",ATDE MONTESOL,C/ BADAJOZ N 7,Entidad Privada,"46116",València/Valencia,el Camp de Túria,l'Eliana,PERSONAS MAYORES,PERSONAS MAYORES,"17591",gerencia@residenciamontesol.com,"962741901",1996-10-07 00:00:00,"713341","4381504"
"POINT (708693 4380138)","268","1144",RESIDENCIAS PARA PERSONAS MAYORES DEPENDIENTES,RESIDENCIA PARA PERSONAS MAYORES DEPENDIENTES ENTRENARANJOS,"69",SAFIBEL SOCIEDAD LIMITADA(RTE ENTRE NARANJOS),"CTRA. REVA-RIBARROJA KM.3,3",Entidad Privada,"46214",València/Valencia,el Camp de Túria,Riba-roja de Túria,PERSONAS MAYORES,PERSONAS MAYORES,"21521",entrenaranjos@ctv.es,"962770298",1997-01-02 00:00:00,"708693","4380138"
"POINT (716236 4365185)","269","1146",RESIDENCIAS PARA PERSONAS MAYORES DEPENDIENTES,RESIDENCIA PARA PERSONAS MAYORES DEPENDIENTES NTRA. SRA. DE LA ESTRELLA,"42",CENTRO DE MAYORES NTRA. SRA. DE LA ESTRELLA S.L.,"ALCALA GALIANO, 2",Entidad Privada,"46244",València/Valencia,l'Horta Sud,Torrent,PERSONAS MAYORES,PERSONAS MAYORES,"80762",INFO@RESIDENCIALAESTRELLA.COM,"961556212",1997-07-14 00:00:00,"716236","4365185"
"POINT (718183 4368857)","270","1150",RESIDENCIAS PARA PERSONAS MAYORES DEPENDIENTES,RESIDENCIA PARA PERSONAS MAYORES DEPENDIENTES NTRA. SRA. DEL BUEN CONSEJO I,"19","NTRA. SRA. DEL BUEN CONSEJO, S.L.","BUEN CONSEJO, 6, BAJO",Entidad Privada,"46244",València/Valencia,l'Horta Sud,Torrent,PERSONAS MAYORES,PERSONAS MAYORES,"80762",RESIDENCIABCONSEJO@GMAIL.COM,"961563155",1997-04-28 00:00:00,"718183","4368857"
"POINT (718787 4310126)","271","1151",HOGARES Y CLUBS PARA PERSONAS MAYORES,CLUB DE CONVIVENCIA DE TERCERA EDAD BENISUERA,"0",AJUNTAMENT DE BENISUERA,PLZ. IGLESIA 2,Entidad Local,"46069",València/Valencia,la Vall d'Albaida,Benissuera,PERSONAS MAYORES,PERSONAS MAYORES,"187",zero@gva.es,"962293031",1994-06-27 00:00:00,"718787","4310126"
"POINT (760328 4301405)","272","1153",HOGARES Y CLUBS PARA PERSONAS MAYORES,CLUB DE CONVIVENCIA DE LA TERCERA EDAD BENIARBEIG,"0",AJUNTAMENT DE BENIARBEIG,AVD. VERGEL S/N,Entidad Local,"03026",Alacant/Alicante,la Marina Alta,Beniarbeig,PERSONAS MAYORES,PERSONAS MAYORES,"1917",zero@gva.es,"965766018",1996-11-07 00:00:00,"760328","4301405"
"POINT (720869 4255503)","273","1154",C. A. RESIDENCIAL PARA PERSONAS EN SITUACIÓN DE DEPENDENCIA,RESIDENCIA PARA PERSONAS CON DISCAPACIDAD EN SITUCIÓN DE DEPENDENCIA CASAVERDE MUTXAMEL,"60",ALBOAIRES S.A.,C/ PONENT  15-17,Entidad Privada,"03090",Alacant/Alicante,l'Alacantí,Mutxamel,PERSONAS CON DISCAPACIDAD,PERSONAS CON DISCAPACIDAD,"24487",RECEPCION.MUCHAMIEL@GRUPOCASAVERDE.COM,"965950711",1997-12-22 00:00:00,"720869","4255503"
"POINT (693978 4193165)","274","1156",RESIDENCIAS PARA PERSONAS MAYORES DEPENDIENTES,RESIDENCIA  P.M.D. NUESTRA SEÑORA DE LAS NIEVES,"38",MERCANTIL NUESTRA SEÑORA DE LAS NIEVES S.L.,"MARQUES DE PEÑACERRADA, 3",Entidad Privada,"03902",Alacant/Alicante,el Baix Segura/La Vega Baja,Pilar de la Horadada,PERSONAS MAYORES,PERSONAS MAYORES,"21348",residencialanieves@yahoo.es,"965352535",1997-07-25 00:00:00,"693978","4193165"
"POINT (720384 4287016)","275","1161",CENTROS RESIDENCIALES PARA PERSONAS MAYORES,CENTRO RESIDENCIAL PARA PERSONAS MAYORES  HOGAR SAN JOSE,"121",HERMANITAS DE LOS ANCIANOS DESAMPARADOS  CURIA GENERAL,"SANTA TERESA DE JORNET, 2",Entidad Privada,"03009",Alacant/Alicante,l'Alcoià,Alcoi/Alcoy,PERSONAS MAYORES,PERSONAS MAYORES,"59198",ALCOY@HERMANITAS.ES,"965520116",2010-01-28 00:00:00,"720384","4287016"
"POINT (700990 4237138)","276","1163",CENTROS RESIDENCIALES PARA PERSONAS MAYORES,CENTRO RESIDENCIAL PARA PERSONAS MAYORES HOGAR SAN JOSE,"133",HERMANITAS DE LOS ANCIANOS DESAMPARADOS  CURIA GENERAL,"FERNANDA SANTA MARIA, 5",Entidad Privada,"03065",Alacant/Alicante,el Baix Vinalopó,Elx/Elche,PERSONAS MAYORES,PERSONAS MAYORES,"227659",elche@hermanitas.es,"966636316",2003-11-07 00:00:00,"700990","4237138"
"POINT (762386 4438679)","277","1164",RESIDENCIAS PARA PERSONAS MAYORES DEPENDIENTES,RESIDENCIA P.M.D. GERIATRICA DE BENICASSIM,"49",RESIDENCIA GERIATRIA DE BENICASSIM S.L.,C/VILLARROIG 3,Entidad Privada,"12028",Castelló/Castellón,la Plana Alta,Benicàssim/Benicasim,PERSONAS MAYORES,PERSONAS MAYORES,"17957",benicasim@residenciascastellon.com,"964300566",1997-06-16 00:00:00,"762386","4438679"
"POINT (710800 4367744)","278","1165",RESIDENCIAS PARA PERSONAS MAYORES DEPENDIENTES,RESIDENCIA PARA PERSONAS MAYORES DEPENDIENTES VIRGEN DE CORTES,"43",RESIDENCIA VIRGEN DE CORTES S.L.,"AVDA. BUENOS AIRES, 67",Entidad Privada,"46111",València/Valencia,La Hoya de Buñol,Chiva,PERSONAS MAYORES,PERSONAS MAYORES,"14758",INFO@VIRGENDECORTES.COM,"961980076",1996-12-03 00:00:00,"710800","4367744"
"POINT (794403 4485783)","279","1166",HOGARES Y CLUBS PARA PERSONAS MAYORES,CENTRO MUNICIPAL DE LA TERCERA EDAD,"0",AJUNTAMENT DE VINAROS,"C/ PILAR, 42",Entidad Local,"12138",Castelló/Castellón,el Baix Maestrat,Vinaròs,PERSONAS MAYORES,PERSONAS MAYORES,"28290",zero@gva.es,"964649100",1997-01-30 00:00:00,"794403","4485783"
"POINT (710418 4367283)","280","1169",C. A. RESIDENCIAL PARA PERSONAS EN SITUACIÓN DE DEPENDENCIA,CENTRO TERAPEUTICO LA RIBERA S.L.,"78",CENTRO TERAPEUTICO LA RIBERA S.L.U.,"PICOS DE EUROPA, 162,163",Entidad Privada,"46111",València/Valencia,La Hoya de Buñol,Chiva,PERSONAS CON ENFERMEDAD MENTAL,PERSONAS CON ENFERMEDAD MENTAL,"14758",ASIGERVISTABELLA@GMAIL.COM,"961572640",1996-12-20 00:00:00,"710418","4367283"
"POINT (790497 4479422)","281","1170",RESIDENCIAS PARA PERSONAS MAYORES DEPENDIENTES,"CENTRO GERIATRICO ""SANT BERTOMEU""","64",ORGANISMO AUTONOMO DE CENTROS SOCIALES ESPECIALIZADOS DE BENICARLÓ,PENISCOLA 19,Entidad Privada,"12027",Castelló/Castellón,el Baix Maestrat,Benicarló,PERSONAS MAYORES,PERSONAS MAYORES,"26486",direcciocentregeriatric@oacse.org,"964471867",1996-12-23 00:00:00,"790497","4479422"
"POINT (732823 4503233)","282","1174",HOGARES Y CLUBS PARA PERSONAS MAYORES,CLUB DE CONVIVENCIA DE LA TERCERA EDAD SAN BARTOLOME,"0",ASOCIACION DE JUBILADOS Y PENSIONISTAS SAN BARTOLOME,C/ DEL HORNO24,Entidad Privada,"12112",Castelló/Castellón,els Ports,Todolella,PERSONAS MAYORES,PERSONAS MAYORES,"147",zero@gva.es,"964171178",1997-01-30 00:00:00,"732823","4503233"
"POINT (711217 4382013)","283","1181",RESIDENCIAS PARA PERSONAS MAYORES DEPENDIENTES,RESIDENCIA PARA PERSONAS MAYORES DEPENDIENTES ASIGER LA PALOMA,"68",ASIGER LA PALOMA S.L.,"C/ ALDAIA, 1",Entidad Privada,"46116",València/Valencia,el Camp de Túria,l'Eliana,PERSONAS MAYORES,PERSONAS MAYORES,"17591",direccion.lapaloma@asiger.com,"962743039",1997-09-22 00:00:00,"711217","4382013"
"POINT (699502 4217958)","284","1184",CENTROS SOCIALES,CENTRO SOCIAL DE ROJALES,"0",AYUNTAMIENTO DE ROJALES,"MALECON DE LA ENCANTA, 2",Entidad Local,"03113",Alacant/Alicante,el Baix Segura/La Vega Baja,Rojales,POBLACIÓN EN GENERAL Y COLECTIVOS SOCIALMENTE DESFAVORECIDOS,POBLACIÓN EN GENERAL Y COLECTIVOS SOCIALMENTE DESFAVORECIDOS,"17622",zero@gva.es,"966715001",1997-02-28 00:00:00,"699502","4217958"
"POINT (714610 4332723)","285","1186",RESIDENCIAS PARA PERSONAS MAYORES DEPENDIENTES,RESIDENCIA P.M.D. LA MILAGROSA ALBERIC,"32",FUNDACION SANTO HOSPITAL D'ALBERIC,"HOSPITAL, 4",Entidad Privada,"46011",València/Valencia,la Ribera Alta,Alberic,PERSONAS MAYORES,PERSONAS MAYORES,"10537",residencialamilagrosa@larescvalenciana.org,"962445052",2000-09-22 00:00:00,"714610","4332723"
"POINT (737753 4439932)","286","1187",RESIDENCIAS PARA PERSONAS MAYORES DEPENDIENTES,RESIDENCIA P.M.D. HOGAR MADRE ROSA OJEDA ALCORA,"70",RESIDENCIA BENEFICA DE ALCORA CARMELITAS DE SAN JOSE,VENERABLE CURA BELTRAN 28,Entidad Privada,"12005",Castelló/Castellón,l'Alcalatén,l'Alcora,PERSONAS MAYORES,PERSONAS MAYORES,"10535",,"964360216",1997-05-14 00:00:00,"737753","4439932"
"POINT (723827 4380430)","287","1189",CENTROS SOCIALES,CENTRO DE SERVICIOS SOCIALES MONCADA (EN PROCESO DE REGULARIZACION),"0",AJUNTAMENT DE MONCADA,"AVD. FERNANDO EL CATOLICO, 6",Entidad Local,"46171",València/Valencia,l'Horta Nord,Montcada/Moncada,POBLACIÓN EN GENERAL Y COLECTIVOS SOCIALMENTE DESFAVORECIDOS,POBLACIÓN EN GENERAL Y COLECTIVOS SOCIALMENTE DESFAVORECIDOS,"21700",SERVEIS.SOCIALS@MONCADA.ES,"961390716",1996-09-13 00:00:00,"723827","4380430"
"POINT (715064 4341373)","288","1190",CENTROS SOCIALES,CENTRO SOCIAL L'ALCUDIA,"0",AJUNTAMENT DE L'ALCUDIA,C/ GRUP DE DANCA S/N,Entidad Local,"46019",València/Valencia,la Ribera Alta,l'Alcúdia,POBLACIÓN EN GENERAL Y COLECTIVOS SOCIALMENTE DESFAVORECIDOS,POBLACIÓN EN GENERAL Y COLECTIVOS SOCIALMENTE DESFAVORECIDOS,"11820",BENESTARSOCIAL@LALCUDIA.COM,"962996811",1996-09-13 00:00:00,"715064","4341373"
"POINT (718046 4374774)","289","1192",CENTROS SOCIALES,SEDE EQUIPO SOCIAL DE BASE,"0",AJUNTAMENT DE MANISES,"PLAZA DOS DE MAYO, 12",Entidad Local,"46159",València/Valencia,l'Horta Sud,Manises,POBLACIÓN EN GENERAL Y COLECTIVOS SOCIALMENTE DESFAVORECIDOS,POBLACIÓN EN GENERAL Y COLECTIVOS SOCIALMENTE DESFAVORECIDOS,"30704",MAURI.GONZALEZ@MANISES.ES,"961521998",1996-09-13 00:00:00,"718046","4374774"
"POINT (726770 4370624)","290","1193",CENTROS DE ACOGIDA PARA EX-RECLUSOS,CENTRO Y TALLER DE COSTURA,"0",ASOCIACION GITANA DE VALENCIA,"SEVERIANO GOIG, 8 BAJO",Entidad Privada,"46250",València/Valencia,València,València,POBLACIÓN EN GENERAL Y COLECTIVOS SOCIALMENTE DESFAVORECIDOS,POBLACIÓN EN GENERAL Y COLECTIVOS SOCIALMENTE DESFAVORECIDOS,"790201",zero@gva.es,"0",1996-09-13 00:00:00,"726770","4370624"
"POINT (758459 4278464)","291","1196",TALLER PRELABORAL DE INSERCIÓN SOCIAL,T.A.P.I.S. ALTEA (EN PROCESO DE REGULARIZACION),"15",AJUNTAMENT D'ALTEA,"PARTIDA CAP NEGRET, 100",Entidad Local,"03018",Alacant/Alicante,la Marina Baixa,Altea,POBLACIÓN EN GENERAL Y COLECTIVOS SOCIALMENTE DESFAVORECIDOS,POBLACIÓN EN GENERAL Y COLECTIVOS SOCIALMENTE DESFAVORECIDOS,"21739",zero@gva.es,"965843892",1997-03-21 00:00:00,"758459","4278464"
"POINT (713538 4230074)","292","1197",TALLER PRELABORAL DE INSERCIÓN SOCIAL,T.A.P.I.S. SANTA POLA,"15",AJUNTAMENT DE SANTA POLA,"C/ PORTUS ILICITANUS, 14-B",Entidad Local,"03121",Alacant/Alicante,el Baix Vinalopó,Santa Pola,POBLACIÓN EN GENERAL Y COLECTIVOS SOCIALMENTE DESFAVORECIDOS,POBLACIÓN EN GENERAL Y COLECTIVOS SOCIALMENTE DESFAVORECIDOS,"31309",zero@gva.es,"966692781",1997-03-21 00:00:00,"713538","4230074"
"POINT (752706 4269270)","293","1199",TALLER PRELABORAL DE INSERCIÓN SOCIAL,T.A.P.I.S. BENIDORM (EN PROCESO DE REGULARIZACION),"20",AJUNTAMENT DE BENIDORM,"C/ LONDRES, 22",Entidad Local,"03031",Alacant/Alicante,la Marina Baixa,Benidorm,POBLACIÓN EN GENERAL Y COLECTIVOS SOCIALMENTE DESFAVORECIDOS,POBLACIÓN EN GENERAL Y COLECTIVOS SOCIALMENTE DESFAVORECIDOS,"66642",zero@gva.es,"965858112",1997-03-21 00:00:00,"752706","4269270"
"POINT (763467 4298160)","294","1202",CENTROS SOCIALES,CENTRO SOCIAL DE PEDREGUER,"0",AJUNTAMENT DE PEDREGUER,"C/ AYUNTAMIENTO, 21",Entidad Local,"03101",Alacant/Alicante,la Marina Alta,Pedreguer,POBLACIÓN EN GENERAL Y COLECTIVOS SOCIALMENTE DESFAVORECIDOS,POBLACIÓN EN GENERAL Y COLECTIVOS SOCIALMENTE DESFAVORECIDOS,"7431",zero@gva.es,"965760654",1997-03-26 00:00:00,"763467","4298160"
"POINT (725625 4373057)","295","1203",RESIDENCIAS PARA PERSONAS MAYORES DEPENDIENTES,RESIDENCIA P.M.D. VALSENIOR TORRES DE  SERRANOS,"81","GERISERVIS, S.L.",C/ DE LOS SERRANOS 7 Y 9,Entidad Privada,"46250",València/Valencia,València,València,PERSONAS MAYORES,PERSONAS MAYORES,"790201",,"963919596",1998-01-28 00:00:00,"725625","4373057"
"POINT (719815 4248491)","296","1204",TALLER PRELABORAL DE INSERCIÓN SOCIAL,T.A.P.I.S. SAL DE LA TIERRA,"0","ASOCIACION JUVENIL ""LA SAL DE LA TIERRA""","C/ ALCALA GALIANO, 85",Entidad Privada,"03014",Alacant/Alicante,l'Alacantí,Alacant/Alicante,POBLACIÓN EN GENERAL Y COLECTIVOS SOCIALMENTE DESFAVORECIDOS,POBLACIÓN EN GENERAL Y COLECTIVOS SOCIALMENTE DESFAVORECIDOS,"330525",zero@gva.es,"965254476",1997-03-07 00:00:00,"719815","4248491"
"POINT (716150 4252700)","297","1205",RESIDENCIAS PARA PERSONAS MAYORES DEPENDIENTES,RESIDENCIA PARA PERSONAS MAYORES DEPENDIENTES NTRA. SRA. DE LA VICTORIA,"20",JOSE LUIS,"CAMINO DE JUNCARET, 20., PARTIDA TORREGR",Entidad Privada,"03122",Alacant/Alicante,l'Alacantí,Sant Vicent del Raspeig/San Vicente del Raspeig,PERSONAS MAYORES,PERSONAS MAYORES,"56715",zero@gva.es,"965666262",2000-06-01 00:00:00,"716150","4252700"
"POINT (686779 4227628)","298","1209",HOGARES Y CLUBS PARA PERSONAS MAYORES,CLUB DE CONVIVENCIA DE LA TERCERA EDAD DE ALBATERA,"0",AYUNTAMIENTO DE ALBATERA,SAN ANTONIO S/N,Entidad Local,"03005",Alacant/Alicante,el Baix Segura/La Vega Baja,Albatera,PERSONAS MAYORES,PERSONAS MAYORES,"11756",AYUNTAMIENTOALBATERA@ALBATERA.ORG,"965486292",1998-04-29 00:00:00,"686779","4227628"
"POINT (705263 4442134)","299","1210",HOGARES Y CLUBS PARA PERSONAS MAYORES,CLUB DE CONVIVENCIA DE LA T.E. DE PUEBLA DE ARENOSO,"0",AYUNTAMIENTO DE PUEBLA DE ARENOSO,LA PORTERA 23 BAJO,Entidad Local,"12092",Castelló/Castellón,El Alto Mijares,Puebla de Arenoso,PERSONAS MAYORES,PERSONAS MAYORES,"143",zero@gva.es,"964124601",1998-02-17 00:00:00,"705263","4442134"
"POINT (723289 4445536)","300","1211",HOGARES Y CLUBS PARA PERSONAS MAYORES,CLUB DE CONVIVENCIA DE LA T.E. CASTILLO VILLAMALEFA,"0",AYUNTAMIENTO CASTILLO DE VILLAMALEFA,"PLAZA DE ESPAÑA, S/N",Entidad Local,"12041",Castelló/Castellón,El Alto Mijares,Castillo de Villamalefa,PERSONAS MAYORES,PERSONAS MAYORES,"103",zero@gva.es,"964375001",1997-04-18 00:00:00,"723289","4445536"
"POINT (719196 4370850)","301","1212",TALLER PRELABORAL DE INSERCIÓN SOCIAL,T.A.P.I.S. ALAQUAS (EN PROCESO DE REGULARIZACION),"0",AJUNTAMENT D'ALAQUAS,"C/ MAYOR, 88 (C/ANTONIO MACHADO)",Entidad Local,"46005",València/Valencia,l'Horta Sud,Alaquàs,POBLACIÓN EN GENERAL Y COLECTIVOS SOCIALMENTE DESFAVORECIDOS,POBLACIÓN EN GENERAL Y COLECTIVOS SOCIALMENTE DESFAVORECIDOS,"29660",zero@gva.es,"961519401",1997-04-15 00:00:00,"719196","4370850"
"POINT (716150 4252700)","302","1214",RESIDENCIAS PARA PERSONAS MAYORES DEPENDIENTES,RESIDENCIA PARA PERSONAS MAYORES DEPENDIENTES CORAZON DE MARIA,"30",RESIDENCIA CORAZON DE MARIA SL,"PDA CANASTELL, PARCELA 15/16",Entidad Privada,"03122",Alacant/Alicante,l'Alacantí,Sant Vicent del Raspeig/San Vicente del Raspeig,PERSONAS MAYORES,PERSONAS MAYORES,"56715",RESIDENCIA.CORAZONDEMARIA@HOTMAIL.COM,"965668141",1999-11-15 00:00:00,"716150","4252700"
"POINT (749629 4419679)","303","1215",RESIDENCIAS PARA PERSONAS MAYORES DEPENDIENTES,RESIDENCIA P.M.D. CARITAS INTERPARROQUIAL DE BURRIANA,"58",CARITAS INTERPARROQUIAL DE BURRIANA,"SAN BLAS, 62",Entidad Privada,"12032",Castelló/Castellón,la Plana Baixa,Borriana/Burriana,PERSONAS MAYORES,PERSONAS MAYORES,"34643",resid.caritas@gmail.com,"964510136",1997-04-21 00:00:00,"749629","4419679"
"POINT (723880 4381545)","304","1216",RESIDENCIAS PARA PERSONAS MAYORES DEPENDIENTES,RESIDENCIA P.M.D. SAN LUIS DE MONCADA,"70",INSTITUTO SECULAR OBRERAS DE LA CRUZ DE MONCADA,"C/ SEVILLA, 27",Entidad Privada,"46171",València/Valencia,l'Horta Nord,Montcada/Moncada,PERSONAS MAYORES,PERSONAS MAYORES,"21700",m.fernandez@residenciasanluis.org,"961391300",2000-09-21 00:00:00,"723880","4381545"
"POINT (715784 4365060)","305","1226",RESIDENCIAS PARA PERSONAS MAYORES DEPENDIENTES,RESIDENCIA PARA PERSONAS MAYORES DEPENDIENTES NTRA. SRA. DE MONTE SION,"25",ENRIQUE JOSE,"C/ AMERICA, N: 50",Entidad Privada,"46244",València/Valencia,l'Horta Sud,Torrent,PERSONAS MAYORES,PERSONAS MAYORES,"80762",RESIDENCIAMONTESION@HOTMAIL.COM,"961557208",1999-07-26 00:00:00,"715784","4365060"
"POINT (716341 4367288)","306","1227",RESIDENCIAS PARA PERSONAS MAYORES DEPENDIENTES,RESIDENCIA PARA PERSONAS MAYORES DEPENDIENTES SAN JOAQUIN Y SANTA ANA,"34",RESIDENCIA DE LA TERCERA EDAD SAN JOAQUIN Y SANTA ANA S.L,"C/ PIO BAROJA, 12 VEDAT DE TORRENT",Entidad Privada,"46244",València/Valencia,l'Horta Sud,Torrent,PERSONAS MAYORES,PERSONAS MAYORES,"80762",info@residenciacastells.es,"961550341",1997-06-25 00:00:00,"716341","4367288"
"POINT (740764 4444766)","307","1239",HOGARES Y CLUBS PARA PERSONAS MAYORES,"CLUB DE CONVIVENCIA DE LA TERCERA EDAD ""SANTO CRISTO DEL CALVARIO""","0",AJUNTAMENT DE COSTUR,C/ JOSE NEBOT RUIZ S/N,Entidad Local,"12049",Castelló/Castellón,l'Alcalatén,Costur,PERSONAS MAYORES,PERSONAS MAYORES,"543",zero@gva.es,"964388013",1997-05-29 00:00:00,"740764","4444766"
"POINT (714702 4438738)","308","1240",HOGARES Y CLUBS PARA PERSONAS MAYORES,CLUB DE CONVIVENCIA DE LA TERCERA EDAD SANTA QUITERIA,"0",AYUNTAMIENTO DE ARAÑUEL,"AVDA. VENTA LAUREL, 2",Entidad Local,"12013",Castelló/Castellón,El Alto Mijares,Arañuel,PERSONAS MAYORES,PERSONAS MAYORES,"160",zero@gva.es,"964143156",1997-06-16 00:00:00,"714702","4438738"
"POINT (724114 4430837)","309","1241",HOGARES Y CLUBS PARA PERSONAS MAYORES,"CLUB DE CONVIVENCIA DE LA TERCERA EDAD ""EL TURIO""","0",AYUNTAMIENTO DE AYODAR,"C/ SAN SEBASTIAN, 18",Entidad Local,"12017",Castelló/Castellón,El Alto Mijares,Ayódar,PERSONAS MAYORES,PERSONAS MAYORES,"172",zero@gva.es,"964618129",1997-06-16 00:00:00,"724114","4430837"
"POINT (714093 4317869)","310","1243",CENTRO OCUPACIONAL PARA PERSONAS CON DISCAPACIDAD O DIVERSIDAD FUNCIONAL,CENTRO OCUPACIONAL LA COSTERA CANAL,"75",ASPROMIVISE,"calle VALERIO CATULO, 1",Entidad Privada,"46145",València/Valencia,la Costera,Xàtiva,PERSONAS CON DISCAPACIDAD,PERSONAS CON DISCAPACIDAD,"28973",CENTROCOSTERA_ADMINISTRACION@HOTMAIL.COM,"962283801",1997-06-12 00:00:00,"714093","4317869"
"POINT (694982 4305407)","311","1245",RESIDENCIAS PARA PERSONAS MAYORES DEPENDIENTES,RESIDENCIA P.M.D. LA MILAGROSA MOIXENT,"59",FUNDACION DE LA COMUNIDAD VALENCIANA RESIDENCIA LA MILAGROSA (MOIXENT),"C/ D. ANTONIO GONZALBEZ, 10",Entidad Privada,"46170",València/Valencia,la Costera,Moixent/Mogente,PERSONAS MAYORES,PERSONAS MAYORES,"4378",reimoixent@gmail.com,"962260718",1997-06-26 00:00:00,"694982","4305407"
"POINT (726101 4372833)","312","1247",RESIDENCIAS PARA PERSONAS MAYORES DEPENDIENTES,RESIDENCIA  PARA PERSONAS MAYORES DEPENDIENTES LA SEU,"156",SANITAS MAYORES S.L.,GOBERNADOR VIEJO 21,Entidad Privada,"46250",València/Valencia,València,València,PERSONAS MAYORES,PERSONAS MAYORES,"790201",sal@sanitas.es,"963921653",1997-06-30 00:00:00,"726101","4372833"
"POINT (693922 4220083)","313","1249",CENTROS SOCIALES,CENTRO SOCIAL SAN ANDRES,"0",AYUNTAMIENTO DE ALMORADI,PLAZA SAN ANDRES,Entidad Local,"03015",Alacant/Alicante,el Baix Segura/La Vega Baja,Almoradí,POBLACIÓN EN GENERAL Y COLECTIVOS SOCIALMENTE DESFAVORECIDOS,POBLACIÓN EN GENERAL Y COLECTIVOS SOCIALMENTE DESFAVORECIDOS,"20138",zero@gva.es,"965702382",1997-07-16 00:00:00,"693922","4220083"
"POINT (743975 4290011)","314","1251",CENTROS SOCIALES,CENTRO SOCIAL MUNICIPAL CASTELL DE CASTELLS,"0",AJUNTAMENT DE CASTELL DE CASTELLS,"C/ SAN FERNANDO, 9",Entidad Local,"03054",Alacant/Alicante,la Marina Alta,Castell de Castells,POBLACIÓN EN GENERAL Y COLECTIVOS SOCIALMENTE DESFAVORECIDOS,POBLACIÓN EN GENERAL Y COLECTIVOS SOCIALMENTE DESFAVORECIDOS,"449",zero@gva.es,"965518067",1997-07-16 00:00:00,"743975","4290011"
"POINT (685112 4223590)","315","1252",CENTROS SOCIALES,CENTRO SOCIAL REINA SOFIA,"0",AYUNTAMIENTO DE COX,"AVD. CARMEN, 15",Entidad Local,"03058",Alacant/Alicante,el Baix Segura/La Vega Baja,Cox,POBLACIÓN EN GENERAL Y COLECTIVOS SOCIALMENTE DESFAVORECIDOS,POBLACIÓN EN GENERAL Y COLECTIVOS SOCIALMENTE DESFAVORECIDOS,"7193",zero@gva.es,"965360000",1997-07-16 00:00:00,"685112","4223590"
"POINT (750175 4311322)","316","1253",CENTROS SOCIALES,CENTRE SOCIAL SAN FRANSEC,"0",AJUNTAMENT D'OLIVA,"CTRA. DENIA, 8",Entidad Local,"46181",València/Valencia,la Safor,Oliva,POBLACIÓN EN GENERAL Y COLECTIVOS SOCIALMENTE DESFAVORECIDOS,POBLACIÓN EN GENERAL Y COLECTIVOS SOCIALMENTE DESFAVORECIDOS,"25789",ALICIA@OLIVA.ES  MP@OLIVA.ES,"962850250",1997-07-16 00:00:00,"750175","4311322"
"POINT (723148 4360120)","317","1254",CENTROS SOCIALES,CENTRE SOCIAL FONT DE LA BASCULA,"0",AJUNTAMENT DE SILLA,"C/ SAN JOSE, 56",Entidad Local,"46230",València/Valencia,l'Horta Sud,Silla,POBLACIÓN EN GENERAL Y COLECTIVOS SOCIALMENTE DESFAVORECIDOS,POBLACIÓN EN GENERAL Y COLECTIVOS SOCIALMENTE DESFAVORECIDOS,"18462",BENESTAR@SILLA.ES,"961212222",1997-07-16 00:00:00,"723148","4360120"
"POINT (710612 4332635)","318","1257",RESIDENCIA DE PERSONAS CON DISCAPACIDAD O DIVERSIDAD FUNCIONAL,RESIDENCIA SALVADOR AMAT,"27","ASPADIS, ASOCIACION DE PADRES DE DISMINUIDOS INTELECTUALES DEL INTERNADO PADRE POVEDA","C/HORTENSIA, S/N URB. SAN CRISTOBAL, S/N",Entidad Privada,"46011",València/Valencia,la Ribera Alta,Alberic,PERSONAS CON DISCAPACIDAD,PERSONAS CON DISCAPACIDAD,"10537",aspadis.csamat@gmail.com,"962443536",1997-07-25 00:00:00,"710612","4332635"
"POINT (696707 4396736)","319","1259",CENTROS SOCIALES,CENTRO SOCIAL MUNICIPAL CASINOS,"0",AJUNTAMENT DE CASINOS,"C/ LAS BALSAS, 69",Entidad Local,"46089",València/Valencia,el Camp de Túria,Casinos,POBLACIÓN EN GENERAL Y COLECTIVOS SOCIALMENTE DESFAVORECIDOS,POBLACIÓN EN GENERAL Y COLECTIVOS SOCIALMENTE DESFAVORECIDOS,"2783",CASINOS_ALC@GVA.ES,"962700161",1997-08-05 00:00:00,"696707","4396736"
"POINT (711867 4382445)","320","1260",CENTROS SOCIALES,CENTRO SOCIAL DE L'ELIANA,"0",AJUNTAMENT DE L'ELIANA,PLAZA JUEZ MIGUEL COMES,Entidad Local,"46116",València/Valencia,el Camp de Túria,l'Eliana,POBLACIÓN EN GENERAL Y COLECTIVOS SOCIALMENTE DESFAVORECIDOS,POBLACIÓN EN GENERAL Y COLECTIVOS SOCIALMENTE DESFAVORECIDOS,"17591",ALCALDIA@LELIANA.ES,"962740101",1997-08-08 00:00:00,"711867","4382445"
"POINT (738236 4312464)","321","1261",CENTROS SOCIALES,CENTRO SOCIAL DE ALFAUIR,"0",AJUNTAMENT D'ALFAUIR,"C/ GANDIA, 12",Entidad Local,"46023",València/Valencia,la Safor,Alfauir,POBLACIÓN EN GENERAL Y COLECTIVOS SOCIALMENTE DESFAVORECIDOS,POBLACIÓN EN GENERAL Y COLECTIVOS SOCIALMENTE DESFAVORECIDOS,"451",ALFAHUIR@GVA.ES,"962835438",1997-08-08 00:00:00,"738236","4312464"
"POINT (744536 4317392)","322","1264",RESIDENCIAS PARA PERSONAS MAYORES DEPENDIENTES,RESIDENCIA P.M.D. MARIA INMACULADA GANDIA,"37",INSTITUTO SECULAR OBRERAS DE LA CRUZ DE GANDIA,SAN JUAN DE RIBERA 2,Entidad Privada,"46131",València/Valencia,la Safor,Gandia,PERSONAS MAYORES,PERSONAS MAYORES,"74814",info@residenciamariainmaculada.org,"962876743",1997-08-08 00:00:00,"744536","4317392"
"POINT (737567 4276867)","323","1265",HOGARES Y CLUBS PARA PERSONAS MAYORES,CLUB DE PENSIONISTAS Y JUBILADOS DE SELLA,"0",AJUNTAMENT DE SELLA,PLAZA MAYOR 16,Entidad Local,"03124",Alacant/Alicante,la Marina Baixa,Sella,PERSONAS MAYORES,PERSONAS MAYORES,"584",zero@gva.es,"965809001",1997-08-08 00:00:00,"737567","4276867"
"POINT (724490 4369641)","324","1269",RESIDENCIAS PARA PERSONAS MAYORES DEPENDIENTES,RESIDENCIA PARA PERSONAS MAYORES DEPENDIENTES AZAHAR,"37",RESIDENCIA TERCERA EDAD AZAHAR S.L.,"AVDA. DOCTOR TOMAS SALA 10, BAJO",Entidad Privada,"46250",València/Valencia,València,València,PERSONAS MAYORES,PERSONAS MAYORES,"790201",direccion@azahardelmediterraneo.com,"963580058",1997-09-22 00:00:00,"724490","4369641"
"POINT (752921 4296203)","325","1270",RESIDENCIAS PARA PERSONAS MAYORES DEPENDIENTES,RESIDENCIA P.M.D. CENTRO  GERIATRICO BORJA,"84","FONTILLES, FUNDACION DE LA COMUNIDAD VALENCIANA","CTRA. DE ORBA-VALL DE LAGUART, KM.N 4",Entidad Privada,"03137",Alacant/Alicante,la Marina Alta,la Vall de Laguar,PERSONAS MAYORES,PERSONAS MAYORES,"801",geriatricoborja@fontilles.org,"965583350",1997-10-16 00:00:00,"752921","4296203"
"POINT (753189 4270281)","326","1271",RESIDENCIAS PARA PERSONAS MAYORES DEPENDIENTES,RESIDENCIA GERIATRICA CIUDAD PATRICIA,"70","GERICON REAL ESTATE, S.L.U.","RUMANIA, 26",Entidad Privada,"03031",Alacant/Alicante,la Marina Baixa,Benidorm,PERSONAS MAYORES,PERSONAS MAYORES,"66642",n.ferrando@residenciaciudadpatricia.com,"965868704",1997-10-16 00:00:00,"753189","4270281"
"POINT (711722 4397314)","327","1272",C. A. RESIDENCIAL PARA PERSONAS EN SITUACIÓN DE DEPENDENCIA,CENTRO ASISTENCIAL ABADIA,"68",CEEM OLACAU S.L.,"C/ FONT DE LA SALUT, Nº 1",Entidad Privada,"46182",València/Valencia,el Camp de Túria,Olocau,PERSONAS CON ENFERMEDAD MENTAL,PERSONAS CON ENFERMEDAD MENTAL,"1685",GOYO@CAABADIA.ES,"962703802",1997-11-12 00:00:00,"711722","4397314"
"POINT (768861 4302000)","328","1275",TALLER PRELABORAL DE INSERCIÓN SOCIAL,T.A.P.I.S. LA PEDRERA,"15",AJUNTAMENT DE DÉNIA,"C/ MARQUES VALERO DE PALMA, 8",Entidad Local,"03063",Alacant/Alicante,la Marina Alta,Dénia,POBLACIÓN EN GENERAL Y COLECTIVOS SOCIALMENTE DESFAVORECIDOS,POBLACIÓN EN GENERAL Y COLECTIVOS SOCIALMENTE DESFAVORECIDOS,"41465",zero@gva.es,"966422141",1997-11-20 00:00:00,"768861","4302000"
"POINT (708237 4387614)","329","1277",RESIDENCIAS PARA PERSONAS MAYORES DEPENDIENTES,RPMD SANTOS REYES DE BENISANO,"32",PARROQUIA SANTOS REYES DE BENISANO,DOCTOR JOSE LIZANDRA 15,Entidad Privada,"46067",València/Valencia,el Camp de Túria,Benissanó,PERSONAS MAYORES,PERSONAS MAYORES,"2226",residenciasantosreyes@gmail.com,"962780801",2002-04-25 00:00:00,"708237","4387614"
"POINT (740155 4329762)","330","1278",RESIDENCIAS PARA PERSONAS MAYORES DEPENDIENTES,RESIDENCIA PARA PERSONAS MAYORES DEPENDIENTES JAIME II,"98","RESIDENCIA JAIME II, S.L.",CAMI LA TORRE S/N,Entidad Privada,"46238",València/Valencia,la Safor,Tavernes de la Valldigna,PERSONAS MAYORES,PERSONAS MAYORES,"17485",JAIMESEGUNDO@ERESMAS.COM,"962885505",1999-05-19 00:00:00,"740155","4329762"
"POINT (794122 4485772)","331","1282",HOGARES Y CLUBS PARA PERSONAS MAYORES,"CLUB DE CONVIVENCIA DE LA TERCERA EDAD ""LOPEZ DORIGA"" VINAROS","0",ASOCIACION DE JUBILADOS Y PENSINISTAS LUIS LOPEZ DORIGA,PILAR 140,Entidad Privada,"12138",Castelló/Castellón,el Baix Maestrat,Vinaròs,PERSONAS MAYORES,PERSONAS MAYORES,"28290",zero@gva.es,"964456064",1998-01-12 00:00:00,"794122","4485772"
"POINT (728934 4371138)","332","1287",OTROS CENTROS PARA PERSONAS CON DIVERSIDAD FUNCIONAL,CENTRO SOCIAL BONA GENT,"67","BONA GENT, AMIGOS DE LAS PERSONAS CON DISCAPACIDAD INTELECTUAL","C/ ISAAC PERAL, 23, BAJO",Entidad Privada,"46250",València/Valencia,València,València,PERSONAS CON DISCAPACIDAD,PERSONAS CON DISCAPACIDAD,"790201",BONAGENT@BONAGENT.ORG,"963301477",1998-01-28 00:00:00,"728934","4371138"
"POINT (736622 4503147)","333","1288",RESIDENCIAS PARA PERSONAS MAYORES DEPENDIENTES,RESIDENCIA P.M.D. DE FORCALL,"40",AJUNTAMENT DE FORCALL,C/ RESIDENCIA S/N,Entidad Local,"12061",Castelló/Castellón,els Ports,Forcall,PERSONAS MAYORES,PERSONAS MAYORES,"461",residencia.forcall@gmail.com,"964171100",1998-02-16 00:00:00,"736622","4503147"
"POINT (728373 4372080)","334","1291",CENTRO OCUPACIONAL PARA PERSONAS CON DISCAPACIDAD O DIVERSIDAD FUNCIONAL,CENTRO OCUPACIONAL VICENTE PÉREZ,"43","POVINET, S.COOP.V.","C/ HUMANISTA FURIO, 9-11 B.",Entidad Privada,"46250",València/Valencia,València,València,PERSONAS CON DISCAPACIDAD,PERSONAS CON DISCAPACIDAD,"790201",COVICENTEPEREZ@GMAIL.COM,"963557891",1998-03-05 00:00:00,"728373","4372080"
"POINT (707720 4299169)","335","1292",CENTRO DE REHABILITACIÓN E INTEGRACIÓN SOCIAL PARA ENFERMOS MENTALES CRÓNICOS,CENTRO DE REHABLITACION E INTEGRACION SOCIAL (CRIS),"63","ADIEM, ASOCIACION PARA LA DEFENSA E INTEGRACION DEL ENFERMO MENTAL","C/ SANT IGNACI, 38-BAJO",Entidad Privada,"46184",València/Valencia,la Vall d'Albaida,Ontinyent,PERSONAS CON ENFERMEDAD MENTAL,PERSONAS CON ENFERMEDAD MENTAL,"35534",CRIS@ADIEMONTINYENT.ES,"962916027",1998-03-10 00:00:00,"707720","4299169"
"POINT (729901 4425524)","336","1293",HOGARES Y CLUBS PARA PERSONAS MAYORES,CLUB DE CONVIVENCIA DE LA TERCERA EDAD DEL AYUNTAMIENTO DE TALES,"0",AJUNTAMENT DE TALES,AV.CASTELLON 35-1,Entidad Local,"12109",Castelló/Castellón,la Plana Baixa,Tales,PERSONAS MAYORES,PERSONAS MAYORES,"812",zero@gva.es,"964613008",1998-05-04 00:00:00,"729901","4425524"
"POINT (753079 4512123)","337","1294",HOGARES Y CLUBS PARA PERSONAS MAYORES,CLUB CONVIVENCIA DE LA TERCERA EDAD DEL AYUNTAMIENTO DE HERBES,"0",AYUNTAMIENTO DE HERBES,PLAZA 9,Entidad Local,"12068",Castelló/Castellón,els Ports,Herbers,PERSONAS MAYORES,PERSONAS MAYORES,"49",zero@gva.es,"978856602",1998-05-04 00:00:00,"753079","4512123"
"POINT (757098 4293153)","338","1296",HOGARES Y CLUBS PARA PERSONAS MAYORES,CLUB DE CONVIVENCIA TERCERA EDAD DE LLOSA DE CAMACHO (EN PROCESO DE REGULARIZACION),"0",AJUNTAMENT D'ALCALALI,C/ DENIA 13,Entidad Local,"03006",Alacant/Alicante,la Marina Alta,Alcalalí,PERSONAS MAYORES,PERSONAS MAYORES,"1291",zero@gva.es,"966482024",1998-05-04 00:00:00,"757098","4293153"
"POINT (754925 4292678)","339","1297",HOGARES Y CLUBS PARA PERSONAS MAYORES,CLUB DE CONVIVENCIA DE PARCENT,"0",AJUNTAMENT DE PARCENT,DEL CALVARI 25,Entidad Local,"03100",Alacant/Alicante,la Marina Alta,Parcent,PERSONAS MAYORES,PERSONAS MAYORES,"985",zero@gva.es,"966405308",1998-05-04 00:00:00,"754925","4292678"
"POINT (716736 4366072)","340","1299",RESIDENCIAS PARA PERSONAS MAYORES DEPENDIENTES,RESIDENCIA PARA PERSONAS MAYORES DEPENDIENTES TORRE HORTELANO,"24",RESIDENCIA TORRE HORTELANO SL,TRAFALGAR 8,Entidad Privada,"46244",València/Valencia,l'Horta Sud,Torrent,PERSONAS MAYORES,PERSONAS MAYORES,"80762",zero@gva.es,"960719874",1998-06-08 00:00:00,"716736","4366072"
"POINT (710332 4385731)","341","1300",RESIDENCIAS PARA PERSONAS MAYORES DEPENDIENTES,RESIDENCIA PARA PERSONAS MAYORES DEPENDIENTES RESIDENCIAL SAN SEBASTIAN,"120","CENTRO GERIÁTRICO LA POBLA, S.L.U.","C/ DE LES ERES, 90",Entidad Privada,"46202",València/Valencia,el Camp de Túria,la Pobla de Vallbona,PERSONAS MAYORES,PERSONAS MAYORES,"23403",administracion@cglapobla.com,"961662525",1998-06-08 00:00:00,"710332","4385731"
"POINT (713232 4416737)","342","1301",RESIDENCIAS PARA PERSONAS MAYORES DEPENDIENTES,RESIDENCIA PARA PERSONAS MAYORES DEPENDIENTES NAVAS ALTAS,"54",RESIDENCIA NAVAS ALTAS S.L.,RODRIGUEZ FORNOS 3,Entidad Privada,"12081",Castelló/Castellón,El Alto Palancia,Navajas,PERSONAS MAYORES,PERSONAS MAYORES,"745",residencianavasaltas@hotmail.com,"964710966",1998-05-27 00:00:00,"713232","4416737"
"POINT (691590 4262934)","343","1307",CENTROS DE ATENCIÓN TEMPRANA (CAT),CENTRO DE ESTIMULACION PRECOZ  ASPRODIS,"70",Asprodis,"C/ MALVA, 6",Entidad Privada,"03066",Alacant/Alicante,el Vinalopó Mitjà/El Vinalopó Medio,Elda,PERSONAS CON DISCAPACIDAD,PERSONAS CON DISCAPACIDAD,"52745",CDIATDIRECCION@ASPRODIS.COM,"965381924",,"691590","4262934"
"POINT (743477 4415184)","344","1310",CENTROS SOCIALES,CENTRO SOCIAL DE NULES (EN PROCESO DE REGULARIZACION),"0",AJUNTAMENT DE NULES,C/MERCAT S/N,Entidad Local,"12082",Castelló/Castellón,la Plana Baixa,Nules,POBLACIÓN EN GENERAL Y COLECTIVOS SOCIALMENTE DESFAVORECIDOS,POBLACIÓN EN GENERAL Y COLECTIVOS SOCIALMENTE DESFAVORECIDOS,"13305",zero@gva.es,"964670001",1998-06-04 00:00:00,"743477","4415184"
"POINT (722765 4359663)","345","1312",CENTRO OCUPACIONAL PARA PERSONAS CON DISCAPACIDAD O DIVERSIDAD FUNCIONAL,CENTRO OCUPACIONAL TOLA,"80",PROJECTE TOLA COOPERATIVA VALENCIANA,"PLAZA MORELLA, S/N ESQUINA AVDA. GANDIA",Entidad Privada,"46230",València/Valencia,l'Horta Sud,Silla,PERSONAS CON DISCAPACIDAD,PERSONAS CON DISCAPACIDAD,"18462",CENTRETOLA@CENTRETOLA.COM,"961202617",1998-07-06 00:00:00,"722765","4359663"
"POINT (709628 4367779)","346","1314",RESIDENCIAS PARA PERSONAS MAYORES DEPENDIENTES,COLISEE CALICANTO,"41",LA SALETA CARE SL,AVD. BUENOS AIRES 393 URBAN. CALICANTO,Entidad Privada,"46111",València/Valencia,La Hoya de Buñol,Chiva,PERSONAS MAYORES,PERSONAS MAYORES,"14758",,"961980676",2000-04-29 00:00:00,"709628","4367779"
"POINT (718740 4370844)","347","1328",CENTROS SOCIALES,CENTRO SOCIAL BENNAGER,"0",AJUNTAMENT D'ALAQUAS,"C/ DR. TARREGA BARBERA,3",Entidad Local,"46005",València/Valencia,l'Horta Sud,Alaquàs,POBLACIÓN EN GENERAL Y COLECTIVOS SOCIALMENTE DESFAVORECIDOS,POBLACIÓN EN GENERAL Y COLECTIVOS SOCIALMENTE DESFAVORECIDOS,"29660",SERVEISSOCIALS@ALAQUAS.ORG,"961519401",1998-08-13 00:00:00,"718740","4370844"
"POINT (682438 4214236)","348","1332",CENTROS SOCIALES,"CENTRO SOCIAL ""HURCHILLO"" (EN PROCESO DE REGULARIZACION)","0",AYUNTAMIENTO DE ORIHUELA,"CARRETERA DE TORREMENDO, S/N",Entidad Local,"03099",Alacant/Alicante,el Baix Segura/La Vega Baja,Orihuela,POBLACIÓN EN GENERAL Y COLECTIVOS SOCIALMENTE DESFAVORECIDOS,POBLACIÓN EN GENERAL Y COLECTIVOS SOCIALMENTE DESFAVORECIDOS,"80359",zero@gva.es,"965300745",1998-08-14 00:00:00,"682438","4214236"
"POINT (724571 4368319)","349","1335",CENTRO OCUPACIONAL PARA PERSONAS CON DISCAPACIDAD O DIVERSIDAD FUNCIONAL,CENTRO OCUPACIONAL LA TORRE,"80",ASOCIACIÓN DE FAMILIARES DE PERSONAS CON DISCAPACIDAD INTELECTUAL LA TORRE,"AVDA. REAL DE MADRID, 13-15",Entidad Privada,"46250",València/Valencia,València,València,PERSONAS CON DISCAPACIDAD,PERSONAS CON DISCAPACIDAD,"790201",administracion@centrolatorre.org,"963759037",1998-09-07 00:00:00,"724571","4368319"
"POINT (724903 4366424)","350","1336",CENTRO DE DÍA PARA PERSONAS CON DISCAPACIDAD O DIVERSIDAD FUNCIONAL,CENTRO DE DIA ADISA,"40","AADISA, ASOCIACIÓN DE AYUDA A LA DIVERSIDAD FUNCIONAL EN ALFAFAR","C/ SEQUIA FAVARA, 3",Entidad Privada,"46022",València/Valencia,l'Horta Sud,Alfafar,PERSONAS CON DISCAPACIDAD,PERSONAS CON DISCAPACIDAD,"20777",AADISA@AADISA.ORG,"963760672",1998-09-07 00:00:00,"724903","4366424"
"POINT (714706 4414030)","351","1338",HOGARES Y CLUBS PARA PERSONAS MAYORES,CLUB DE CONVIVENCIA DE LA TERCERA EDAD EL PALANCIA DE SEGORBE,"0",AYUNTAMIENTO DE SEGORBE,PASEO GLORIETA BOTANICO PAU S/N,Entidad Local,"12104",Castelló/Castellón,El Alto Palancia,Segorbe,PERSONAS MAYORES,PERSONAS MAYORES,"9005",zero@gva.es,"964713502",1998-10-05 00:00:00,"714706","4414030"
"POINT (654799 4381338)","352","1342",RESIDENCIAS PARA PERSONAS MAYORES DEPENDIENTES,RESIDENCIA P.M.D. LOS VIÑEDOS,"118",FUNDACION RESIDENCIA DE ANCIANOS Y C. DE SERV. SOC. DE NTRA. SRA. DEL REMEDIO Y DEL S. C. DE JESUS,"C/BENEFICENCIA, 37",Entidad Privada,"46249",València/Valencia,La Plana de Utiel-Requena,Utiel,PERSONAS MAYORES,PERSONAS MAYORES,"11748",utiel@resiutiel.es,"962174353",1998-10-30 00:00:00,"654799","4381338"
"POINT (715171 4316543)","353","1344",RESIDENCIAS PARA PERSONAS MAYORES DEPENDIENTES,RESIDENCIA P.M.D. CORONA DE L'ESTRELA XATIVA,"19",ASOCIACION HOGAR DE ANCIANOS CORONA DE L'ESTRELA DE XÀTIVA,"PARTIDA DE BIXQUER S/N,",Entidad Privada,"46145",València/Valencia,la Costera,Xàtiva,PERSONAS MAYORES,PERSONAS MAYORES,"28973",lestrela@lestrela.e.telefonica.net,"962271433",1998-11-18 00:00:00,"715171","4316543"
"POINT (663634 4372758)","354","1349",CENTRO OCUPACIONAL PARA PERSONAS CON DISCAPACIDAD O DIVERSIDAD FUNCIONAL,"CENTRO OCUPACIONAL ""CORAZON DE MARIA""","48",AYUNTAMIENTO DE REQUENA,"C/ VENDIMIA, 2",Entidad Local,"46213",València/Valencia,La Plana de Utiel-Requena,Requena,PERSONAS CON DISCAPACIDAD,PERSONAS CON DISCAPACIDAD,"20510",CENTRO.OCUPACIONAL@REQUENA.ES,"962301664",1998-11-13 00:00:00,"663634","4372758"
"POINT (724700 4374175)","355","1350",VIVIENDAS TUTELADAS,PISO ROSALIA RENDU,"10",COMUNIDAD LUISA DE MARILLAC DE VALENCIA,"PZA. JOAQUÍN DUALDE NÚM. 13, PTA. 13",Entidad Privada,"46250",València/Valencia,València,València,POBLACIÓN EN GENERAL Y COLECTIVOS SOCIALMENTE DESFAVORECIDOS,POBLACIÓN EN GENERAL Y COLECTIVOS SOCIALMENTE DESFAVORECIDOS,"790201",direccionoslm@hijascaridadee.org,"963499720",1998-11-18 00:00:00,"724700","4374175"
"POINT (774411 4298162)","356","1355",CENTROS SOCIALES,CENTRO SOCIAL MUNICIPAL DE XABIA,"0",AJUNTAMENT DE XABIA,"RAFAEL ECHAGUE,3",Entidad Local,"03082",Alacant/Alicante,la Marina Alta,Xàbia/Jávea,POBLACIÓN EN GENERAL Y COLECTIVOS SOCIALMENTE DESFAVORECIDOS,POBLACIÓN EN GENERAL Y COLECTIVOS SOCIALMENTE DESFAVORECIDOS,"27225",zero@gva.es,"965794142",1998-12-07 00:00:00,"774411","4298162"
"POINT (757024 4276747)","357","1356",CENTROS SOCIALES,CENTRO SOCIAL  ALTEA,"0",AJUNTAMENT D'ALTEA,"C/ MARINA BAIXA, 2",Entidad Local,"03018",Alacant/Alicante,la Marina Baixa,Altea,POBLACIÓN EN GENERAL Y COLECTIVOS SOCIALMENTE DESFAVORECIDOS,POBLACIÓN EN GENERAL Y COLECTIVOS SOCIALMENTE DESFAVORECIDOS,"21739",zero@gva.es,"965843075",1998-12-07 00:00:00,"757024","4276747"
"POINT (688514 4256400)","358","1357",CENTROS RESIDENCIALES PARA PERSONAS MAYORES,CENTRO RESIDENCIAL PARA PERSONAS MAYORES NUESTRA SENYORA DEL REMEDIO,"100",HERMANITAS DE LOS ANCIANOS DESAMPARADOS  CURIA GENERAL,MAYOR 195,Entidad Privada,"03089",Alacant/Alicante,el Vinalopó Mitjà/El Vinalopó Medio,Monòver/Monóvar,PERSONAS MAYORES,PERSONAS MAYORES,"12272",monovar@hermanitas.es,"965470308",2000-02-23 00:00:00,"688514","4256400"
"POINT (725780 4373570)","359","1358",CENTROS RESIDENCIALES PARA PERSONAS MAYORES,CENTRO RESIDENCIAL PARA PERSONAS MAYORES HOGAR SAN JOAQUIN Y SANTA ANA,"71",HERMANITAS DE LOS ANCIANOS DESAMPARADOS  CURIA GENERAL,"C/ SAGUNTO, 6",Entidad Privada,"46250",València/Valencia,València,València,PERSONAS MAYORES,PERSONAS MAYORES,"790201",valenciamatrimonios@hermanitas.es,"963478250",2004-02-20 00:00:00,"725780","4373570"
"POINT (694716 4250769)","360","1359",CENTROS RESIDENCIALES PARA PERSONAS MAYORES,CENTRO RESIDENCIAL PARA PERSONAS MAYORES SANTA TERESA JORNET,"95",HERMANITAS DE LOS ANCIANOS DESAMPARADOS  CURIA GENERAL,PLAZA TERESA JORNET 2,Entidad Privada,"03093",Alacant/Alicante,el Vinalopó Mitjà/El Vinalopó Medio,Novelda,PERSONAS MAYORES,PERSONAS MAYORES,"26054",novelda@hermanitas.es,"965600287",2000-02-23 00:00:00,"694716","4250769"
"POINT (715746 4366260)","361","1362",RESIDENCIAS PARA PERSONAS MAYORES DEPENDIENTES,"RESIDENCIA PARA PERSONAS MAYORES DEPENDIENTES ""RESIDENCIA 3ª EDAD NOVAVEDAT""","30",JULIO,"C/ SANTA ROSA DE LIMA, 30",Entidad Privada,"46244",València/Valencia,l'Horta Sud,Torrent,PERSONAS MAYORES,PERSONAS MAYORES,"80762",cgvedat@terra.es,"961573103",2000-03-13 00:00:00,"715746","4366260"
"POINT (724846 4314059)","362","1366",RESIDENCIAS PARA PERSONAS MAYORES DEPENDIENTES,RESIDENCIA PARA PERSONAS MAYORES DEPENDIENTES QUATRETONDA,"35","GARCIA-CAPARROS QUATRETONDA, S.L.","PLAÇA DE LA CONSTITUCIO, 2",Entidad Privada,"46104",València/Valencia,la Vall d'Albaida,Quatretonda,PERSONAS MAYORES,PERSONAS MAYORES,"2338",resiquatretonda@yahoo.es,"962264363",1999-01-25 00:00:00,"724846","4314059"
"POINT (689354 4227022)","363","1367",HOGARES Y CLUBS PARA PERSONAS MAYORES,CLUB DE CONVIVENCIA PARA LA TERCERA EDAD SAN ISIDRO DE ALBATERA,"0",AJUNTAMENT DE PARCENT,"C/MAYOR, 8",Entidad Local,"03904",Alacant/Alicante,el Baix Segura/La Vega Baja,San Isidro,PERSONAS MAYORES,PERSONAS MAYORES,"1915",zero@gva.es,"965485671",1998-12-22 00:00:00,"689354","4227022"
"POINT (721015 4249828)","364","1370",RESIDENCIAS PARA PERSONAS MAYORES DEPENDIENTES,RESIDENCIA PARA PERSONAS MAYORES DEPENDIENTES GERIATRICO DONYA ROSA,"70",GERIATRICO DONYA ROSA,"Av. Antonio Ramos Carratalá, 17",Entidad Privada,"03014",Alacant/Alicante,l'Alacantí,Alacant/Alicante,PERSONAS MAYORES,PERSONAS MAYORES,"330525",info@terceraedadalicante.com,"965161991",1999-07-21 00:00:00,"721015","4249828"
"POINT (724694 4370179)","365","1371",CENTRO DE DÍA PARA PERSONAS CON DISCAPACIDAD O DIVERSIDAD FUNCIONAL,CENTRO DE DIA L'HORT DE SENABRE,"34","AVAPACE, ASOCIACION VALENCIANA DE AYUDA A LA PARALISIS CEREBRAL","C/ CARTEROS, 49",Entidad Privada,"46250",València/Valencia,València,València,PERSONAS CON DISCAPACIDAD,PERSONAS CON DISCAPACIDAD,"790201",ADMINISTRACION@AVAPACE.ORG,"963786799",1998-12-28 00:00:00,"724694","4370179"
"POINT (744116 4316276)","366","1374",CENTRO OCUPACIONAL PARA PERSONAS CON DISCAPACIDAD O DIVERSIDAD FUNCIONAL,CENTRO OCUPACIONAL ESPURNA,"80",FUNDACIÓ ESPURNA DE LA C.V.,"C/ SAN RAMON, 4",Entidad Privada,"46131",València/Valencia,la Safor,Gandia,PERSONAS CON DISCAPACIDAD,PERSONAS CON DISCAPACIDAD,"74814",ESPURNA@ESPURNA.ORG,"962965155",1999-01-12 00:00:00,"744116","4316276"
"POINT (757719 4499197)","367","1380",HOGARES Y CLUBS PARA PERSONAS MAYORES,CLUB DE CONVIVENCIA DE LA TE SANTA AGUEDA,"0",AYUNTAMIENTO DE VALLIBONA,PLAZA SAN ANTONIO S/N,Entidad Local,"12127",Castelló/Castellón,els Ports,Vallibona,PERSONAS MAYORES,PERSONAS MAYORES,"81",zero@gva.es,"964172020",1999-03-08 00:00:00,"757719","4499197"
"POINT (736804 4411595)","368","1381",CENTROS DE DÍA DE PERSONAS MAYORES DEPENDIENTES,CENTRO DE DIA P.M.D. HOGAR SAGRADA FAMILIA DE LA VALL D'UIXÓ,"15",AJUNTAMENT DE LA VALL D'UIXO,ALMENARA 1,Entidad Local,"12126",Castelló/Castellón,la Plana Baixa,la Vall d'Uixó,PERSONAS MAYORES,PERSONAS MAYORES,"31819",jbroch2006@gmail.com,"964692032",1999-03-08 00:00:00,"736804","4411595"
"POINT (763343 4298666)","369","1384",CENTROS DE DÍA DE PERSONAS MAYORES DEPENDIENTES,CENTRO DE DÍA PARA PERSONAS MAYORES DEPENDIENTES EL CARMEN DE PEDREGUER,"5",FUNDACIO RESIDENCIA NTRA. SRA. DEL CARME DE PEDREGUER,AVD. ANDRES PONS 7,Entidad Privada,"03101",Alacant/Alicante,la Marina Alta,Pedreguer,PERSONAS MAYORES,PERSONAS MAYORES,"7431",residenciadelcarmenpedreguer@hotmail.com,"965760773",1999-03-31 00:00:00,"763343","4298666"
"POINT (724467 4249316)","370","1385",RESIDENCIAS PARA PERSONAS MAYORES DEPENDIENTES,RESIDENCIA PARA PERSONAS MAYORES DEPENDIENTES BEANDA,"31",ANDAMEJO SL,AVENIDA DE ANSALDO 1 - LA ALBUFERA,Entidad Privada,"03014",Alacant/Alicante,l'Alacantí,Alacant/Alicante,PERSONAS MAYORES,PERSONAS MAYORES,"330525",zero@gva.es,"965153008",1999-04-15 00:00:00,"724467","4249316"
"POINT (708768 4434576)","371","1386",HOGARES Y CLUBS PARA PERSONAS MAYORES,CLUB DE CONVIVENCIA MUNICIPAL,"0",AYUNTAMIENTO DE MONTAN,AVDA. ANTONIO FORNAS Nº 10,Entidad Local,"12078",Castelló/Castellón,El Alto Mijares,Montán,PERSONAS MAYORES,PERSONAS MAYORES,"383",zero@gva.es,"964131267",1998-04-13 00:00:00,"708768","4434576"
"POINT (685799 4277742)","372","1387",VIVIENDA SUPERVISADA PARA PERSONAS CON DISCAPACIDAD INTELECTUAL,"VIVIENDA TUTELADA ""APADIS""","5",ASOC. PARA LA ATENCION DE LAS PERSONAS CON DISCAPACIDAD INTELECTUAL DE VILLENA Y COMARCA - APADIS,"PZA. STA. MARIA DE LA CABEZA, 5-3º A",Entidad Privada,"03140",Alacant/Alicante,l’Alt Vinalopó/El Alto Vinalopó,Villena,PERSONAS CON DISCAPACIDAD,PERSONAS CON DISCAPACIDAD,"34163",zero@gva.es,"965804161",1999-04-13 00:00:00,"685799","4277742"
"POINT (714270 4229902)","373","1388",CENTROS SOCIALES,"CENTRO CIVICO Y SOCIAL ""RAFAEL BONMATI MEDINA""","0",AJUNTAMENT DE SANTA POLA,C /CASTAÑOS ESQ. C/VICENTE SALINAS,Entidad Local,"03121",Alacant/Alicante,el Baix Vinalopó,Santa Pola,POBLACIÓN EN GENERAL Y COLECTIVOS SOCIALMENTE DESFAVORECIDOS,POBLACIÓN EN GENERAL Y COLECTIVOS SOCIALMENTE DESFAVORECIDOS,"31309",zero@gva.es,"966692781",1999-04-30 00:00:00,"714270","4229902"
"POINT (723350 4252225)","374","1392",CENTRO DE DÍA PARA PERSONAS CON DISCAPACIDAD O DIVERSIDAD FUNCIONAL,CENTRO DE DIA SAN RAFAEL,"42","SAN RAFAEL, FUNDACIÓN ESTIMA DE LA COMUNITAT VALENCIANA","C/ BARRANQUET, 25",Entidad Privada,"03014",Alacant/Alicante,l'Alacantí,Alacant/Alicante,PERSONAS CON DISCAPACIDAD,PERSONAS CON DISCAPACIDAD,"330525",residenciasanrafael@hotmail.com,"962224032",1999-05-18 00:00:00,"723350","4252225"
"POINT (724026 4249827)","375","1403",CENTROS DE DÍA DE PERSONAS MAYORES DEPENDIENTES,CENTRO DE DIA ASOC FAM.ENFERMOS DE ALZHEIMER,"80",ASOCIACIÓN DE FAMILIARES Y AMIGOS DE ENFERMOS DE ALZHEIMER DE ALACANT,DEPORTISTA MIRIAM BLASCO 13,Entidad Privada,"03014",Alacant/Alicante,l'Alacantí,Alacant/Alicante,PERSONAS MAYORES,PERSONAS MAYORES,"330525",difusion@alzheimeralicante.org,"965265070",1999-06-08 00:00:00,"724026","4249827"
"POINT (716798 4368139)","376","1405",OTROS CENTROS DE POBLACION EN GENERAL,HOGAR SAN MARTIN PARA TRANSEUNTES,"0",PARROQUIA SAGRADA FAMILIA DE TORRENTE,"C/ SAN ALFREDO, 22",Entidad Privada,"46244",València/Valencia,l'Horta Sud,Torrent,POBLACIÓN EN GENERAL Y COLECTIVOS SOCIALMENTE DESFAVORECIDOS,POBLACIÓN EN GENERAL Y COLECTIVOS SOCIALMENTE DESFAVORECIDOS,"80762",zero@gva.es,"678960707",1999-06-11 00:00:00,"716798","4368139"
"POINT (752663 4431938)","377","1408",ALBERGUES,"ALBERGUE TRANSEUNTES ""VERGE DE LLEDO""","0",AJUNTAMENT DE CASTELLO DE LA PLANA,"AV. BENICASIM, S/N",Entidad Local,"12040",Castelló/Castellón,la Plana Alta,Castelló de la Plana,POBLACIÓN EN GENERAL Y COLECTIVOS SOCIALMENTE DESFAVORECIDOS,POBLACIÓN EN GENERAL Y COLECTIVOS SOCIALMENTE DESFAVORECIDOS,"170990",zero@gva.es,"964200300",1999-07-09 00:00:00,"752663","4431938"
"POINT (686158 4277848)","378","1412",CENTRO ESPECÍFICO PARA ENFERMOS MENTALES CRÓNICOS (CEEM),RESIDENCIA MIXTA CENTRO GERIÁTRICO  LA MORENICA,"120","EL CASTILLO ATENCIÓN A LA DEPENDENCIA, S.A.","C/ PRADO DE LA VILLA, 92",Entidad Privada,"03140",Alacant/Alicante,l’Alt Vinalopó/El Alto Vinalopó,Villena,PERSONAS CON ENFERMEDAD MENTAL,PERSONAS CON ENFERMEDAD MENTAL,"34163",zero@gva.es,"965815083",2000-07-28 00:00:00,"686158","4277848"
"POINT (686158 4277848)","379","1412",RESIDENCIAS PARA PERSONAS CON DIVERSIDAD FUNCIONAL FÍSICA,RESIDENCIA MIXTA CENTRO GERIÁTRICO  LA MORENICA,"14","EL CASTILLO ATENCIÓN A LA DEPENDENCIA, S.A.","C/ PRADO DE LA VILLA, 92",Entidad Privada,"03140",Alacant/Alicante,l’Alt Vinalopó/El Alto Vinalopó,Villena,PERSONAS CON DISCAPACIDAD,PERSONAS CON DISCAPACIDAD,"34163",zero@gva.es,"965815083",2000-07-28 00:00:00,"686158","4277848"
"POINT (686158 4277848)","380","1412",RESIDENCIAS PARA PERSONAS CON DIVERSIDAD FUNCIONAL PSÍQUICA,RESIDENCIA MIXTA CENTRO GERIÁTRICO  LA MORENICA,"14","EL CASTILLO ATENCIÓN A LA DEPENDENCIA, S.A.","C/ PRADO DE LA VILLA, 92",Entidad Privada,"03140",Alacant/Alicante,l’Alt Vinalopó/El Alto Vinalopó,Villena,PERSONAS CON DISCAPACIDAD,PERSONAS CON DISCAPACIDAD,"34163",zero@gva.es,"965815083",2000-07-28 00:00:00,"686158","4277848"
"POINT (686158 4277848)","381","1412",RESIDENCIAS PARA PERSONAS MAYORES DEPENDIENTES,RESIDENCIA MIXTA CENTRO GERIÁTRICO  LA MORENICA,"164","EL CASTILLO ATENCIÓN A LA DEPENDENCIA, S.A.","C/ PRADO DE LA VILLA, 92",Entidad Privada,"03140",Alacant/Alicante,l’Alt Vinalopó/El Alto Vinalopó,Villena,PERSONAS MAYORES,PERSONAS MAYORES,"34163",zero@gva.es,"965815083",2000-07-28 00:00:00,"686158","4277848"
"POINT (722294 4371814)","382","1413",RESIDENCIAS PARA PERSONAS MAYORES DEPENDIENTES,RESIDENCIA PARA PERSONAS MAYORES DEPENDIENTES PARQUELUZ XIRIVELLA,"64","RESIDENCIA DE TERCERA EDAD PARQUELUZ, S.L.","C/ ANTONIO MACHADO, 4 BARRIO LA LUZ",Entidad Privada,"46110",València/Valencia,l'Horta Sud,Xirivella,PERSONAS MAYORES,PERSONAS MAYORES,"28771",recepcion@parqueluz.com,"963502800",1999-07-23 00:00:00,"722294","4371814"
"POINT (722294 4371814)","383","1414",CENTROS DE DÍA DE PERSONAS MAYORES DEPENDIENTES,CENTRO DE DIA PARA PERSONAS MAYORES DEPENDIENTES PARQUELUZ,"40","RESIDENCIA DE TERCERA EDAD PARQUELUZ, S.L.",C/ ANTONIO MACHADO 4 BARRIO LA LUZ,Entidad Privada,"46110",València/Valencia,l'Horta Sud,Xirivella,PERSONAS MAYORES,PERSONAS MAYORES,"28771",beatriz.navarro@parquet.com,"963502800",1999-07-23 00:00:00,"722294","4371814"
"POINT (704930 4205792)","384","1422",RESIDENCIAS PARA PERSONAS MAYORES DEPENDIENTES,RESIDENCIA PARA PERSONAS MAYORES DEPENDIENTES  MAR DE LEVANTE,"31","RESIDENCIA MAR DE LEVANTE, S.L.",AVD DE LOS MARINEROS 25,Entidad Privada,"03133",Alacant/Alicante,el Baix Segura/La Vega Baja,Torrevieja,PERSONAS MAYORES,PERSONAS MAYORES,"84213",r.mardelevante@gmail.com,"966704436",2001-09-05 00:00:00,"704930","4205792"
"POINT (703350 4237837)","385","1424",CENTRO DE REHABILITACIÓN E INTEGRACIÓN SOCIAL PARA ENFERMOS MENTALES CRÓNICOS,C.R.I.S. DE ELX,"70",AJUNTAMENT D'ELX,"C/ MUSICO PEPICO VAELLO FERRANDEZ, S/N",Entidad Local,"03065",Alacant/Alicante,el Baix Vinalopó,Elx/Elche,PERSONAS CON ENFERMEDAD MENTAL,PERSONAS CON ENFERMEDAD MENTAL,"227659",MCCORTEGANO@AYTO-ELCHE.ES,"966658000",1999-10-15 00:00:00,"703350","4237837"
"POINT (721694 4377953)","386","1425",CENTRO DE DÍA PARA PERSONAS CON DISCAPACIDAD O DIVERSIDAD FUNCIONAL,CENTRO DE DIA GODAYLA,"27",ASOC. JOSE RAMON ALONSO VIVES DE FAMILIARES DE ADULTOS/AS CON DIVERSIDAD FUNCIONAL,"C/ CERVANTES, 101",Entidad Privada,"46135",València/Valencia,l'Horta Nord,Godella,PERSONAS CON DISCAPACIDAD,PERSONAS CON DISCAPACIDAD,"13029",CENTROGODAYLA@YAHOO.ES,"963633937",1999-11-08 00:00:00,"721694","4377953"
"POINT (654776 4381363)","387","1426",CENTRO OCUPACIONAL PARA PERSONAS CON DISCAPACIDAD O DIVERSIDAD FUNCIONAL,CENTRO OCUPACIONAL MARIA RAFOLS,"48",FUNDACION RESIDENCIA DE ANCIANOS Y C. DE SERV. SOC. DE NTRA. SRA. DEL REMEDIO Y DEL S. C. DE JESUS,"C/ BENEFICIENCIA, 35A",Entidad Privada,"46249",València/Valencia,La Plana de Utiel-Requena,Utiel,PERSONAS CON DISCAPACIDAD,PERSONAS CON DISCAPACIDAD,"11748",COMARIARAFOLS@HOTMAIL.ES,"962171093",1999-11-08 00:00:00,"654776","4381363"
"POINT (771852 4457237)","388","1427",CENTRO OCUPACIONAL PARA PERSONAS CON DISCAPACIDAD O DIVERSIDAD FUNCIONAL,CENTRO OCUPACIONAL TORREBLANCA PARA PERSONAS CON DISCAPACIDAD INTELECTUAL,"20",AJUNTAMENT DE TORREBLANCA,"C/ ERMITA, S/N O C/ CALVARIO S/N",Entidad Local,"12117",Castelló/Castellón,la Plana Alta,Torreblanca,PERSONAS CON DISCAPACIDAD,PERSONAS CON DISCAPACIDAD,"5398",CENTRO_OCUPACIONAL@TORREBLANCA.ES,"964421160",1999-11-15 00:00:00,"771852","4457237"
"POINT (703816 4288326)","389","1428",TALLER PRELABORAL DE INSERCIÓN SOCIAL,"TAPIS ""BANYERES DE MARIOLA""","0",AJUNTAMENT DE BANYERES DE MARIOLA,AVDA GREGORIO MOLINA,Entidad Local,"03021",Alacant/Alicante,l'Alcoià,Banyeres de Mariola,POBLACIÓN EN GENERAL Y COLECTIVOS SOCIALMENTE DESFAVORECIDOS,POBLACIÓN EN GENERAL Y COLECTIVOS SOCIALMENTE DESFAVORECIDOS,"7108",zero@gva.es,"966567315",1999-11-16 00:00:00,"703816","4288326"
"POINT (752617 4429541)","390","1429",RESIDENCIAS PARA PERSONAS MAYORES DEPENDIENTES,RESIDENCIAL PARA PERSONAS MAYORES DEPENDIENTES CASTELLON SERV INTEGRALES,"124",RESIDENCIAL CASTELLON SERVICIOS INTEGRALES TERCERA EDAD SA,HERRERO 59,Entidad Privada,"12040",Castelló/Castellón,la Plana Alta,Castelló de la Plana,PERSONAS MAYORES,PERSONAS MAYORES,"170990",castello@residenciascastellon.com,"964206211",1999-11-19 00:00:00,"752617","4429541"
"POINT (749833 4436608)","391","1431",HOGARES Y CLUBS PARA PERSONAS MAYORES,CLUB DE CONVIVENCIA DE LA TERCERA EDAD DE BORRIOL,"0",AJUNTAMENT DE BORRIOL,PLAZA DE L'HEREU S/Nº,Entidad Local,"12031",Castelló/Castellón,la Plana Alta,Borriol,PERSONAS MAYORES,PERSONAS MAYORES,"5187",zero@gva.es,"964321461",1999-11-24 00:00:00,"749833","4436608"
"POINT (719714 4287326)","392","1436",HOGARES Y CLUBS PARA PERSONAS MAYORES,CLUB DE CONVIVENCIA DE TE EL SERPIS,"0",ASOCIACION LOCAL UDP SERPIS D'ALCOI,C/GABRIEL MIRO 12 BAJO,Entidad Privada,"03009",Alacant/Alicante,l'Alcoià,Alcoi/Alcoy,PERSONAS MAYORES,PERSONAS MAYORES,"59198",AJPUDP.SERPIS@HOTMAIL.COM,"966522737",1999-12-22 00:00:00,"719714","4287326"
"POINT (710580 4332856)","393","1439",RESIDENCIA DE PERSONAS CON DISCAPACIDAD O DIVERSIDAD FUNCIONAL,RESIDENCIA JAVIER JAQUE,"23","ASPADIS, ASOCIACION DE PADRES DE DISMINUIDOS INTELECTUALES DEL INTERNADO PADRE POVEDA","URBANIZACION SAN CRISTOBAL, S/N",Entidad Privada,"46011",València/Valencia,la Ribera Alta,Alberic,PERSONAS CON DISCAPACIDAD,PERSONAS CON DISCAPACIDAD,"10537",aspadis@telefonica.net,"962443664",2000-01-11 00:00:00,"710580","4332856"
"POINT (750986 4430490)","394","1440",OTROS CENTROS PARA PERSONAS CON DIVERSIDAD FUNCIONAL,CLUB DE CONVIVENCIA (FUNDACION SINDROME DE DOWN),"0","FUNDACION ""SINDROME DE DOWN""","AVDA. DE ALCORA, 132 BAJO",Entidad Privada,"12040",Castelló/Castellón,la Plana Alta,Castelló de la Plana,PERSONAS CON DISCAPACIDAD,PERSONAS CON DISCAPACIDAD,"170990",INFO@DOWNCASTELLON.COM,"964251427",2000-01-13 00:00:00,"750986","4430490"
"POINT (714890 4414391)","395","1441",VIVIENDAS TUTELADAS,"VIVIENDA TUTELADA ""BANTABA""","7",CARITAS DIOCESANA DE SEGORBE-CASTELLON,"C/GERMANIES, 4",Entidad Privada,"12104",Castelló/Castellón,El Alto Palancia,Segorbe,PERSONAS MIGRANTES,PERSONAS MIGRANTES,"9005",acsocial@caritas-sc.org,"964255521",2000-01-19 00:00:00,"714890","4414391"
"POINT (684462 4220268)","396","1444",RESIDENCIAS PARA PERSONAS MAYORES DEPENDIENTES,RESIDENCIA PARA PERSONAS MAYORES DEPENDIENTES VIDESALUD MEDITERRANEO I,"115",ASISTENCIA MEDITERRANEO SOCIEDAD LIMITADA (RTE VIRGEN DE LA SALUD I Y II),"CARRETERA REDOVAN-ORIHUELA,KM 3'5",Entidad Privada,"03111",Alacant/Alicante,el Baix Segura/La Vega Baja,Redován,PERSONAS MAYORES,PERSONAS MAYORES,"7765",director1@videsalud.es,"966735524",2000-03-14 00:00:00,"684462","4220268"
"POINT (722810 4254592)","397","1445",RESIDENCIAS PARA PERSONAS MAYORES DEPENDIENTES,RESIDENCIA PARA PERSONAS MAYORES DEPENDIENTES EL PILAR,"40","RESIDENCIA DE MAYORES EL PILAR, S.L.","LA SERRA DEL CASTELLET, 2",Entidad Privada,"03090",Alacant/Alicante,l'Alacantí,Mutxamel,PERSONAS MAYORES,PERSONAS MAYORES,"24487",info@resid-elpilar.com,"965956058",2000-01-25 00:00:00,"722810","4254592"
"POINT (683392 4220427)","398","1446",C. A. RESIDENCIAL PARA PERSONAS EN SITUACIÓN DE DEPENDENCIA,VIDESALUD  II,"120",VIDESALUD DISCAPACITADOS S.L.,CAMINO DE LA ESCORRATA S/N,Entidad Privada,"03111",Alacant/Alicante,el Baix Segura/La Vega Baja,Redován,PERSONAS CON ENFERMEDAD MENTAL,PERSONAS CON ENFERMEDAD MENTAL,"7765",INFO@VIDESALUD.ES,"966735524",2000-03-14 00:00:00,"683392","4220427"
"POINT (691794 4262107)","399","1453",CENTRO OCUPACIONAL PARA PERSONAS CON DISCAPACIDAD O DIVERSIDAD FUNCIONAL,CENTRO OCUPACIONAL LA TORRETA,"80",Asprodis,"CTRA. DE SAX, Nº 72",Entidad Privada,"03066",Alacant/Alicante,el Vinalopó Mitjà/El Vinalopó Medio,Elda,PERSONAS CON DISCAPACIDAD,PERSONAS CON DISCAPACIDAD,"52745",TORRETADIRECCION@ASPRODIS.COM,"965381784",2000-02-02 00:00:00,"691794","4262107"
"POINT (711809 4376503)","400","1454",C. A. RESIDENCIAL PARA PERSONAS EN SITUACIÓN DE DEPENDENCIA,C.A.R. CAMP DE TURIA,"54","CENTRO TERAPEUTICO CAMP DE TURIA, S.L.","CALLE OBOÉ, 54, URBANIACIÓN LA LLOBATERA",Entidad Privada,"46214",València/Valencia,el Camp de Túria,Riba-roja de Túria,PERSONAS CON ENFERMEDAD MENTAL,PERSONAS CON ENFERMEDAD MENTAL,"21521",CAMPTURIA@CEEM-CAMPTURIA.COM,"962770022",2000-02-02 00:00:00,"711809","4376503"
"POINT (699206 4366432)","401","1455",CENTROS SOCIALES,CENTRO SOCIAL DE GODELLETA,"0",AYUNTAMIENTO DE GODELLETA,"C/ COMUNIDAD VALENCIANA, S/N",Entidad Local,"46136",València/Valencia,La Hoya de Buñol,Godelleta,POBLACIÓN EN GENERAL Y COLECTIVOS SOCIALMENTE DESFAVORECIDOS,POBLACIÓN EN GENERAL Y COLECTIVOS SOCIALMENTE DESFAVORECIDOS,"3396",GODELLETA_ALC@GVA.ES,"961800639",2000-02-04 00:00:00,"699206","4366432"
"POINT (732352 4343182)","402","1456",CENTROS RESIDENCIALES PARA PERSONAS MAYORES,CENTRO RESIDENCIAL PARA PERSONAS MAYORES SAGRADO CORAZON DE JESUS,"72",HERMANITAS DE LOS ANCIANOS DESAMPARADOS  CURIA GENERAL,"AVDA. DEL MAR, 2",Entidad Privada,"46235",València/Valencia,la Ribera Baixa,Sueca,PERSONAS MAYORES,PERSONAS MAYORES,"28090",sueca@hermanitas.es,"961700218",2000-02-23 00:00:00,"732352","4343182"
"POINT (728817 4371517)","403","1458",C. A. RESIDENCIAL PARA PERSONAS EN SITUACIÓN DE DEPENDENCIA,"C.E.E.M. ""MENTALIA PUERTO""","48",CASTA SALUD S.L.U.,"C/ HIERROS, 5",Entidad Privada,"46250",València/Valencia,València,València,PERSONAS CON ENFERMEDAD MENTAL,PERSONAS CON ENFERMEDAD MENTAL,"790201",MENTALIAPUERTO@MENTALIAPUERTO.COM,"963301291",2000-02-10 00:00:00,"728817","4371517"
"POINT (749067 4311673)","404","1460",CENTROS RESIDENCIALES PARA PERSONAS MAYORES,CENTRO RESIDENCIAL PARA PERSONAS MAYORES NUESTRA SEÑORA DEL REBOLLET,"109",HERMANITAS DE LOS ANCIANOS DESAMPARADOS  CURIA GENERAL,"STA. TERESA JORNET, S/N",Entidad Privada,"46181",València/Valencia,la Safor,Oliva,PERSONAS MAYORES,PERSONAS MAYORES,"25789",oliva@hermanitas.es,"962850052",2000-02-23 00:00:00,"749067","4311673"
"POINT (725848 4373534)","405","1461",CENTROS RESIDENCIALES PARA PERSONAS MAYORES,CENTRO RESIDENCIAL PARA PERSONAS MAYORES HOGAR SANTA TERESA JORNET,"245",HERMANITAS DE LOS ANCIANOS DESAMPARADOS  CURIA GENERAL,"TERESA JORNET, 1",Entidad Privada,"46250",València/Valencia,València,València,PERSONAS MAYORES,PERSONAS MAYORES,"790201",sor.anaisabel@gmail.com,"963479250",,"725848","4373534"
"POINT (715737 4381275)","406","1463",RESIDENCIAS PARA PERSONAS MAYORES DEPENDIENTES,RESIDENCIA PARA PERSONAS MAYORES DEPENDIENTES COLINAS DE SAN ANTONIO,"20","RESIDENCIA COLINAS DE SAN ANTONIO, S.L.","CALLE ORONETA, 6",Entidad Privada,"46903",València/Valencia,el Camp de Túria,San Antonio de Benagéber,PERSONAS MAYORES,PERSONAS MAYORES,"8463",resicolinas@gmail.com,"961350352",2000-03-13 00:00:00,"715737","4381275"
"POINT (705611 4421672)","407","1464",VIVIENDAS TUTELADAS PARA MAYORES,VIVIENDA TUTELADA DE TERCERA EDAD EL PINAR,"10",AYUNTAMIENTO DE VIVER,AVDA CASTELLON 24,Entidad Local,"12140",Castelló/Castellón,El Alto Palancia,Viver,PERSONAS MAYORES,PERSONAS MAYORES,"1536",ayuntamiento@vivier.es,"964141006",2000-03-14 00:00:00,"705611","4421672"
"POINT (731856 4490377)","408","1466",HOGARES Y CLUBS PARA PERSONAS MAYORES,CLUB DE CONVIVENCIA HOGAR DEL JUBILADO MARE DE DEU DE LA ESPERANÇA,"0",AYUNTAMIENTO DE PORTELL,"C/ MAYOR, 4",Entidad Local,"12091",Castelló/Castellón,els Ports,Portell de Morella,PERSONAS MAYORES,PERSONAS MAYORES,"200",zero@gva.es,"964178779",2000-03-22 00:00:00,"731856","4490377"
"POINT (722008 4253556)","409","1467",RESIDENCIAS PARA PERSONAS MAYORES DEPENDIENTES,RESIDENCIA PARA PERSONAS MAYORES DEPENDIENTES ODAMAR S.L.,"28",RESIDENCIA DE LA TERCERA EDAD ODAMAR S.L.,HELIODORO GUILEM 2,Entidad Privada,"03090",Alacant/Alicante,l'Alacantí,Mutxamel,PERSONAS MAYORES,PERSONAS MAYORES,"24487",residenciageriatricaodamar@gmail.com,"965955415",2000-03-21 00:00:00,"722008","4253556"
"POINT (744009 4289978)","410","1468",RESIDENCIAS PARA PERSONAS MAYORES DEPENDIENTES,RESIDENCIA P.M.D.  LA LLAR DE CASTELLS,"28","LA LLAR DE CASTELLS,S.L","C/ Mayor, 23",Entidad Privada,"03054",Alacant/Alicante,la Marina Alta,Castell de Castells,PERSONAS MAYORES,PERSONAS MAYORES,"449",info@residenciacastells.es,"965518119",2000-03-21 00:00:00,"744009","4289978"
"POINT (753404.12 4429516.12)","411","1469",CENTRO DE REHABILITACIÓN E INTEGRACIÓN SOCIAL PARA ENFERMOS MENTALES CRÓNICOS,CENTRO DE REHABILITACION E INTEGRACION SOCIAL DE ENFERMOS MENTALES (CRIS),"55",CRUZ ROJA ESPAÑOLA,"PLAZA DE LA CRUZ ROJA, S/N",Entidad Privada,"12040",Castelló/Castellón,la Plana Alta,Castelló de la Plana,PERSONAS CON ENFERMEDAD MENTAL,PERSONAS CON ENFERMEDAD MENTAL,"170990",R.GALLEN@CRUZROJA.ES,"964724878",2000-03-16 00:00:00,"753404.12","4429516.12"
"POINT (745211 4500339)","412","1470",HOGARES Y CLUBS PARA PERSONAS MAYORES,"CLUB DE CONVIVENCIA TERCERA EDAD ""SANT BLAI""","0",AJUNTAMENT DE MORELLA,"CL. LA PLAZA, S/N",Entidad Local,"12080",Castelló/Castellón,els Ports,Morella,PERSONAS MAYORES,PERSONAS MAYORES,"2504",zero@gva.es,"964160034",2000-03-30 00:00:00,"745211","4500339"
"POINT (725170 4373028)","413","1473",CENTROS DE DÍA DE PERSONAS MAYORES DEPENDIENTES,CENTRO DE DIA PARA PERSONAS MAYORES DEPENDIENTES ALDEBARAN,"18",MEDIAGERIATRICS SL (CENTRO DIA ALDEBARAN),"DOCTOR BELTRAN BIGORRA, 6-BAIX",Entidad Privada,"46250",València/Valencia,València,València,PERSONAS MAYORES,PERSONAS MAYORES,"790201",ALDETARA@GMAIL.COM,"963917118",2000-04-05 00:00:00,"725170","4373028"
"POINT (690506 4282990)","414","1475",HOGARES Y CLUBS PARA PERSONAS MAYORES,CLUB DE CONVIVENCIA DE TERCERA EDAD DE CANYADA (EN PROCESO DE REGULARIZACION),"0",AJUNTAMENT DE CAÑADA,"PRINCIPE DE ASTURIAS,1",Entidad Local,"03052",Alacant/Alicante,l’Alt Vinalopó/El Alto Vinalopó,Cañada,PERSONAS MAYORES,PERSONAS MAYORES,"1245",zero@gva.es,"965820001",2000-05-02 00:00:00,"690506","4282990"
"POINT (707753 4367163)","415","1476",C. A. RESIDENCIAL PARA PERSONAS EN SITUACIÓN DE DEPENDENCIA,CEEM CUMBRES DE CALICANTO,"48","CENTRO TERAPEUTICO VALENCIANO, S.L.(RTE CUMBRES DE CALICANTO)","C/ FELIX PIZCUETA, 10",Entidad Privada,"46244",València/Valencia,l'Horta Sud,Torrent,PERSONAS CON ENFERMEDAD MENTAL,PERSONAS CON ENFERMEDAD MENTAL,"80762",MARCOGIL@RESIDENCIACALICANTO.COM,"962111561",2000-05-02 00:00:00,"707753","4367163"
"POINT (722569 4295356)","416","1481",HOGARES Y CLUBS PARA PERSONAS MAYORES,CLUB DE CONVIVENCIA DE LA TERCERA EDAD DE MURO DE L'ALCOI,"0",AJUNTAMENT DE MURO DE ALCOY,"CL. DR. FLEMING, NUM. 10",Entidad Local,"03092",Alacant/Alicante,el Comtat,Muro de Alcoy,PERSONAS MAYORES,PERSONAS MAYORES,"9307",ASOCIACIONUDPMURO@GMAIL.COM,"965531487",2000-05-04 00:00:00,"722569","4295356"
"POINT (726735 4371973)","417","1491",RESIDENCIAS PARA PERSONAS MAYORES DEPENDIENTES,RESIDENCIA PARA PERSONAS MAYORES DEPENDIENTES JARDINES DEL PALAU,"45","ATENCION AL MAYOR, SL","CL. CONDE DE ALTEA, 56 BAJO",Entidad Privada,"46250",València/Valencia,València,València,PERSONAS MAYORES,PERSONAS MAYORES,"790201",jardinesdelpalau@gmail.com,"963162300",2000-07-18 00:00:00,"726735","4371973"
"POINT (729600 4373793)","418","1492",RESIDENCIAS PARA PERSONAS MAYORES DEPENDIENTES,RESIDENCIA PARA PERSONAS MAYORES DEPENDIENTES INSTITUTO GERIATRICO VALENCIANO,"44","INSTITUTO GERIATRICO VALENCIANO, SL","C/ DOCTOR ÁLVARO LÓPEZ, 60",Entidad Privada,"46250",València/Valencia,València,València,PERSONAS MAYORES,PERSONAS MAYORES,"790201",gerencia@institutogeriatrico.com,"963563122",2000-07-18 00:00:00,"729600","4373793"
"POINT (729536 4373830)","419","1493",CENTROS DE DÍA DE PERSONAS MAYORES DEPENDIENTES,CENTRO DE DIA PARA PERSONAS MAYORES DEPENDIENTES INSTITUTO GERIATRICO VALENCIANO,"6","INSTITUTO GERIATRICO VALENCIANO, SL","INGENIERO MANUEL MAESE, 14 BO",Entidad Privada,"46250",València/Valencia,València,València,PERSONAS MAYORES,PERSONAS MAYORES,"790201",gerencia@institutogeriatrico.com,"963563122",2000-07-18 00:00:00,"729536","4373830"
"POINT (727944 4425828)","420","1496",HOGARES Y CLUBS PARA PERSONAS MAYORES,"CLUB DE CONVIVENCIA DE T.E. ""CASTRO"" DE SUERAS","0",AJUNTAMENT DE SUERA,"CR. PORTELL, 3",Entidad Local,"12108",Castelló/Castellón,la Plana Baixa,Suera/Sueras,PERSONAS MAYORES,PERSONAS MAYORES,"551",zero@gva.es,"964617033",2000-09-21 00:00:00,"727944","4425828"
"POINT (711979 4278365)","421","1497",CENTRO OCUPACIONAL PARA PERSONAS CON DISCAPACIDAD O DIVERSIDAD FUNCIONAL,CENTRO OCUPACIONAL SAN PASCUAL,"54",ASOCIACION COMARCAL DE PERSONAS CON DISCAPACIDAD INTELECTUAL,"AVENIDA DE ALCOY, 2",Entidad Privada,"03079",Alacant/Alicante,l'Alcoià,Ibi,PERSONAS CON DISCAPACIDAD,PERSONAS CON DISCAPACIDAD,"23365",COSANPASCUALIBI@GMAIL.COM,"965552875",,"711979","4278365"
"POINT (730169 4499643)","422","1515",HOGARES Y CLUBS PARA PERSONAS MAYORES,HOGAR DE LA TERCERA EDAD SAN GIL ABAD,"0",AJUNTAMENT DE LA MATA,"CRTRA. CANTAVIEJA, S/N",Entidad Local,"12075",Castelló/Castellón,els Ports,la Mata de Morella,PERSONAS MAYORES,PERSONAS MAYORES,"173",zero@gva.es,"964180001",,"730169","4499643"
"POINT (751151 4425954)","423","1517",CENTROS DE DÍA DE PERSONAS MAYORES DEPENDIENTES,CENTRO DE DIA P.M.D. D'ALMASSORA,"15",AJUNTAMENT D'ALMASSORA,"AVDA. GENERALITAT, 20",Entidad Local,"12009",Castelló/Castellón,la Plana Alta,Almassora,PERSONAS MAYORES,PERSONAS MAYORES,"25632",residencia@almassora.es,"964503099",2001-01-29 00:00:00,"751151","4425954"
"POINT (751151 4425954)","424","1518",RESIDENCIAS PARA PERSONAS MAYORES DEPENDIENTES,RESIDENCIA P.M.D. D'ALMASSORA VTE. VILAR MORELLA,"56",AJUNTAMENT D'ALMASSORA,"AVDA. GENERALITAT, 20",Entidad Local,"12009",Castelló/Castellón,la Plana Alta,Almassora,PERSONAS MAYORES,PERSONAS MAYORES,"25632",residencia@almassora.es,"964503099",2001-01-29 00:00:00,"751151","4425954"
"POINT (721812 4251858)","425","1536",RESIDENCIAS PARA PERSONAS MAYORES DEPENDIENTES,RESIDENCIA PARA PERSONAS MAYORES DEPENDIENTES HOGAR PROVINCIAL,"125",EXCMA. DIPUTACION PROVINCIAL DE ALICANTE,"CALLE HOGAR PROVINCIAL, 33",Entidad Local,"03014",Alacant/Alicante,l'Alacantí,Alacant/Alicante,PERSONAS MAYORES,PERSONAS MAYORES,"330525",gerenciahogar@diputacionalicante.es,"965269515",2004-08-12 00:00:00,"721812","4251858"
"POINT (708672 4380175)","426","1541",CENTROS SOCIALES,CENTRO SOCIAL DE RIBA-ROJA,"0",AJUNTAMENT DE RIBA-ROJA DE TURIA,"C/ CERVANTES, 1",Entidad Local,"46214",València/Valencia,el Camp de Túria,Riba-roja de Túria,POBLACIÓN EN GENERAL Y COLECTIVOS SOCIALMENTE DESFAVORECIDOS,POBLACIÓN EN GENERAL Y COLECTIVOS SOCIALMENTE DESFAVORECIDOS,"21521",RSEGARRA@RIBARROJA.ES,"0",2002-12-03 00:00:00,"708672","4380175"
"POINT (713702 4382247)","427","1542",RESIDENCIAS PARA PERSONAS MAYORES DEPENDIENTES,RESIDENCIA PARA PERSONAS MAYORES DEPENDIENTES ELIASOL,"40",RESIDENCIA ELIASOL 1995 SL,"C/ PASEO LEMAN, 36",Entidad Privada,"46116",València/Valencia,el Camp de Túria,l'Eliana,PERSONAS MAYORES,PERSONAS MAYORES,"17591",direccion@residenciaeliasol.es,"962750956",2003-05-22 00:00:00,"713702","4382247"
"POINT (727064 4255074)","428","1543",RESIDENCIAS PARA PERSONAS MAYORES DEPENDIENTES,RESIDENCIA PARA PERSONAS MAYORES DEPENDIENTES BOUCO EL CAMPELLO,"134",RESIDENCIAL SENIOR 2000 S.L.,"CL. BERNAT METGE, 3",Entidad Privada,"03050",Alacant/Alicante,l'Alacantí,el Campello,PERSONAS MAYORES,PERSONAS MAYORES,"27384",,"965941527",2004-06-09 00:00:00,"727064","4255074"
"POINT (741426 4266024)","429","1547",CENTROS SOCIALES,CENTRO SOCIAL HOGAR DEL PENSIONISTA,"0",AJUNTAMENT DE LA VILA JOIOSA,"CL. 8 DE MAYO, S/N",Entidad Local,"03139",Alacant/Alicante,la Marina Baixa,la Vila Joiosa/Villajoyosa,POBLACIÓN EN GENERAL Y COLECTIVOS SOCIALMENTE DESFAVORECIDOS,POBLACIÓN EN GENERAL Y COLECTIVOS SOCIALMENTE DESFAVORECIDOS,"33580",zero@gva.es,"0",2000-12-15 00:00:00,"741426","4266024"
"POINT (724202 4253746)","430","1548",CENTROS RESIDENCIALES PARA PERSONAS MAYORES,CENTRO RESIDENCIAL PARA P. MAYORES PENSIONISTAS FERROVIARIOS SAN JUAN,"188",ASOCIACION PARA RESIDENCIAS DE PENSIONISTAS FERROVIARIOS,"SAN ANTONIO, 88",Entidad Privada,"03119",Alacant/Alicante,l'Alacantí,Sant Joan d'Alacant,PERSONAS MAYORES,PERSONAS MAYORES,"22897",direccioncentros@arpf.es,"965653236",2002-06-21 00:00:00,"724202","4253746"
"POINT (723276 4379788)","431","1551",CENTROS RESIDENCIALES PARA PERSONAS MAYORES,CENTRO RESIDENCIAL PARA PERSONAS MAYORES HOGAR SANTA TERESA JORNET DE MASSARROCHOS,"68",HERMANITAS DE LOS ANCIANOS DESAMPARADOS  CURIA GENERAL,"C/ BENET BOSCH, 17",Entidad Privada,"46250",València/Valencia,València,València,PERSONAS MAYORES,PERSONAS MAYORES,"790201",masarrachos@hermanitas.es,"961391242",2009-03-25 00:00:00,"723276","4379788"
"POINT (706489 4389140)","432","1553",CENTROS RESIDENCIALES PARA PERSONAS MAYORES,CENTRO RESIDENCIAL PARA PERSONAS MAYORES HOGAR SANTA TERESA JORNET,"85",HERMANITAS DE LOS ANCIANOS DESAMPARADOS  CURIA GENERAL,"C/ STA. TERESA, 3",Entidad Privada,"46147",València/Valencia,el Camp de Túria,Llíria,PERSONAS MAYORES,PERSONAS MAYORES,"22796",liria@hermanitas.es,"962780117",,"706489","4389140"
"POINT (685866 4277802)","433","1554",CENTROS RESIDENCIALES PARA PERSONAS MAYORES,CENTRO RESIDENCIAL PARA PERSONAS MAYORES NUESTRA SEÑORA DE LAS VIRTUDES,"80",HERMANITAS DE LOS ANCIANOS DESAMPARADOS  CURIA GENERAL,PLAZA DE LAS MALVAS 9,Entidad Privada,"03140",Alacant/Alicante,l’Alt Vinalopó/El Alto Vinalopó,Villena,PERSONAS MAYORES,PERSONAS MAYORES,"34163",asilodevillena@gmail.com,"965800267",,"685866","4277802"
"POINT (683808 4248678)","434","1556",HOGARES Y CLUBS PARA PERSONAS MAYORES,CLUB DE CONVIVENCIA PARA LA TERCERA EDAD DE LA ROMANA,"0",AJUNTAMENT DE LA ROMANA,"PL. GOMEZ NAVARRO, 1",Entidad Local,"03114",Alacant/Alicante,el Vinalopó Mitjà/El Vinalopó Medio,la Romana,PERSONAS MAYORES,PERSONAS MAYORES,"2411",zero@gva.es,"965696001",,"683808","4248678"
"POINT (725935 4373124)","435","1558",CENTROS DE ACOGIDA PARA EX-RECLUSOS,"CENTRO DE ACOGIDA ""CASAL DE LA PAU""","94",ASOCIACION DOMUS PACIS,"CL. EN LLOPIS, 4",Entidad Privada,"46250",València/Valencia,València,València,POBLACIÓN EN GENERAL Y COLECTIVOS SOCIALMENTE DESFAVORECIDOS,POBLACIÓN EN GENERAL Y COLECTIVOS SOCIALMENTE DESFAVORECIDOS,"790201",proyectos@casaldelapau.org,"963915429",2000-12-18 00:00:00,"725935","4373124"
"POINT (753338 4430250)","436","1563",CENTROS SOCIALES,CENTRO SOCIAL RAFALAFENA-GRAPA,"0",AJUNTAMENT DE CASTELLO DE LA PLANA,"MARQUES DE LA ENSENADA , 10",Entidad Local,"12040",Castelló/Castellón,la Plana Alta,Castelló de la Plana,POBLACIÓN EN GENERAL Y COLECTIVOS SOCIALMENTE DESFAVORECIDOS,POBLACIÓN EN GENERAL Y COLECTIVOS SOCIALMENTE DESFAVORECIDOS,"170990",zero@gva.es,"964224005",2001-11-30 00:00:00,"753338","4430250"
"POINT (749348 4312040)","437","1567",CENTROS SOCIALES,CENTRE SOCIAL SANT VICENT,"0",AJUNTAMENT D'OLIVA,"C/ GARCIA ORDONEZ, 8",Entidad Local,"46181",València/Valencia,la Safor,Oliva,POBLACIÓN EN GENERAL Y COLECTIVOS SOCIALMENTE DESFAVORECIDOS,POBLACIÓN EN GENERAL Y COLECTIVOS SOCIALMENTE DESFAVORECIDOS,"25789",ALICIA@OLIVA.ES  MP@OLIVA.ES,"962850213",2003-10-28 00:00:00,"749348","4312040"
"POINT (719955 4410633)","438","1573",CENTROS SOCIALES,CENTRO SOCIAL ALTO PALANCIA,"0",MANCOMUNIDAD ALTO PALANCIA,"CTRA. SAGUNTO-BURGOS, KM 23",Entidad Local,"12106",Castelló/Castellón,El Alto Palancia,Soneja,POBLACIÓN EN GENERAL Y COLECTIVOS SOCIALMENTE DESFAVORECIDOS,POBLACIÓN EN GENERAL Y COLECTIVOS SOCIALMENTE DESFAVORECIDOS,"1463",zero@gva.es,"964132740",2002-05-03 00:00:00,"719955","4410633"
"POINT (699430 4218103)","439","1582",RESIDENCIAS PARA PERSONAS MAYORES DEPENDIENTES,RESIDENCIA PARA PERSONAS MAYORES DEPENDIENTES MEDITERRANEO,"40","RESIDENCIA MEDITERRANEO DECUVI, S.L.U.","CALLE LA PAZ, 26",Entidad Privada,"03070",Alacant/Alicante,el Baix Segura/La Vega Baja,Formentera del Segura,PERSONAS MAYORES,PERSONAS MAYORES,"3995",residenciamediterraneo@yahoo.es,"966715863",2001-04-03 00:00:00,"699430","4218103"
"POINT (713761 4344862)","440","1583",RESIDENCIA DE PERSONAS CON DISCAPACIDAD O DIVERSIDAD FUNCIONAL,RESIDENCIA DE MINUSVÁLIDOS LA LLUM,"34",AJUNTAMENT DE CARLET,"RAVALET, S/N",Entidad Local,"46085",València/Valencia,la Ribera Alta,Carlet,PERSONAS CON DISCAPACIDAD,PERSONAS CON DISCAPACIDAD,"15384",resillum@telefonica.net,"962530080",2001-02-02 00:00:00,"713761","4344862"
"POINT (775552 4298594)","441","1584",RESIDENCIAS PARA PERSONAS MAYORES DEPENDIENTES,RESIDENCIA P.M.D. HERMANOS CHOLBI JAVEA,"60",FUNDACION ASILO HOSPITAL CHOLBI DE JAVEA,"AVENIDA DEL PUERTO, 6",Entidad Privada,"03082",Alacant/Alicante,la Marina Alta,Xàbia/Jávea,PERSONAS MAYORES,PERSONAS MAYORES,"27225",info@hermanoscholbi.com,"965791080",2003-03-11 00:00:00,"775552","4298594"
"POINT (746718 4420130)","442","1586",CENTROS SOCIALES,CENTRO SOCIAL ALQUERIAS DEL NIÑO PERDIDO,"0",AJUNTAMENT D'ALQUERIAS DEL NIÑO PERDIDO,"C/ VIRGEN DE GRACIA, 52",Entidad Local,"12901",Castelló/Castellón,la Plana Baixa,les Alqueries/Alquerías del Niño Perdido,POBLACIÓN EN GENERAL Y COLECTIVOS SOCIALMENTE DESFAVORECIDOS,POBLACIÓN EN GENERAL Y COLECTIVOS SOCIALMENTE DESFAVORECIDOS,"4528",zero@gva.es,"964512404",2001-02-21 00:00:00,"746718","4420130"
"POINT (691882 4362706)","443","1590",CENTROS SOCIALES,CENTRO SOCIAL Y CULTURAL,"0",AYUNTAMIENTO DE ALBORACHE,"AV. DE LA MUSICA, 68",Entidad Local,"46012",València/Valencia,La Hoya de Buñol,Alborache,POBLACIÓN EN GENERAL Y COLECTIVOS SOCIALMENTE DESFAVORECIDOS,POBLACIÓN EN GENERAL Y COLECTIVOS SOCIALMENTE DESFAVORECIDOS,"1147",zero@gva.es,"962516002",2002-01-18 00:00:00,"691882","4362706"
"POINT (723340 4380164)","444","1595",CENTROS SOCIALES,CENTRO SOCIAL BADIA (EN PROCESO DE REGULARIZACION),"0",AJUNTAMENT DE MONCADA,"C/ ALCOY, 6",Entidad Local,"46171",València/Valencia,l'Horta Nord,Montcada/Moncada,POBLACIÓN EN GENERAL Y COLECTIVOS SOCIALMENTE DESFAVORECIDOS,POBLACIÓN EN GENERAL Y COLECTIVOS SOCIALMENTE DESFAVORECIDOS,"21700",SERVEIS.SOCIALS@MONCADA.ES,"961390716",2003-12-10 00:00:00,"723340","4380164"
"POINT (732348 4433814)","445","1602",HOGARES Y CLUBS PARA PERSONAS MAYORES,CLUB DE CONVIVENCIA TERCERA EDAD CRISTO DEL CALVARIO,"0",AJUNTAMENT DE RIBESALBES,"PZA. NUEVA, Nº 1 - BAJO",Entidad Local,"12095",Castelló/Castellón,la Plana Baixa,Ribesalbes,PERSONAS MAYORES,PERSONAS MAYORES,"1223",zero@gva.es,"964625001",2001-04-17 00:00:00,"732348","4433814"
"POINT (730118 4463858)","446","1603",HOGARES Y CLUBS PARA PERSONAS MAYORES,CLUB CONVIVENCIA TERCERA EDAD VISTABELLA DEL MAESTRAZGO,"0",AJUNTAMENT DE VISTABELLA DEL MAESTRAZGO,"C/HORNO, 5 - Bajo",Entidad Local,"12139",Castelló/Castellón,l'Alt Maestrat,Vistabella del Maestrat,PERSONAS MAYORES,PERSONAS MAYORES,"364",zero@gva.es,"964389007",2004-10-07 00:00:00,"730118","4463858"
"POINT (737605 4412224)","447","1604",CENTROS SOCIALES,CENTRO SOCIAL BARRIO TOLEDO,"0",AJUNTAMENT DE LA VALL D'UIXO,"C/ LA PAZ, 2",Entidad Local,"12126",Castelló/Castellón,la Plana Baixa,la Vall d'Uixó,POBLACIÓN EN GENERAL Y COLECTIVOS SOCIALMENTE DESFAVORECIDOS,POBLACIÓN EN GENERAL Y COLECTIVOS SOCIALMENTE DESFAVORECIDOS,"31819",zero@gva.es,"0",2002-05-17 00:00:00,"737605","4412224"
"POINT (751884 4430325)","448","1611",CENTRO OCUPACIONAL PARA PERSONAS CON DISCAPACIDAD O DIVERSIDAD FUNCIONAL,CENTRO OCUPACIONAL DE LA FUNDACIÓN SINDROME DE DOWN,"40","FUNDACION ""SINDROME DE DOWN""","AVDA. ALCORA, 164",Entidad Privada,"12040",Castelló/Castellón,la Plana Alta,Castelló de la Plana,PERSONAS CON DISCAPACIDAD,PERSONAS CON DISCAPACIDAD,"170990",CENTROOCUPACIONAL@DOWNCASTELLON.COM,"964250543",2001-03-29 00:00:00,"751884","4430325"
"POINT (685211 4223579)","449","1616",HOGARES Y CLUBS PARA PERSONAS MAYORES,CLUB DE CONVIVENCIA DE LA TERCERA EDAD COX,"0",AYUNTAMIENTO DE COX,"ALAMEDA, 32",Entidad Local,"03058",Alacant/Alicante,el Baix Segura/La Vega Baja,Cox,PERSONAS MAYORES,PERSONAS MAYORES,"7193",SERVICIO_SOCIALESCOX@HOTMAIL.COM,"965360000",2004-12-03 00:00:00,"685211","4223579"
"POINT (711125 4278227)","450","1617",RESIDENCIAS PARA PERSONAS MAYORES DEPENDIENTES,RESIDENCIA P.M.D. SAN JOAQUIN IBI,"38","FUNDACION ASILO ""SAN JOAQUIN""","calle PACA GUILLEM, 19",Entidad Privada,"03079",Alacant/Alicante,l'Alcoià,Ibi,PERSONAS MAYORES,PERSONAS MAYORES,"23365",direccion@residenciasanjoaquin.com,"965552973",2002-05-29 00:00:00,"711125","4278227"
"POINT (704689 4207524)","451","1618",RESIDENCIAS PARA PERSONAS MAYORES DEPENDIENTES,RESIDENCIA PARA PERSONAS MAYORES DEPENDIENTES LA INMACULADA,"70",FUND.STO.HOSPITAL RESIDENCIA INMACULADA CONCEPCION,"C/ALBORAN, S/N URBANIZACION EL MOLINO",Entidad Privada,"03133",Alacant/Alicante,el Baix Segura/La Vega Baja,Torrevieja,PERSONAS MAYORES,PERSONAS MAYORES,"84213",info@residenciamariainmaculada.org,"965711874",,"704689","4207524"
"POINT (738889 4393714)","452","1621",RESIDENCIAS PARA PERSONAS MAYORES DEPENDIENTES,RESIDENCIA PARA PERSONAS MAYORES DEPENDIENTES EL MAR,"50","TERUEL MARTÍNEZ ANTONIO, S.L.","C/ PINTOR PINAZO, 35",Entidad Privada,"46220",València/Valencia,el Camp de Morvedre,Sagunt/Sagunto,PERSONAS MAYORES,PERSONAS MAYORES,"64439",info@residenciaelmar.com,"962698149",2001-05-31 00:00:00,"738889","4393714"
"POINT (686158 4277848)","453","1622",RESIDENCIAS PARA PERSONAS CON DIVERSIDAD FUNCIONAL PSÍQUICA,"RESIDENCIA PARA DISCAPACITADOS PSIQUICOS ""LA MORENICA""","28","LA MORENICA, ATENCIÓN A LA DEPENDENCIA, S.A.","C/ PRADO DE LA VILLA, 92 . 3º",Entidad Privada,"03140",Alacant/Alicante,l’Alt Vinalopó/El Alto Vinalopó,Villena,PERSONAS CON DISCAPACIDAD,PERSONAS CON DISCAPACIDAD,"34163",,"965815083",2001-04-25 00:00:00,"686158","4277848"
"POINT (686158 4277848)","454","1623",CENTRO ESPECÍFICO PARA ENFERMOS MENTALES CRÓNICOS (CEEM),"RESIDENCIA PARA ENFERMOS MENTALES ""LA MORENICA""","28","LA MORENICA, ATENCIÓN A LA DEPENDENCIA, S.A.","C/ PRADO DE LA VILLA, 92 . 3º",Entidad Privada,"03140",Alacant/Alicante,l’Alt Vinalopó/El Alto Vinalopó,Villena,PERSONAS CON DISCAPACIDAD,PERSONAS CON DISCAPACIDAD,"34163",INFORMACION@GERIATRICOLAMORENICA.COM,"965815083",2001-04-25 00:00:00,"686158","4277848"
"POINT (790120 4480096)","455","1630",RESIDENCIA DE PERSONAS CON DISCAPACIDAD O DIVERSIDAD FUNCIONAL,"RESIDENCIA DISMINUIDOS PSÍQUICOS AUTÓNOMOS ""SAN FRANCESC""","19",AJUNTAMENT DE BENICARLO,"C/ SAN FRANCISCO, 94",Entidad Local,"12027",Castelló/Castellón,el Baix Maestrat,Benicarló,PERSONAS CON DISCAPACIDAD,PERSONAS CON DISCAPACIDAD,"26486",direcciosantfrancesc@oacse.org,"964462274",2001-05-23 00:00:00,"790120","4480096"
"POINT (707934 4300081)","456","1631",RESIDENCIAS PARA PERSONAS MAYORES DEPENDIENTES,RESIDENCIA P.M.D. SAN FRANCISCO ONTINYENT,"75",ASOCIACIÓN AMIGOS DE LOS ANCIANOS RESIDENCIA SAN FRANCISCO,"C/ GOMIS, 53",Entidad Privada,"46184",València/Valencia,la Vall d'Albaida,Ontinyent,PERSONAS MAYORES,PERSONAS MAYORES,"35534",,"962381285",2005-06-10 00:00:00,"707934","4300081"
"POINT (707054 4300448)","457","1633",RESIDENCIAS PARA PERSONAS MAYORES DEPENDIENTES,RESIDENCIA P.M.D. C.G. LA SALETA ONTINYENT,"133",LA SALETA CARE SL,"AVDA. VICENTE GIRONES MORA, 4",Entidad Privada,"46184",València/Valencia,la Vall d'Albaida,Ontinyent,PERSONAS MAYORES,PERSONAS MAYORES,"35534",dontinyent@lasaleta.com,"962389050",2001-06-26 00:00:00,"707054","4300448"
"POINT (727320 4370246)","458","1634",RESIDENCIAS PARA PERSONAS MAYORES DEPENDIENTES,Colisée El Saler,"122",LA SALETA CARE SL,"AVDA. ESCRITOR RAFAEL FERRERES, 20-22",Entidad Privada,"46250",València/Valencia,València,València,PERSONAS MAYORES,PERSONAS MAYORES,"790201",,"963335330",2003-02-11 00:00:00,"727320","4370246"
"POINT (707054 4300448)","459","1635",CENTROS DE DÍA DE PERSONAS MAYORES DEPENDIENTES,CENTRO DE DIA PARA PERSONAS MAYORES DEPENDIENTES LA SALETA ONTINYENT,"50",LA SALETA CARE SL,"AVDA. VICENTE GIRONES MORA, 4",Entidad Privada,"46184",València/Valencia,la Vall d'Albaida,Ontinyent,PERSONAS MAYORES,PERSONAS MAYORES,"35534",ontinyent@lasaleta.com,"962389050",2001-06-26 00:00:00,"707054","4300448"
"POINT (726735 4371973)","460","1638",CENTROS DE DÍA DE PERSONAS MAYORES DEPENDIENTES,CENTRO DE DIA PARA PERSONAS MAYORES DEPENDIENTES JARDINES DEL PALAU,"15","ATENCION AL MAYOR, SL","CONDE ALTEA, 56 Y 58",Entidad Privada,"46250",València/Valencia,València,València,PERSONAS MAYORES,PERSONAS MAYORES,"790201",jardinesdelpalau@gmail.com,"963162300",2001-08-17 00:00:00,"726735","4371973"
"POINT (722290 4378104)","461","1640",CENTRO OCUPACIONAL PARA PERSONAS CON DISCAPACIDAD O DIVERSIDAD FUNCIONAL,CENTRO OCUPACIONAL KOYNOS,"70","COOPERATIVA VALENCIANA ""KOYNOS""","C/ SANTA TERESA, 2",Entidad Privada,"46135",València/Valencia,l'Horta Nord,Godella,PERSONAS CON DISCAPACIDAD,PERSONAS CON DISCAPACIDAD,"13029",zero@gva.es,"963630107",2001-06-04 00:00:00,"722290","4378104"
"POINT (725585 4373045)","462","1641",RESIDENCIA DE PERSONAS CON DISCAPACIDAD O DIVERSIDAD FUNCIONAL,RESIDENCIA DE DISCAPACITADOS FISICOS PEPE ALBA,"22",COORDINADORA DE DISCAPACITADOS FISICOS COMUNIDAD VALENCIANA (CODIFIVA),"C/ CONCORDIA, 6",Entidad Privada,"46250",València/Valencia,València,València,PERSONAS CON DISCAPACIDAD,PERSONAS CON DISCAPACIDAD,"790201",direccion@pepealba.org,"963154137",2001-06-05 00:00:00,"725585","4373045"
"POINT (710311 4318338)","463","1650",HOGARES Y CLUBS PARA PERSONAS MAYORES,CLUB DE CONVIVENCIA DE TERCERA EDAD DE TORRELLA,"0",AJUNTAMENT DE TORRELLA,"C/ MOSEN R. CLIMENT, 20",Entidad Local,"46243",València/Valencia,la Costera,Torrella,PERSONAS MAYORES,PERSONAS MAYORES,"154",zero@gva.es,"962244926",2002-02-19 00:00:00,"710311","4318338"
"POINT (715936 4367259)","464","1651",RESIDENCIAS PARA PERSONAS MAYORES DEPENDIENTES,RESIDENCIA PARA PERSONAS MAYORES DEPENDIENTES CENTRE DE MAJORS EL MAS,"74","RESIDENCIAS FAMILIARES PARA MAYORES, S.L.","C/PINTOR PEDRO DE VALENCIA, 8",Entidad Privada,"46244",València/Valencia,l'Horta Sud,Torrent,PERSONAS MAYORES,PERSONAS MAYORES,"80762",bfortea@residenciaelmas.com,"961565647",2002-08-16 00:00:00,"715936","4367259"
"POINT (654030 4381391)","465","1660",RESIDENCIAS PARA PERSONAS MAYORES DEPENDIENTES,Vinambra RPM Utiel,"68","VINAMBRA CENTROS Y SERVICIOS SOCIOSANITARIOS, S.L.","C/ REYES CATÓLICOS, 49",Entidad Privada,"46249",València/Valencia,La Plana de Utiel-Requena,Utiel,PERSONAS MAYORES,PERSONAS MAYORES,"11748",,"962170636",2001-10-31 00:00:00,"654030","4381391"
"POINT (724438 4253390)","466","1667",RESIDENCIAS PARA PERSONAS MAYORES DEPENDIENTES,RESIDENCIA PARA PERSONAS MAYORES DEPENDIENTES CAP-BLAU,"60",RESIDENCIA DE TERCERA EDAD CAP-BLAU SOCIEDAD LIMITADA,"AVDA. BENIDORM,  71",Entidad Privada,"03119",Alacant/Alicante,l'Alacantí,Sant Joan d'Alacant,PERSONAS MAYORES,PERSONAS MAYORES,"22897",INFO@CAPBLAU.COM,"965942209",2002-04-22 00:00:00,"724438","4253390"
"POINT (719959 4373604)","467","1668",RESIDENCIAS PARA PERSONAS MAYORES DEPENDIENTES,RESIDENCIA P.M.D. EL AMPARO QUART DE POBLET,"52",FUNDACIÓN RESIDENCIA D'ANCIANS EL AMPARO QUART DE POBLET,"C/ HERNAN CORTES, 16",Entidad Privada,"46102",València/Valencia,l'Horta Sud,Quart de Poblet,PERSONAS MAYORES,PERSONAS MAYORES,"24776",direccion@residenciaelamparo.org,"961530560",2006-05-09 00:00:00,"719959","4373604"
"POINT (718352 4371284)","468","1670",RESIDENCIAS PARA PERSONAS MAYORES DEPENDIENTES,RESIDENCIA PARA PERSONAS MAYORES DEPENDIENTES INMACULADA CONCEPCIÓN,"14",HERMANAS DE LA COMPAÑÍA DE LA CRUZ,"C/ ALAQUAS, 6",Entidad Privada,"46021",València/Valencia,l'Horta Sud,Aldaia,PERSONAS MAYORES,PERSONAS MAYORES,"31246",zero@gva.es,"961501053",2002-01-11 00:00:00,"718352","4371284"
"POINT (723557 4371747)","469","1673",CENTROS RESIDENCIALES PARA PERSONAS MAYORES,CENTRO RESIDENCIAL PARA PERSONAS MAYORES NTRA. SRA. DE LOS DESAMPARADOS,"164",CONGREGACION HERMANAS DEL SAGRADO CORAZON DE JESUS Y SANTOS ANGELES,"C/ MÚSICO AYLLÓN, 39",Entidad Privada,"46250",València/Valencia,València,València,PERSONAS MAYORES,PERSONAS MAYORES,"790201",direccion.valencia@angelicas.es,"963708050",2016-02-02 00:00:00,"723557","4371747"
"POINT (727141 4374039)","470","1676",CENTROS SOCIALES,CENTRO SOCIAL BENIMACLET,"0",AJUNTAMENT DE VALENCIA,"SANT ESPERIT, 15",Entidad Local,"46250",València/Valencia,València,València,POBLACIÓN EN GENERAL Y COLECTIVOS SOCIALMENTE DESFAVORECIDOS,POBLACIÓN EN GENERAL Y COLECTIVOS SOCIALMENTE DESFAVORECIDOS,"790201",CMSSBENIMACLET@VALENCIA.ES,"962084380",2003-12-10 00:00:00,"727141","4374039"
"POINT (747562 4315336)","471","1684",RESIDENCIAS PARA PERSONAS MAYORES DEPENDIENTES,RESIDENCIAL PERSONAS MAYORES DEPENDIENTES JARDI MIRAMAR GERIATRICO,"120","RESIDENCIAL EL TAULAR MIRAMAR, S.L.",C/OLIVERETES S/N,Entidad Privada,"46168",València/Valencia,la Safor,Miramar,PERSONAS MAYORES,PERSONAS MAYORES,"2609",susana@rjmiramar.com,"962803812",2002-08-13 00:00:00,"747562","4315336"
"POINT (721851 4372371)","472","1690",CENTROS SOCIALES,CENTRE MUNICIPAL  DE SERVEIS SOCIALS,"0",AJUNTAMENT DE MISLATA,"MAESTRO PALAU, 15-BAJO",Entidad Local,"46169",València/Valencia,l'Horta Sud,Mislata,POBLACIÓN EN GENERAL Y COLECTIVOS SOCIALMENTE DESFAVORECIDOS,POBLACIÓN EN GENERAL Y COLECTIVOS SOCIALMENTE DESFAVORECIDOS,"42988",SALMENAR@MISLATA.ES,"963137260",2002-10-31 00:00:00,"721851","4372371"
"POINT (667236 4344138)","473","1693",RESIDENCIAS PARA PERSONAS MAYORES DEPENDIENTES,RESIDENCIA P.M.D. SAN JOSE DE COFRENTES,"17",AYUNTAMIENTO DE COFRENTES,"PLAZA DE ESPAÑA, 8",Entidad Local,"46097",València/Valencia,El Valle de Cofrentes-Ayora,Cofrentes,PERSONAS MAYORES,PERSONAS MAYORES,"1114",residencia@cofrentes.es,"961894660",2011-03-09 00:00:00,"667236","4344138"
"POINT (750088 4269452)","474","1694",CENTROS SOCIALES,CENTRO SOCIAL JELENA,"0",AJUNTAMENT DE BENIDORM,"LOS OLIVOS, 11",Entidad Local,"03031",Alacant/Alicante,la Marina Baixa,Benidorm,POBLACIÓN EN GENERAL Y COLECTIVOS SOCIALMENTE DESFAVORECIDOS,POBLACIÓN EN GENERAL Y COLECTIVOS SOCIALMENTE DESFAVORECIDOS,"66642",zero@gva.es,"965860226",2002-02-07 00:00:00,"750088","4269452"
"POINT (710231 4318869)","475","1696",HOGARES Y CLUBS PARA PERSONAS MAYORES,CLUB DE CONVIVENCIA DE LLANERA DE RANES,"0",AJUNTAMENT DE LLANERA DE RANES,"C/ VIRGEN DE LOS DESAMPARADOS,2",Entidad Local,"46154",València/Valencia,la Costera,Llanera de Ranes,PERSONAS MAYORES,PERSONAS MAYORES,"1046",DESANSALA@LLANERADERANES.ES,"962254201",2002-02-21 00:00:00,"710231","4318869"
"POINT (695032 4245755)","476","1697",CENTROS SOCIALES,CENTRO SOCIAL BARRIO VISTAHERMOSA DE ASPE,"0",AYUNTAMIENTO DE ASPE,"RUPERTO CHAPÍ, 4",Entidad Local,"03019",Alacant/Alicante,el Vinalopó Mitjà/El Vinalopó Medio,Aspe,POBLACIÓN EN GENERAL Y COLECTIVOS SOCIALMENTE DESFAVORECIDOS,POBLACIÓN EN GENERAL Y COLECTIVOS SOCIALMENTE DESFAVORECIDOS,"20482",zero@gva.es,"965490950",2002-06-07 00:00:00,"695032","4245755"
"POINT (709083 4305968)","477","1698",CENTROS DE DÍA DE PERSONAS MAYORES DEPENDIENTES,CENTRE DE DÍA PER A PERSONES MAJORS DEPENDENTS L'ALJAR,"42",AJUNTAMENT D'AIELO DE MALFERIT,"C/ORIENT,30 B",Entidad Local,"46042",València/Valencia,la Vall d'Albaida,Aielo de Malferit,PERSONAS MAYORES,PERSONAS MAYORES,"4724",AIELO.SERVEISSOCIALS1@CV.GVA.ES,"626515010",2002-07-10 00:00:00,"709083","4305968"
"POINT (710998 4332449)","478","1699",C. A. RESIDENCIAL PARA PERSONAS EN SITUACIÓN DE DEPENDENCIA,C. A. RESIDENCIAL BUENDIA,"28",MEBUCE SOCIEDAD LIMITADA,URBANIZACIÓN SAN CRISTOBAL PARCELA 604,Entidad Privada,"46011",València/Valencia,la Ribera Alta,Alberic,PERSONAS CON ENFERMEDAD MENTAL,PERSONAS CON ENFERMEDAD MENTAL,"10537",PSICOLOGIA@BUENDIAMENTALES.COM,"962440279",2002-11-08 00:00:00,"710998","4332449"
"POINT (718150 4374852)","479","1700",RESIDENCIAS PARA PERSONAS MAYORES DEPENDIENTES,RESIDENCIA P.M.D. S.FRANCISCO Y S.VICENTE MANISES,"54",PARROQUIA SAN JUAN BAUTISTA DE MANISES,"C/ FRANCISCO VALDECABRES, 4",Entidad Privada,"46159",València/Valencia,l'Horta Sud,Manises,PERSONAS MAYORES,PERSONAS MAYORES,"30704",residencia@sanfranciscoysanvicente.org,"961545240",2002-01-29 00:00:00,"718150","4374852"
"POINT (693451 4284472)","480","1708",CENTROS SOCIALES,CENTRO SOCIAL CAMPO DE MIRRA,"0",AJUNTAMENT DE EL CAMP DE MIRRA,"PLAZA DEL PARADOR, 10",Entidad Local,"03051",Alacant/Alicante,l’Alt Vinalopó/El Alto Vinalopó,el Camp de Mirra/Campo de Mirra,POBLACIÓN EN GENERAL Y COLECTIVOS SOCIALMENTE DESFAVORECIDOS,POBLACIÓN EN GENERAL Y COLECTIVOS SOCIALMENTE DESFAVORECIDOS,"440",zero@gva.es,"965820234",2002-05-28 00:00:00,"693451","4284472"
"POINT (706254 4389164)","481","1711",RESIDENCIAS PARA PERSONAS MAYORES DEPENDIENTES,RESIDENCIA PARA PERSONAS MAYORES DEPENDIENTES LLAR DE SANT VICENT,"32",NOVAEDAT BENESTAR SLU,"CAMI MAS DEL CAPELLA, 6  (AP. COR. 178)",Entidad Privada,"46147",València/Valencia,el Camp de Túria,Llíria,PERSONAS MAYORES,PERSONAS MAYORES,"22796",llardesantvicent@hotmail.com,"962790727",2002-02-26 00:00:00,"706254","4389164"
"POINT (707787 4299844)","482","1716",VIVIENDAS TUTELADAS,"PIS TUTELAT ""LA MORERETA""","8",AJUNTAMENT D'ONTINYENT,"C LA MORENETA, 26",Entidad Local,"46184",València/Valencia,la Vall d'Albaida,Ontinyent,POBLACIÓN EN GENERAL Y COLECTIVOS SOCIALMENTE DESFAVORECIDOS,POBLACIÓN EN GENERAL Y COLECTIVOS SOCIALMENTE DESFAVORECIDOS,"35534",ONTISOCIALSCOCV@GVA.ES,"962918222",2002-07-01 00:00:00,"707787","4299844"
"POINT (731804 4342670)","483","1717",CENTROS ESPECIALIZADOS DE ATENCIÓN A LOS MAYORES,CENTRO ESPECIALIZADO DE ATENCION A MAYORES DE SUECA,"0",AJUNTAMENT DE SUECA,"PLACETA DEL CONVENT, 13",Entidad Local,"46235",València/Valencia,la Ribera Baixa,Sueca,PERSONAS MAYORES,PERSONAS MAYORES,"28090",SUECA_SSO@GVA.ES,"961700050",2002-05-09 00:00:00,"731804","4342670"
"POINT (742078 4307786)","484","1718",HOGARES Y CLUBS PARA PERSONAS MAYORES,CLUB DE CONVIVENCIA DE VILLALONGA,"0",AJUNTAMENT DE VILLALONGA,"C/ PUJA DEL FIELATO, 6",Entidad Local,"46255",València/Valencia,la Safor,Vilallonga/Villalonga,PERSONAS MAYORES,PERSONAS MAYORES,"4375",zero@gva.es,"962805004",2002-06-10 00:00:00,"742078","4307786"
"POINT (723896 4380531)","485","1719",HOGARES Y CLUBS PARA PERSONAS MAYORES,CLUB DE CONVIVENCIA DE MONCADA,"0",AJUNTAMENT DE MONCADA,"PLAZA DEL ARBOL, 14",Entidad Local,"46171",València/Valencia,l'Horta Nord,Montcada/Moncada,PERSONAS MAYORES,PERSONAS MAYORES,"21700",JUVIPEN@GMAIL.COM,"961392558",2003-08-25 00:00:00,"723896","4380531"
"POINT (720133 4433298)","486","1721",HOGARES Y CLUBS PARA PERSONAS MAYORES,"CLUB CONVIVENCIA TERCERA EDAD ""SAN ROQUE""","0",AYUNTAMIENTO DE FUENTES DE AYODAR,"PZA. SALVADOR SEGARRA, 16",Entidad Local,"12064",Castelló/Castellón,El Alto Mijares,Fuentes de Ayódar,PERSONAS MAYORES,PERSONAS MAYORES,"114",zero@gva.es,"964618034",2002-07-04 00:00:00,"720133","4433298"
"POINT (761033 4461311)","487","1724",HOGARES Y CLUBS PARA PERSONAS MAYORES,CLUB DE CONVIVENCIA TERCERA EDAD,"0",AYUNTAMIENTO DE TORRE ENDOMENECH,"C/DE L'HERA, 8",Entidad Local,"12120",Castelló/Castellón,la Plana Alta,la Torre d'en Doménec,PERSONAS MAYORES,PERSONAS MAYORES,"212",zero@gva.es,"964707249",2003-01-08 00:00:00,"761033","4461311"
"POINT (712992 4300046)","488","1725",HOGARES Y CLUBS PARA PERSONAS MAYORES,HOGAR DEL JUBILADO D'AGULLENT,"0",AYUNTAMIENTO DE AGULLENT,PLAZA PINTOR R. SOLER-C/SANTA ANA,Entidad Local,"46004",València/Valencia,la Vall d'Albaida,Agullent,PERSONAS MAYORES,PERSONAS MAYORES,"2395",zero@gva.es,"962907080",2002-12-18 00:00:00,"712992","4300046"
"POINT (766834 4505342)","489","1726",HOGARES Y CLUBS PARA PERSONAS MAYORES,CLUB DE CONVIVENCIA 3ª EDAD LA ASUNCION,"0",AJUNTAMENT DE LA POBLA DE BENIFASSA,"LA FONT,S/N",Entidad Local,"12093",Castelló/Castellón,el Baix Maestrat,La Pobla de Benifassà,PERSONAS MAYORES,PERSONAS MAYORES,"209",zero@gva.es,"977729051",2004-04-15 00:00:00,"766834","4505342"
"POINT (759782 4292472)","490","1731",HOGARES Y CLUBS PARA PERSONAS MAYORES,CLUB DE CONVIVENCIA JALON,"0",AYUNTAMIENTO DE JALON,"PTDA. PLA DE LA HUERTA, 7 A",Entidad Local,"03081",Alacant/Alicante,la Marina Alta,Xaló,PERSONAS MAYORES,PERSONAS MAYORES,"2648",INFO@XALÓ.ORG,"966480101",2002-07-12 00:00:00,"759782","4292472"
"POINT (725277 4372382)","491","1738",OTROS CENTROS DE POBLACION EN GENERAL,CENTRO MISION EVANGELICA URBANA,"0",MISION EVANGELICA URBANA DE VALENCIA,"CL. ROGER DE FLOR, 15",Entidad Privada,"46250",València/Valencia,València,València,POBLACIÓN EN GENERAL Y COLECTIVOS SOCIALMENTE DESFAVORECIDOS,POBLACIÓN EN GENERAL Y COLECTIVOS SOCIALMENTE DESFAVORECIDOS,"790201",DIRECCION@MEUV.ES,"963924849",2002-11-08 00:00:00,"725277","4372382"
"POINT (703951 4321486)","492","1739",RESIDENCIA DE PERSONAS CON DISCAPACIDAD O DIVERSIDAD FUNCIONAL,HOGAR RESIDENCIA EL JESÚS,"30","HOGAR RESIDENCIA EL JESUS, S.L.","C/ MUSICO JOAQUIN GARCIA, 1",Entidad Privada,"46039",València/Valencia,La Canal de Navarrés,Anna,PERSONAS CON DISCAPACIDAD,PERSONAS CON DISCAPACIDAD,"2678",hreljesus@hotmail.com,"962211020",2002-04-16 00:00:00,"703951","4321486"
"POINT (703025 4206482)","493","1748",RESIDENCIAS PARA PERSONAS MAYORES DEPENDIENTES,RESIDENCIA PARA PERSONAS MAYORES DEPENDIENTES LOS JARDINES DE CLARA,"49","LOS JARDINES DE CLARA COSTABLANCA, S.L.UNIPERSONAL","RESIDENCIAL PARQUE DE LAS NACIONES,S/N",Entidad Privada,"03133",Alacant/Alicante,el Baix Segura/La Vega Baja,Torrevieja,PERSONAS MAYORES,PERSONAS MAYORES,"84213",INFO@JARDINESDECLARA.COM,"965704102",2002-05-30 00:00:00,"703025","4206482"
"POINT (719858 4288594)","494","1749",CENTRO OCUPACIONAL PARA PERSONAS CON DISCAPACIDAD O DIVERSIDAD FUNCIONAL,CENTRO OCUPACIONAL GORMAGET,"65",ASOCIACION PRO-PERSONAS CON DISCAPACIDAD INTELECTUAL DE ALCOY (ASPROMIN),"COTES ALTES, 27",Entidad Privada,"03009",Alacant/Alicante,l'Alcoià,Alcoi/Alcoy,PERSONAS CON DISCAPACIDAD,PERSONAS CON DISCAPACIDAD,"59198",ASPROMIN@ASPROMIN.ES,"965522000",2002-05-09 00:00:00,"719858","4288594"
"POINT (716311 4378568)","495","1750",RESIDENCIAS PARA PERSONAS MAYORES DEPENDIENTES,RESIDENCIA PARA PERSONAS MAYORES DEPENDIENTES EL PLANTIO LA EDAD DORADA,"19","RESIDENCIA DEL PLANTIO LA EDAD DORADA, S.L.",C/ 29 Nº 45 LA CAÑADA,Entidad Privada,"46190",València/Valencia,l'Horta Nord,Paterna,PERSONAS MAYORES,PERSONAS MAYORES,"67854",zero@gva.es,"961325713",2002-10-28 00:00:00,"716311","4378568"
"POINT (747325 4317850)","496","1751",RESIDENCIAS PARA PERSONAS MAYORES DEPENDIENTES,RESIDENCIA PARA PERSONAS MAYORES DEPENDIENTES SANT CARLES,"28","GERODAIMUS, S.L.","C/ FRANCISCO PONS, 14",Entidad Privada,"46113",València/Valencia,la Safor,Daimús,PERSONAS MAYORES,PERSONAS MAYORES,"3058",info@residenciasantcarles.es,"962819031",2003-01-08 00:00:00,"747325","4317850"
"POINT (750533 4430561)","497","1752",CENTRO DE DÍA PARA PERSONAS CON DISCAPACIDAD O DIVERSIDAD FUNCIONAL,"CENTRO DE DÍA ""ASPROPACE""","10",FUNDACION ASPROPACE DE LA COMUNITAT VALENCIANA,CTRA. DE ALCORA KM. 10,Entidad Privada,"12040",Castelló/Castellón,la Plana Alta,Castelló de la Plana,PERSONAS CON DISCAPACIDAD,PERSONAS CON DISCAPACIDAD,"170990",DIRECCIONCDR@FUNDACIONASPROPACE.ORG,"964252573",2002-05-14 00:00:00,"750533","4430561"
"POINT (750598 4430556)","498","1753",RESIDENCIA DE PERSONAS CON DISCAPACIDAD O DIVERSIDAD FUNCIONAL,"RESIDENCIA ""INFANTA CRISTINA"" (ASPROPACE)","20",FUNDACION ASPROPACE DE LA COMUNITAT VALENCIANA,"CTRA. DE ALCORA, KM. 10",Entidad Privada,"12040",Castelló/Castellón,la Plana Alta,Castelló de la Plana,PERSONAS CON DISCAPACIDAD,PERSONAS CON DISCAPACIDAD,"170990",direccioncdr@fundacionaspropace.org,"964252573",2002-05-14 00:00:00,"750598","4430556"
"POINT (750986 4430490)","499","1754",CENTROS DE ATENCIÓN TEMPRANA (CAT),"CENTRO DE ESTIMULACIÓN PRECOZ ""SINDROME DE DOWN""","70","FUNDACION ""SINDROME DE DOWN""","AVDA. DE ALCORA, 132",Entidad Privada,"12040",Castelló/Castellón,la Plana Alta,Castelló de la Plana,PERSONAS CON DISCAPACIDAD,PERSONAS CON DISCAPACIDAD,"170990",CDIAT@DOWNCASTELLÓN.COM,"964251427",2002-05-14 00:00:00,"750986","4430490"
"POINT (737605 4412224)","500","1755",CENTRO DE REHABILITACIÓN E INTEGRACIÓN SOCIAL PARA ENFERMOS MENTALES CRÓNICOS,"C.R.I.S,  CENTRO DE REHABILITACIÓN E INSERCIÓN SOCIAL PARA ENFERMOS MENTALES","60",AJUNTAMENT DE LA VALL D'UIXO,"C/ LA PAZ, Nº 2",Entidad Local,"12126",Castelló/Castellón,la Plana Baixa,la Vall d'Uixó,PERSONAS CON ENFERMEDAD MENTAL,PERSONAS CON ENFERMEDAD MENTAL,"31819",SANDRES@AYTO-LAVALL.ORG,"964691308",2002-05-14 00:00:00,"737605","4412224"
"POINT (727314 4398916)","501","1756",RESIDENCIAS PARA PERSONAS MAYORES DEPENDIENTES,RESIDENCIA P.M.D. S. VICENTE FERRER ESTIVELLA,"30",AS.CASA DE LOS OBREROS S.VICENTE FERRER,"C/ DEL PONT,1",Entidad Privada,"46120",València/Valencia,el Camp de Morvedre,Estivella,PERSONAS MAYORES,PERSONAS MAYORES,"1374",casaobreros@gmail.com,"962629009",2002-10-25 00:00:00,"727314","4398916"
"POINT (700075 4307846)","502","1758",RESIDENCIAS PARA PERSONAS MAYORES DEPENDIENTES,RESIDENCIA P.M.D. JOSE PENADES SAEZ VALLADA,"68",AJUNTAMENT DE VALLADA,"AVDA. REGNE DE VALENCIA, 16",Entidad Local,"46251",València/Valencia,la Costera,Vallada,PERSONAS MAYORES,PERSONAS MAYORES,"3089",residenciavallada@gesmed.es,"962296031",2002-06-28 00:00:00,"700075","4307846"
"POINT (699938 4307819)","503","1759",CENTROS DE DÍA DE PERSONAS MAYORES DEPENDIENTES,CENTRO DE DÍA PARA PERSONAS MAYORES DEPENDIENTES JOSE PENADES SAEZ,"20",AJUNTAMENT DE VALLADA,"AVDA. REGNE DE VALENCIA, 16",Entidad Local,"46251",València/Valencia,la Costera,Vallada,PERSONAS MAYORES,PERSONAS MAYORES,"3089",residenciavallada@gesmed.es,"962296031",2002-07-01 00:00:00,"699938","4307819"
"POINT (713618 4384895)","504","1762",RESIDENCIAS PARA PERSONAS MAYORES DEPENDIENTES,COLISEE CONARDA. Residencia para personas Mayores.,"87",LA SALETA CARE SL,"C/ JAEN, 18 URB. NOVA MARAVISA",Entidad Privada,"46202",València/Valencia,el Camp de Túria,la Pobla de Vallbona,PERSONAS MAYORES,PERSONAS MAYORES,"23403",,"962764200",2002-06-27 00:00:00,"713618","4384895"
"POINT (720197 4377558)","505","1766",RESIDENCIAS PARA PERSONAS MAYORES DEPENDIENTES,RESIDENCIA PARA PERSONAS MAYORES DEPENDIENTES BALLESOL VALTERNA,"185","INTERCENTROS BALLESOL, S.A.","C/ MELISSA, 1",Entidad Privada,"46190",València/Valencia,l'Horta Nord,Paterna,PERSONAS MAYORES,PERSONAS MAYORES,"67854",DIRECCION.VALTERNA@BALLESOL.ES,"961356501",2002-11-11 00:00:00,"720197","4377558"
"POINT (718302 4370737)","506","1768",RESIDENCIAS PARA PERSONAS MAYORES DEPENDIENTES,RESIDENCIA PARA PERSONAS MAYORES DEPENDIENTES C.R. CANALEJAS,"48","GOMORRO, S.L.","C/ EDUARDO CANALEJAS, 15",Entidad Privada,"46005",València/Valencia,l'Horta Sud,Alaquàs,PERSONAS MAYORES,PERSONAS MAYORES,"29660",concacto@residenciacanaleja.com,"961951288",2002-10-18 00:00:00,"718302","4370737"
"POINT (725678 4255039)","507","1771",RESIDENCIA DE PERSONAS CON DISCAPACIDAD O DIVERSIDAD FUNCIONAL,"RESIDENCIA ""INFANTA ELENA""","60",APCA-ASOCIACION DE PARALITICOS CEREBRALES DE ALICANTE,"C/ FONT DE LA FAVARA, 8",Entidad Privada,"03119",Alacant/Alicante,l'Alacantí,Sant Joan d'Alacant,PERSONAS CON DISCAPACIDAD,PERSONAS CON DISCAPACIDAD,"22897",apca@apcalicante.com,"965658160",2002-07-17 00:00:00,"725678","4255039"
"POINT (685654 4279090)","508","1772",CENTRO DE REHABILITACIÓN E INTEGRACIÓN SOCIAL PARA ENFERMOS MENTALES CRÓNICOS,C.R.I.S DE VILLENA,"50",FUNDACION SANAMENTE DE LA COMUNIDAD VALENCIANA,"PLAZA MARTINEZ OLIVENCIA, 9 A",Entidad Privada,"03140",Alacant/Alicante,l’Alt Vinalopó/El Alto Vinalopó,Villena,PERSONAS CON ENFERMEDAD MENTAL,PERSONAS CON ENFERMEDAD MENTAL,"34163",CRISVILLENA@AFEPVI.COM,"965808194",2002-07-17 00:00:00,"685654","4279090"
"POINT (727315 4398914)","509","1776",CENTROS DE DÍA DE PERSONAS MAYORES DEPENDIENTES,CENTRO DE DIA  PERSONAS MAYORES DEPENDIENTES CASA DE LOS OBREROS S. VTE. FERRER,"5",AS.CASA DE LOS OBREROS S.VICENTE FERRER,"DEL PONT, 1",Entidad Privada,"46120",València/Valencia,el Camp de Morvedre,Estivella,PERSONAS MAYORES,PERSONAS MAYORES,"1374",casaobreros@gmail.com,"962629009",2003-04-04 00:00:00,"727315","4398914"
"POINT (772619 4456964)","510","1778",RESIDENCIAS PARA PERSONAS MAYORES DEPENDIENTES,"RESIDENCIA PARA PERSONAS MAYORES DEPENDIENTES ""CENTRO DE MAYORES NOVA LLAR""","44",TOT GENT MAJOR S.L.,"AVDA. DIAGONAL, S/N",Entidad Privada,"12117",Castelló/Castellón,la Plana Alta,Torreblanca,PERSONAS MAYORES,PERSONAS MAYORES,"5398",totgentmajor@hotamil.com,"964420121",2003-01-27 00:00:00,"772619","4456964"
"POINT (717300 4268639)","511","1783",HOGARES Y CLUBS PARA PERSONAS MAYORES,CLUB DE CONVIVENCIA DE LA TERCERA EDAD JIJONA,"0",AJUNTAMENT DE XIXONA,ALCOY Nº 20,Entidad Local,"03083",Alacant/Alicante,l'Alacantí,Xixona/Jijona,PERSONAS MAYORES,PERSONAS MAYORES,"7057",CANTO@XIXONA.ES,"965610300",2003-02-03 00:00:00,"717300","4268639"
"POINT (729296 4372212)","512","1784",CENTRO DE DÍA PARA PERSONAS CON DISCAPACIDAD O DIVERSIDAD FUNCIONAL,"CENTRO DIA ""EL CABAÑAL""","24",CRUZ ROJA ESPAÑOLA,"C/ JUAN MERCADER, 1",Entidad Privada,"46250",València/Valencia,València,València,PERSONAS CON DISCAPACIDAD,PERSONAS CON DISCAPACIDAD,"790201",JAVIER.PALOP@AIXEC.ORG,"963559238",2002-10-03 00:00:00,"729296","4372212"
"POINT (743214 4316276)","513","1786",RESIDENCIAS PARA PERSONAS MAYORES DEPENDIENTES,RESIDENCIA PARA  PERSONAS MAYORES DEPENDIENTES  MEDITERRANEA,"150","RESIDENCIA PARA MAYORES MEDITERRANEA, S.L.","C/LLIDONER, 5",Entidad Privada,"46066",València/Valencia,la Safor,Benirredrà,PERSONAS MAYORES,PERSONAS MAYORES,"1596",MEDITERRANEA@GRUPOELCASTILLO.COM,"962951008",2003-04-14 00:00:00,"743214","4316276"
"POINT (701192 4326006)","514","1787",HOGARES Y CLUBS PARA PERSONAS MAYORES,CLUB DE CONVIVENCIA DE BOLBAITE,"0",AYUNTAMIENTO DE BOLBAITE,AVDA. DEL OESTE Nº 8,Entidad Local,"46073",València/Valencia,La Canal de Navarrés,Bolbaite,PERSONAS MAYORES,PERSONAS MAYORES,"1369",zero@gva.es,"962223288",2003-01-31 00:00:00,"701192","4326006"
"POINT (707142 4390820)","515","1788",RESIDENCIAS PARA PERSONAS MAYORES DEPENDIENTES,RESIDENCIA PARA PERSONAS MAYORES DEPENDIENTES JARDINES DE LLIRIA,"151",SERVIGER XXI JARDINES DE LLIRIA S.L.,PARTIDA CASA CARRERES S/N,Entidad Privada,"46147",València/Valencia,el Camp de Túria,Llíria,PERSONAS MAYORES,PERSONAS MAYORES,"22796",direccion.jardineslliria@domusvi.es,"962782172",2003-06-20 00:00:00,"707142","4390820"
"POINT (717546 4385805)","516","1789",RESIDENCIAS PARA PERSONAS MAYORES DEPENDIENTES,COLISÉE BETERA,"140",LA SALETA CARE SL,"C/ LES MACES, 21",Entidad Privada,"46070",València/Valencia,el Camp de Túria,Bétera,PERSONAS MAYORES,PERSONAS MAYORES,"22696",,"961698059",2003-01-03 00:00:00,"717546","4385805"
"POINT (717318 4367376)","517","1790",RESIDENCIAS PARA PERSONAS MAYORES DEPENDIENTES,RESIDENCIA PARA PERSONAS MAYORES DEPENDIENTES LOPE DE RUEDA,"50","RESIDENCIAL VALENCIANA NUESTROS MAYORES, S.L.",C/ LOPE DE RUEDA Nº 12,Entidad Privada,"46244",València/Valencia,l'Horta Sud,Torrent,PERSONAS MAYORES,PERSONAS MAYORES,"80762",RESIDENCIA@LOPEDERUEDA.COM,"961581209",2002-12-16 00:00:00,"717318","4367376"
"POINT (717546 4385805)","518","1792",CENTROS DE DÍA DE PERSONAS MAYORES DEPENDIENTES,CENTRO DE DÍA COLISÉE BÉTERA,"25",LA SALETA CARE SL,"C/ LES MACES, Nº 21",Entidad Privada,"46070",València/Valencia,el Camp de Túria,Bétera,PERSONAS MAYORES,PERSONAS MAYORES,"22696",,"961698059",2003-01-03 00:00:00,"717546","4385805"
"POINT (749962 4311099)","519","1793",RESIDENCIAS PARA PERSONAS MAYORES DEPENDIENTES,RESIDENCIA PARA PERSONAS MAYORES DEPENDIENTES CENTRO DE TERCERA EDAD DE OLIVA,"84","CENTRO TERCERA EDAD OLIVA, S.L.","CAMINO CARRASCA, 4-B",Entidad Privada,"46181",València/Valencia,la Safor,Oliva,PERSONAS MAYORES,PERSONAS MAYORES,"25789",CTEOLIVA@HOTMAIL.COM,"962858081",2004-04-23 00:00:00,"749962","4311099"
"POINT (755330 4276546)","520","1794",RESIDENCIAS PARA PERSONAS MAYORES DEPENDIENTES,RESIDENCIA PARA PERSONAS MAYORES DEPENDIENTES  VILLA DE ALTEA-LES BOQUERES,"92","VILLA DE ALTEA LES BOQUERES, S.L.","PDA. PLÁ DEL CASTELL, 110",Entidad Privada,"03018",Alacant/Alicante,la Marina Baixa,Altea,PERSONAS MAYORES,PERSONAS MAYORES,"21739",ELVERDADER@EMAUSONG.ES,"966881791",2002-12-19 00:00:00,"755330","4276546"
"POINT (755350 4276561)","521","1795",CENTROS DE DÍA DE PERSONAS MAYORES DEPENDIENTES,CENTRO DE DIA P.M.D. VILA D'ALTEA-LES BOQUERES,"30","VILLA DE ALTEA LES BOQUERES, S.L.","PDA. PLÁ DEL CASTELL, 110",Entidad Privada,"03018",Alacant/Alicante,la Marina Baixa,Altea,PERSONAS MAYORES,PERSONAS MAYORES,"21739",ELVERDADER@EMAUSONG.ES,"966881791",2002-12-19 00:00:00,"755350","4276561"
"POINT (690200 4267832)","522","1801",CENTROS SOCIALES,CENTRO SOCIAL JOSE ENCINA ALFONSO,"0",AYUNTAMIENTO DE SAX,C/ VIRTUDES Nº 2-4,Entidad Local,"03123",Alacant/Alicante,l’Alt Vinalopó/El Alto Vinalopó,Sax,POBLACIÓN EN GENERAL Y COLECTIVOS SOCIALMENTE DESFAVORECIDOS,POBLACIÓN EN GENERAL Y COLECTIVOS SOCIALMENTE DESFAVORECIDOS,"9700",zero@gva.es,"965474006",2003-06-12 00:00:00,"690200","4267832"
"POINT (750994 4430218)","523","1811",CENTROS ESPECIALIZADOS DE ATENCIÓN A LOS MAYORES,CEAM URBAN-CASTELLO,"0",AJUNTAMENT DE CASTELLO DE LA PLANA,CUADRA SALERA S/N,Entidad Local,"12040",Castelló/Castellón,la Plana Alta,Castelló de la Plana,PERSONAS MAYORES,PERSONAS MAYORES,"170990",zero@gva.es,"964241040",2003-12-30 00:00:00,"750994","4430218"
"POINT (794595 4485830)","524","1813",CENTROS DE DÍA DE PERSONAS MAYORES DEPENDIENTES,CENTRO DE DIA PARA PERSONAS MAYORES DEPENDIENTES BAIX MAESTRAT,"30",ASOCIACION DE FAMILIARES DE PERSONAS CON LA ENFERMEDAD DE ALZHEIMER Y OTRAS DEMENCIAS DE CASTELLON,"PARTIDA BOVERALS, S/N",Entidad Privada,"12138",Castelló/Castellón,el Baix Maestrat,Vinaròs,PERSONAS MAYORES,PERSONAS MAYORES,"28290",zero@gva.es,"964456680",2003-06-03 00:00:00,"794595","4485830"
"POINT (749549 4454084)","525","1814",VIVIENDAS TUTELADAS PARA MAYORES,VIVIENDA TUTELADA PARA PERSONAS MAYORES LA PELEJANETA,"10",AJUNTAMENT DE VALL D'ALBA,"MASIA LA PELEJANETA, S/N",Entidad Local,"12124",Castelló/Castellón,la Plana Alta,Vall d'Alba,PERSONAS MAYORES,PERSONAS MAYORES,"2809",info@valldalba.es,"964330001",2003-06-02 00:00:00,"749549","4454084"
"POINT (694762 4245986)","526","1815",CENTRO DE DÍA PARA PERSONAS CON DISCAPACIDAD O DIVERSIDAD FUNCIONAL,CENTRO DE DIA EL PUENTE,"45",ASOCIACIÓN PRO-PERSONAS CON DISCAPACIDAD DE ASPE,"VICENTE CERVERA, 59",Entidad Privada,"03019",Alacant/Alicante,el Vinalopó Mitjà/El Vinalopó Medio,Aspe,PERSONAS CON DISCAPACIDAD,PERSONAS CON DISCAPACIDAD,"20482",APDA.ELPUENTE@GMAIL.COM,"965493151",2004-01-21 00:00:00,"694762","4245986"
"POINT (640597 4383078)","527","1816",HOGARES Y CLUBS PARA PERSONAS MAYORES,CLUB DE CONVIVENCIA DE TERCERA EDAD DE FUENTERROBLES,"0",AYUNTAMIENTO DE FUENTERROBLES,"C/ SANTIAGO,31",Entidad Local,"46129",València/Valencia,La Plana de Utiel-Requena,Fuenterrobles,PERSONAS MAYORES,PERSONAS MAYORES,"690",zero@gva.es,"0",2004-03-12 00:00:00,"640597","4383078"
"POINT (743791 4317325)","528","1820",CENTROS DE DÍA DE PERSONAS MAYORES DEPENDIENTES,CENTRO DE DÍA PARA PERSONAS MAYORES DEPENDIENTES LOS BREZOS,"100",CENTRO DE DIA LOS BREZOS S.L.,"C/ PLUS ULTRA, 45",Entidad Privada,"46131",València/Valencia,la Safor,Gandia,PERSONAS MAYORES,PERSONAS MAYORES,"74814",INFO@LOSBREZOS.COM,"962861353",2003-04-14 00:00:00,"743791","4317325"
"POINT (740413 4311509)","529","1823",C. A. RESIDENCIAL PARA PERSONAS EN SITUACIÓN DE DEPENDENCIA,CEEM BALCO DE LA SAFOR,"99",CENTRO TERAPEUTICO EL BALCO DE LA SAFOR S.L.,CAMINO CISTER S/N,Entidad Privada,"46002",València/Valencia,la Safor,Ador,PERSONAS CON ENFERMEDAD MENTAL,PERSONAS CON ENFERMEDAD MENTAL,"1437",INFO@RESIDENCIABALCODELASAFOR.COM,"962809212",2003-04-04 00:00:00,"740413","4311509"
"POINT (751405 4275704)","530","1825",CENTROS DE DÍA DE PERSONAS MAYORES DEPENDIENTES,CENTRO DE DIA PARA PERSONAS MAYORES DEPENDIENTES ANNEKE RESIDENCE,"15",ANNEKE INTEGRAL CARE SERVICES SL,"CL. RIU CASTELLS, 3 (URB BELMONTE)",Entidad Privada,"03011",Alacant/Alicante,la Marina Baixa,l'Alfàs del Pi,PERSONAS MAYORES,PERSONAS MAYORES,"21494",destruch@anneke.es,"966807844",2003-03-25 00:00:00,"751405","4275704"
"POINT (751405 4275704)","531","1826",RESIDENCIAS PARA PERSONAS MAYORES DEPENDIENTES,RESIDENCIA PERSONAS MAYORES DEPENDIENTES ANNEKE RESIDENCE,"83",ANNEKE INTEGRAL CARE SERVICES SL,"CL. RIU CASTELLS, 3 (URB BELMONTE)",Entidad Privada,"03011",Alacant/Alicante,la Marina Baixa,l'Alfàs del Pi,PERSONAS MAYORES,PERSONAS MAYORES,"21494",destruch@anneke.es,"966807844",2003-03-24 00:00:00,"751405","4275704"
"POINT (761210 4303419)","532","1828",CENTROS DE DÍA DE PERSONAS MAYORES DEPENDIENTES,CENTRO DE DÍA  PARA PERSONAS MAYORES DEPENDIENTES LA SALETA VERGER,"25",LA SALETA CARE SL,"CL. SAN LUIS, 51",Entidad Privada,"03138",Alacant/Alicante,la Marina Alta,el Verger,PERSONAS MAYORES,PERSONAS MAYORES,"4515",,"966439880",2003-05-20 00:00:00,"761210","4303419"
"POINT (700105 4238240)","533","1829",RESIDENCIAS PARA PERSONAS MAYORES DEPENDIENTES,RESIDENCIA PARA PERSONAS MAYORES DEPENDIENTES C. R. ELCHE XENIORS,"86","GRUPO ANATEX EUROPA, S.L.","CL. ALCALDE JUAN HERNANDEZ RIZO, 46",Entidad Privada,"03065",Alacant/Alicante,el Baix Vinalopó,Elx/Elche,PERSONAS MAYORES,PERSONAS MAYORES,"227659",elcheseniors@hotmail.com,"966614070",2003-03-28 00:00:00,"700105","4238240"
"POINT (728940 4371573)","534","1831",RESIDENCIAS PARA PERSONAS MAYORES DEPENDIENTES,RESIDENCIA PARA PERSONAS MAYORES DEPENDIENTES BALLESOL SERRERIA,"138","INTERCENTROS BALLESOL, S.A.","C/ MADERAS, 12",Entidad Privada,"46250",València/Valencia,València,València,PERSONAS MAYORES,PERSONAS MAYORES,"790201",recepcion.serreria@ballesol.es,"963317180",2005-06-29 00:00:00,"728940","4371573"
"POINT (718271 4247720)","535","1832",CENTRO DE DÍA PARA PERSONAS CON DISCAPACIDAD O DIVERSIDAD FUNCIONAL,CENTRO DE DIA PARA PERSONAS CON AUTISMO INFANTA LEONOR,"30",ASOCIACIÓN DE PADRES DE AUTISTAS DE LA COMUNIDAD VALENCIANA,"C/ RAFAL, 4",Entidad Privada,"03014",Alacant/Alicante,l'Alacantí,Alacant/Alicante,PERSONAS CON DISCAPACIDAD,PERSONAS CON DISCAPACIDAD,"330525",CENTROAUTISTAS@GMAIL.COM,"965134000",2003-04-17 00:00:00,"718271","4247720"
"POINT (718291 4247739)","536","1833",RESIDENCIA DE PERSONAS CON DISCAPACIDAD O DIVERSIDAD FUNCIONAL,RESIDENCIA PARA PERSONAS AUTISTAS INFANTA LEONOR,"50",ASOCIACIÓN DE PADRES DE AUTISTAS DE LA COMUNIDAD VALENCIANA,"C/ RAFAL, 4",Entidad Privada,"03014",Alacant/Alicante,l'Alacantí,Alacant/Alicante,PERSONAS CON DISCAPACIDAD,PERSONAS CON DISCAPACIDAD,"330525",info@apacv.org,"965134000",2003-04-17 00:00:00,"718291","4247739"
"POINT (769350 4303468)","537","1835",VIVIENDA SUPERVISADA PARA PERSONAS CON DISCAPACIDAD INTELECTUAL,VIVIENDA TUTELADA SUPERVISADA APROSDECO,"7",ASOCIACION PRO-DISCAPACIDAD INTELECTUAL DE LA COMARCA DE LA MARINA ALTA. APROSDECO,"C/ MONCADA, 41 BAJO",Entidad Privada,"03063",Alacant/Alicante,la Marina Alta,Dénia,PERSONAS CON DISCAPACIDAD,PERSONAS CON DISCAPACIDAD,"41465",APROSDECO@GMAIL.COM,"965781701",2008-04-03 00:00:00,"769350","4303468"
"POINT (724644 4374311)","538","1836",RESIDENCIAS PARA PERSONAS MAYORES DEPENDIENTES,RESIDENCIA PERSONAS MAYORES DEPENDIENTES COMUNIDAD DE VALENCIA.  PESET,"95",RESIDENCIA COMUNIDAD DE VALENCIA SL,"AVDA. DOCTOR PESET ALEIXANDRE, 130, D",Entidad Privada,"46250",València/Valencia,València,València,PERSONAS MAYORES,PERSONAS MAYORES,"790201",direccion.peset@comunidaddevalencia.com,"963173094",2005-06-21 00:00:00,"724644","4374311"
"POINT (724926 4374699)","539","1846",RESIDENCIAS PARA PERSONAS MAYORES DEPENDIENTES,RESIDENCIA PARA PERSONAS MAYORES DEPENDIENTES VALSENIOR RONDA NORTE,"101",RESIDENCIA PARA MAYORES RONDA NORTE SL,"C/ SAN JOSE DE PIGNATELLI, 35",Entidad Privada,"46250",València/Valencia,València,València,PERSONAS MAYORES,PERSONAS MAYORES,"790201",administracion@nuevaestudi.es,"963441444",2003-06-26 00:00:00,"724926","4374699"
"POINT (718072 4385430)","540","1849",RESIDENCIAS PARA PERSONAS CON DIVERSIDAD FUNCIONAL FÍSICA,RESIDENCIA MIXTA SANITAS RESIDENCIAL MAS CAMARENA,"25",SANITAS MAYORES S.L.,"URB.MAS CAMARENA. CNO. VIEJO PATERNA,S/N",Entidad Privada,"46070",València/Valencia,el Camp de Túria,Bétera,PERSONAS CON DISCAPACIDAD,PERSONAS CON DISCAPACIDAD,"22696",zero@gva.es,"961686130",2003-07-30 00:00:00,"718072","4385430"
"POINT (718072 4385430)","541","1849",RESIDENCIAS PARA PERSONAS MAYORES DEPENDIENTES,RESIDENCIA MIXTA SANITAS RESIDENCIAL MAS CAMARENA,"94",SANITAS MAYORES S.L.,"URB.MAS CAMARENA. CNO. VIEJO PATERNA,S/N",Entidad Privada,"46070",València/Valencia,el Camp de Túria,Bétera,PERSONAS MAYORES,PERSONAS MAYORES,"22696",zero@gva.es,"961686130",2003-07-30 00:00:00,"718072","4385430"
"POINT (750798 4431542)","542","1850",ALBERGUES,CENTRO SOCIAL MARILLAC,"20",HIJAS DE LA CARIDAD DE SAN VICENTE PAUL PRO. PAMPLONA. CODAD EN OBRA SOCIAL MARILLAC,"CAMINO COLLET, 72",Entidad Privada,"12040",Castelló/Castellón,la Plana Alta,Castelló de la Plana,POBLACIÓN EN GENERAL Y COLECTIVOS SOCIALMENTE DESFAVORECIDOS,POBLACIÓN EN GENERAL Y COLECTIVOS SOCIALMENTE DESFAVORECIDOS,"170990",zero@gva.es,"964730092",2003-05-20 00:00:00,"750798","4431542"
"POINT (717518 4325257)","543","1851",RESIDENCIAS PARA PERSONAS MAYORES DEPENDIENTES,RESIDENCIA PARA PERSONAS MAYORES DEPENDIENTES LA VERGE DE L'ENOVA,"24",LA VERGE DE L'ENOVA S.L.L.,"C/ MAYOR, 122 Y PLAÇA DEL MOLÍ, 2",Entidad Privada,"46119",València/Valencia,la Ribera Alta,l'Énova,PERSONAS MAYORES,PERSONAS MAYORES,"936",resiverge@hotmail.es,"962268362",2006-12-05 00:00:00,"717518","4325257"
"POINT (718507 4368200)","544","1852",RESIDENCIAS PARA PERSONAS MAYORES DEPENDIENTES,RESIDENCIA PARA PERSONAS MAYORES DEPENDIENTES SAN NICOLAS,"48","RESIDENCIA TERCERA EDAD SAN NICOLAS, S.L.","C/ SAN NICOLAS, 6",Entidad Privada,"46244",València/Valencia,l'Horta Sud,Torrent,PERSONAS MAYORES,PERSONAS MAYORES,"80762",sannicolasmarisa@gmail.com,"961588668",2004-06-22 00:00:00,"718507","4368200"
"POINT (705898 4300684)","545","1854",CENTRO DE DÍA PARA PERSONAS CON DISCAPACIDAD O DIVERSIDAD FUNCIONAL,"CENTRO DE DIA ""CAIXA ONTINYENT""","40",AJUNTAMENT D'ONTINYENT,"CTRA. MOGENTE, KM. 1",Entidad Local,"46184",València/Valencia,la Vall d'Albaida,Ontinyent,PERSONAS CON DISCAPACIDAD,PERSONAS CON DISCAPACIDAD,"35534",CDIA_DISCAPACI@TERRA.ES,"962383616",2003-05-20 00:00:00,"705898","4300684"
"POINT (750160 4311354)","546","1856",RESIDENCIAS PARA PERSONAS MAYORES DEPENDIENTES,RESIDENCIA PARA PERSONAS MAYORES DEPENDIENTES SANT FRANÇESC,"78","BRASALS, S.L.",CARRETERA DENIA Nº 21,Entidad Privada,"46181",València/Valencia,la Safor,Oliva,PERSONAS MAYORES,PERSONAS MAYORES,"25789",DIRECTORA@RESIDENCIASANTFRANCESC.NET,"962963636",2003-07-18 00:00:00,"750160","4311354"
"POINT (727200 4399678)","547","1857",RESIDENCIAS PARA PERSONAS MAYORES DEPENDIENTES,RESIDENCIA PARA PERSONAS MAYORES DEPENDIENTES ESTIVELLA,"74","STURM 2000, S.L.","CAMI REIAL, 52",Entidad Privada,"46120",València/Valencia,el Camp de Morvedre,Estivella,PERSONAS MAYORES,PERSONAS MAYORES,"1374",RESIDENCIASTURM@TELEFONICA.NET,"962629253",2003-06-26 00:00:00,"727200","4399678"
"POINT (765061 4281778)","548","1859",CENTRO OCUPACIONAL PARA PERSONAS CON DISCAPACIDAD O DIVERSIDAD FUNCIONAL,CENTRO OCUPACIONAL MAITE BORONAT,"50",AJUNTAMENT DE CALP,"AVDA. IFACH, 12",Entidad Local,"03047",Alacant/Alicante,la Marina Alta,Calp,PERSONAS CON DISCAPACIDAD,PERSONAS CON DISCAPACIDAD,"19591",GGONZALEZ@AJCALP.ES,"965874492",2004-02-18 00:00:00,"765061","4281778"
"POINT (761215 4303409)","549","1862",RESIDENCIAS PARA PERSONAS MAYORES DEPENDIENTES,RESIDENCIA P.M.D. LA SALETA VERGER,"150",LA SALETA CARE SL,"CL. SAN LUIS, 51",Entidad Privada,"03138",Alacant/Alicante,la Marina Alta,el Verger,PERSONAS MAYORES,PERSONAS MAYORES,"4515",SILVIARIBELLES@HOTMAIL.COM,"966439880",2003-05-23 00:00:00,"761215","4303409"
"POINT (773610 4297427)","550","1863",RESIDENCIAS PARA PERSONAS MAYORES DEPENDIENTES,RESIDENCIA PARA PERSONAS MAYORES DEPENDIENTES RESIDENCIAL BON RETIR,"30",RESIDENCIAL BON REPOS S.L.,"CAMI CANTALLOPS, 31",Entidad Privada,"03082",Alacant/Alicante,la Marina Alta,Xàbia/Jávea,PERSONAS MAYORES,PERSONAS MAYORES,"27225",info@bonretir.com,"965790242",2003-06-09 00:00:00,"773610","4297427"
"POINT (723883 4365024)","551","1864",RESIDENCIAS PARA PERSONAS MAYORES DEPENDIENTES,RESIDENCIA P.M.D. PARQUELUZ CATARROJA,"140","RESIDENCIA DE TERCERA EDAD PARQUELUZ, S.L.",C/ CHARCO Nº 23-25,Entidad Privada,"46094",València/Valencia,l'Horta Sud,Catarroja,PERSONAS MAYORES,PERSONAS MAYORES,"27728",CATARROJA@PARQUELUZ.COM,"961274050",2003-06-26 00:00:00,"723883","4365024"
"POINT (723885 4365009)","552","1865",CENTROS DE DÍA DE PERSONAS MAYORES DEPENDIENTES,CENTRO DE DÍA PARA PERSONAS MAYORES DEPENDIENTES PARQUELUZ CATARROJA,"40","RESIDENCIA DE TERCERA EDAD PARQUELUZ, S.L.","C/ CHARCO, 23-25",Entidad Privada,"46094",València/Valencia,l'Horta Sud,Catarroja,PERSONAS MAYORES,PERSONAS MAYORES,"27728",CATARROJA@PARQUELUZ.COM,"961274050",2003-06-26 00:00:00,"723885","4365009"
"POINT (726155 4373396)","553","1867",RESIDENCIAS PARA PERSONAS MAYORES DEPENDIENTES,RESIDENCIA P.M.D. FORTUNY VALENCIA,"73",FUNDACION COMUNIDAD VALENCIANA FORTUNY I ALBORS,"C/ FLORA, 6",Entidad Privada,"46250",València/Valencia,València,València,PERSONAS MAYORES,PERSONAS MAYORES,"790201",,"963611300",2004-01-30 00:00:00,"726155","4373396"
"POINT (706872 4362532)","554","1870",C. A. RESIDENCIAL PARA PERSONAS EN SITUACIÓN DE DEPENDENCIA,CEEM LA TORRE,"37","GESTION SOCIAL DE CENTROS RESIDENCIALES, S.L.U.","COLONIA CAÑADA PRIMAL I (POL.4), 126",Entidad Privada,"46172",València/Valencia,la Ribera Alta,Montserrat,PERSONAS CON ENFERMEDAD MENTAL,PERSONAS CON ENFERMEDAD MENTAL,"7295",LATORRE.CEEM@GMAIL.COM,"962998132",2003-06-09 00:00:00,"706872","4362532"
"POINT (721170 4333504)","555","1871",CENTRO OCUPACIONAL PARA PERSONAS CON DISCAPACIDAD O DIVERSIDAD FUNCIONAL,CENTRO OCUPACIONAL EL CLOT,"40",AJUNTAMENT DE CARCAIXENT,"C/ CALCINERS, 38",Entidad Local,"46083",València/Valencia,la Ribera Alta,Carcaixent,PERSONAS CON DISCAPACIDAD,PERSONAS CON DISCAPACIDAD,"20520",ELCLOT@AYTO-CARCAIXENT.ES,"962434646",2003-06-12 00:00:00,"721170","4333504"
"POINT (717279 4368120)","556","1872",CENTRO OCUPACIONAL PARA PERSONAS CON DISCAPACIDAD O DIVERSIDAD FUNCIONAL,CENTRO OCUPACIONAL TOMAS DE OSMA III,"27","ALCER-TURIA, ASOCIACION PARA LA LUCHA CONTRA LAS ENFERMEDADES DEL RIÑON","C/ PINTOR RIBERA, 32",Entidad Privada,"46244",València/Valencia,l'Horta Sud,Torrent,PERSONAS CON DISCAPACIDAD,PERSONAS CON DISCAPACIDAD,"80762",CENTROCUPACIONAL@ALCERTURIA.ORG,"961564101",2003-06-12 00:00:00,"717279","4368120"
"POINT (719891 4285403)","557","1874",RESIDENCIAS PARA PERSONAS MAYORES DEPENDIENTES,CENTRO DE ASISTENCIA PARA ENFERMOS DE ALZHEIMER DE ALCOY,"18",ASOCIACION DE ALZHEIMER ALCOY,PARTIDA RIQUER BAIX  S/N(CASETA SOLROJA),Entidad Privada,"03009",Alacant/Alicante,l'Alcoià,Alcoi/Alcoy,PERSONAS MAYORES,PERSONAS MAYORES,"59198",CRESPIRODIGMA@HOTMAIL.COM,"966523056",2003-08-25 00:00:00,"719891","4285403"
"POINT (751476 4430982)","558","1876",RESIDENCIA DE PERSONAS CON DISCAPACIDAD O DIVERSIDAD FUNCIONAL,"RESIDENCIA DE JOVENES Y ADULTOS  ""EL CAU""","21",ASOCIACION-ESCUELA EL CAU,"CAMINO BORRIOL A LA COSTA, Nº 9",Entidad Privada,"12040",Castelló/Castellón,la Plana Alta,Castelló de la Plana,PERSONAS CON DISCAPACIDAD,PERSONAS CON DISCAPACIDAD,"170990",alba@autismoelcau.com,"964200920",2004-05-03 00:00:00,"751476","4430982"
"POINT (751768 4430408)","559","1878",CENTRO DE DÍA PARA PERSONAS CON DISCAPACIDAD O DIVERSIDAD FUNCIONAL,CENTRO DE DIA ATENEU,"40",FUNDACIÓ DANY CEREBRAL ATENEU CASTELLÓ C.V.,REGIMIENTO TETUAN 14,Entidad Privada,"12040",Castelló/Castellón,la Plana Alta,Castelló de la Plana,PERSONAS CON DISCAPACIDAD,PERSONAS CON DISCAPACIDAD,"170990",ATENEO@ATENEOCASTELLON.ORG,"964243240",2003-07-14 00:00:00,"751768","4430408"
"POINT (761560 4280230)","560","1879",CENTROS ESPECIALIZADOS DE ATENCIÓN A LOS MAYORES,CENTRO ESPECIALIZADO DE ATENCION A MAYORES DE ALTEA (C.E.A.M),"0",FUNDACION PARA NUESTROS MAYORES VILLA ALTEA DE LA COMUNIDAD VALENCIANA,"C/ DE LA MARINA BAIXA, S/N",Entidad Privada,"03018",Alacant/Alicante,la Marina Baixa,Altea,PERSONAS MAYORES,PERSONAS MAYORES,"21739",FUNDACIONVILLADEALTEA@EMAUSONG.ES,"966880046",2003-08-26 00:00:00,"761560","4280230"
"POINT (705558 4367557)","561","1880",RESIDENCIAS PARA PERSONAS MAYORES DEPENDIENTES,RESIDENCIA P.M.D. EL SALVADOR TORRENT,"26",CENTRO DE AYUDA SOCIAL Y REINSERCION EL SALVADOR,"C/ PAIPORTA, 105 (URB. C.DE CALICANTO)",Entidad Privada,"46244",València/Valencia,l'Horta Sud,Torrent,PERSONAS MAYORES,PERSONAS MAYORES,"80762",casaderetiro@iglesiaelsalvador.com,"961577314",2003-11-12 00:00:00,"705558","4367557"
"POINT (725711 4367216)","562","1882",RESIDENCIAS PARA PERSONAS MAYORES DEPENDIENTES,RESIDENCIA PARA PERSONAS MAYORES DEPENDIENTES NOVAEDAT SEDAVI,"124",NOVAEDAT SEDAVI S.L.,"AVDA. PAIS VALENCIANO, 18",Entidad Privada,"46223",València/Valencia,l'Horta Sud,Sedaví,PERSONAS MAYORES,PERSONAS MAYORES,"10172",mpartal@novaedatsedavi.es,"963750506",2003-10-02 00:00:00,"725711","4367216"
"POINT (724926 4374699)","563","1885",CENTROS DE DÍA DE PERSONAS MAYORES DEPENDIENTES,CENTRO DE DÍA PARA PERSONAS MAYORES DEPENDIENTES VALSENIOR RONDA NORTE,"15",RESIDENCIA PARA MAYORES RONDA NORTE SL,"C/ SAN JOSE DE PIGNATELLI, 35",Entidad Privada,"46250",València/Valencia,València,València,PERSONAS MAYORES,PERSONAS MAYORES,"790201",administracion@nuevaestudi.es,"963441444",2003-06-26 00:00:00,"724926","4374699"
"POINT (769798 4291248)","564","1887",CENTROS DE DÍA DE PERSONAS MAYORES DEPENDIENTES,CENTRO DE DIA PARA PERSONAS MAYORES DEPENDIENTES TEULADA - MORAIRA,"20",ASOCIACION DE FAMILIARES DE PERSONAS CON ALZHEIMER DE TEULADA-MORAIRA (MARINA ALTA),"C/ ALICANTE, 3",Entidad Privada,"03128",Alacant/Alicante,la Marina Alta,Teulada,PERSONAS MAYORES,PERSONAS MAYORES,"10654",afateulada@hotmail.com,"965740497",2003-07-16 00:00:00,"769798","4291248"
"POINT (755132 4427612)","565","1888",CENTRO DE DÍA PARA PERSONAS CON DISCAPACIDAD O DIVERSIDAD FUNCIONAL,"CENTRO DE DÍA DE ADOLESCENTES Y ADULTOS AUTISTAS ""EL CAU""","10",ASOCIACION-ESCUELA EL CAU,CAMINO DE LA COSTA S/N,Entidad Privada,"12040",Castelló/Castellón,la Plana Alta,Castelló de la Plana,PERSONAS CON DISCAPACIDAD,PERSONAS CON DISCAPACIDAD,"170990",CENTRO@AUTISMOELCAU.COM,"964340108",2004-05-03 00:00:00,"755132","4427612"
"POINT (694490 4260228)","566","1890",CENTROS DE DÍA DE PERSONAS MAYORES DEPENDIENTES,CENTRO DE DIA PARA PERSONAS MAYORES DEPENDIENTES LA MOLINETA,"34",ASOCIACION PRO RESIDENCIA PARA MAYORES LA MOLINETA,"SIERRRA DE CASTELLARETS, Nº 2",Entidad Privada,"03104",Alacant/Alicante,el Vinalopó Mitjà/El Vinalopó Medio,Petrer,PERSONAS MAYORES,PERSONAS MAYORES,"34533",direccion@residencialamolineta.es,"966956161",2003-08-27 00:00:00,"694490","4260228"
"POINT (735310 4262944)","567","1891",CENTROS DE DÍA DE PERSONAS MAYORES DEPENDIENTES,CENTRO DE DIA P.M.D. FUNDACION ARAGONES,"100",FUNDACION BENEFICO ASISTENCIAL Dª CONCEPCION Y D. PEDRO ARAGONES DE LA C.VALENCIANA,"CALLE ALICANTE, 17",Entidad Privada,"03139",Alacant/Alicante,la Marina Baixa,la Vila Joiosa/Villajoyosa,PERSONAS MAYORES,PERSONAS MAYORES,"33580",centrodediafundacionaragones@larescvalenciana.org,"965894476",2003-08-27 00:00:00,"735310","4262944"
"POINT (707772 4367156)","568","1893",C. A. RESIDENCIAL PARA PERSONAS EN SITUACIÓN DE DEPENDENCIA,"CEEM ""ROGER DE LAURIA""","40","CENTRO TERAPEUTICO ROGER DE LAURIA, S.L.U.","C/ ROGER DE LAURIA, 2",Entidad Privada,"46244",València/Valencia,l'Horta Sud,Torrent,PERSONAS CON ENFERMEDAD MENTAL,PERSONAS CON ENFERMEDAD MENTAL,"80762",CARMENSANAHUJA@TELEFONICA.NET,"961577320",2007-12-20 00:00:00,"707772","4367156"
"POINT (694489 4260227)","569","1896",RESIDENCIAS PARA PERSONAS MAYORES DEPENDIENTES,RESIDENCIA P.M.D. LA MOLINETA PETRER,"107",ASOCIACION PRO RESIDENCIA PARA MAYORES LA MOLINETA,"SIERRA DE CASTELLARETS, Nº  2",Entidad Privada,"03104",Alacant/Alicante,el Vinalopó Mitjà/El Vinalopó Medio,Petrer,PERSONAS MAYORES,PERSONAS MAYORES,"34533",info@residencialamolineta.es,"966956161",2003-08-27 00:00:00,"694489","4260227"
"POINT (715170 4318863)","570","1897",CENTROS DE ATENCIÓN TEMPRANA (CAT),CENTRO ATENCION TEMPRANA DE XATIVA,"50",AJUNTAMENT DE XATIVA,"C/ MUSIC JAUME FAYOS, 22",Entidad Local,"46145",València/Valencia,la Costera,Xàtiva,PERSONAS CON DISCAPACIDAD,PERSONAS CON DISCAPACIDAD,"28973",ATENCION.TEMPRANA@AYTO.XATIVA.ES,"962270918",2003-09-17 00:00:00,"715170","4318863"
"POINT (704704 4422265)","571","1900",RESIDENCIAS PARA PERSONAS MAYORES DEPENDIENTES,RESIDENCIA PARA PERSONAS MAYORES DEPENDIENTES VIVER DE LAS AGUAS S.L.,"56",RESIDENCIA DE TERCERA EDAD VIVER DE LAS AGUAS S.L.,"AGUAS BLANCAS, 13",Entidad Privada,"12140",Castelló/Castellón,El Alto Palancia,Viver,PERSONAS MAYORES,PERSONAS MAYORES,"1536",administracion@residenciaviver.com,"964141465",2004-04-26 00:00:00,"704704","4422265"
"POINT (716981 4384730)","572","1901",CENTRO DE DÍA PARA PERSONAS CON DISCAPACIDAD O DIVERSIDAD FUNCIONAL,CENTRO DE DIA ALFABEGUES,"25","AVAPACE, ASOCIACION VALENCIANA DE AYUDA A LA PARALISIS CEREBRAL","C/ LA SAFOR, S/N",Entidad Privada,"46070",València/Valencia,el Camp de Túria,Bétera,PERSONAS CON DISCAPACIDAD,PERSONAS CON DISCAPACIDAD,"22696",ADMINISTRACION@AVAPACE.ORG,"961602739",2003-09-25 00:00:00,"716981","4384730"
"POINT (764540 4282544)","573","1902",RESIDENCIAS PARA PERSONAS MAYORES DEPENDIENTES,RESIDENCIA PARA PERSONAS MAYORES DEPENDIENTES DOMUSVI CALPE,"98",HABITAT RESORTS SL,"CL. BENICOLADA, 13 PARCELA 8-G",Entidad Privada,"03047",Alacant/Alicante,la Marina Alta,Calp,PERSONAS MAYORES,PERSONAS MAYORES,"19591",,"965839990",2003-10-16 00:00:00,"764540","4282544"
"POINT (715005 4318564)","574","1904",CENTROS DE DÍA DE PERSONAS MAYORES DEPENDIENTES,"CENTRE DE DIA ""PEREZ-BRUSCHETTI"" PER A MALALTS D'ALZHEIMER","35",AJUNTAMENT DE XATIVA,PLAZA SANTA ANA S/N,Entidad Local,"46145",València/Valencia,la Costera,Xàtiva,PERSONAS MAYORES,PERSONAS MAYORES,"28973",CENTRODIAALZHEIMER@AYTO-XATIVA.ES,"962277109",2004-05-05 00:00:00,"715005","4318564"
"POINT (694144 4220709)","575","1905",RESIDENCIAS PARA PERSONAS MAYORES DEPENDIENTES,RESIDENCIA P.M.D. CASAVERDE ALMORADI,"137","INSTITUTO GERIATRICO MEDITERRANEO, S.L.","CL. PONTEVEDRA, S/N",Entidad Privada,"03015",Alacant/Alicante,el Baix Segura/La Vega Baja,Almoradí,PERSONAS MAYORES,PERSONAS MAYORES,"20138",direccion.almoradi@grupocasaverde.com,"966783802",2003-11-03 00:00:00,"694144","4220709"
"POINT (694144 4220709)","576","1906",CENTROS DE DÍA DE PERSONAS MAYORES DEPENDIENTES,CENTRO DE DIA PARA PERSONAS MAYORES DEPENDIENTES CASAVERDE ALMORADI,"20","INSTITUTO GERIATRICO MEDITERRANEO, S.L.","CL. PONTEVEDRA, S/N",Entidad Privada,"03015",Alacant/Alicante,el Baix Segura/La Vega Baja,Almoradí,PERSONAS MAYORES,PERSONAS MAYORES,"20138",MMARIN@GRUPOCASAVERDE.COM,"966783802",2003-11-03 00:00:00,"694144","4220709"
"POINT (694382 4277993)","577","1907",CENTROS SOCIALES,CENTRO SOCIAL JOSE HERNANDEZ PARRA,"0",AJUNTAMENT DE BIAR,"AVDA. PAIS VALENCIA, S/N",Entidad Local,"03043",Alacant/Alicante,l’Alt Vinalopó/El Alto Vinalopó,Biar,POBLACIÓN EN GENERAL Y COLECTIVOS SOCIALMENTE DESFAVORECIDOS,POBLACIÓN EN GENERAL Y COLECTIVOS SOCIALMENTE DESFAVORECIDOS,"3647",zero@gva.es,"0",2004-02-19 00:00:00,"694382","4277993"
"POINT (729895 4380620)","578","1913",VIVIENDA SUPERVISADA PARA PERSONAS CON DISCAPACIDAD INTELECTUAL,VIVIENDA TUTELADA L'ALBOR,"7",PRODISA ASOCIACION PRO-DISMINUIDOS PSIQUICOS DE ALBUIXECH,"C/ SAN ANTONIO, Nº 54, B",Entidad Privada,"46014",València/Valencia,l'Horta Nord,Albuixech,PERSONAS CON DISCAPACIDAD,PERSONAS CON DISCAPACIDAD,"3919",zero@gva.es,"961404186",2003-11-14 00:00:00,"729895","4380620"
"POINT (733321 4427253)","579","1914",CENTROS ESPECIALIZADOS DE ATENCIÓN A LOS MAYORES,CENTRO ESPECIALIZADO DE ATENCION A MAYORES - CEAM ONDA,"0",AJUNTAMENT D'ONDA,"COMARE ELISA MESEGUER, 4",Entidad Local,"12084",Castelló/Castellón,la Plana Baixa,Onda,PERSONAS MAYORES,PERSONAS MAYORES,"24856",zero@gva.es,"964602854",2006-09-18 00:00:00,"733321","4427253"
"POINT (757492 4429831)","580","1915",CENTRO DE DÍA PARA PERSONAS CON DISCAPACIDAD O DIVERSIDAD FUNCIONAL,"CENTRO DE DIA ""MASET DE FRATER""","20",FRATERNIDAD CRISTIANA DE PERSONAS CON DISCAPACIDAD DE CASTELLON,"AVDA. DE LOS PINOS, Nº 242",Entidad Privada,"12040",Castelló/Castellón,la Plana Alta,Castelló de la Plana,PERSONAS CON DISCAPACIDAD,PERSONAS CON DISCAPACIDAD,"170990",ALMUDENA@MASETDEFRATER.ORG,"964282992",2003-11-19 00:00:00,"757492","4429831"
"POINT (722249 4295610)","581","1916",CENTROS SOCIALES,CENTRO SOCIAL MATZEM,"0",AJUNTAMENT DE MURO DE ALCOY,"PZA. MATZEM, S/N",Entidad Local,"03092",Alacant/Alicante,el Comtat,Muro de Alcoy,POBLACIÓN EN GENERAL Y COLECTIVOS SOCIALMENTE DESFAVORECIDOS,POBLACIÓN EN GENERAL Y COLECTIVOS SOCIALMENTE DESFAVORECIDOS,"9307",zero@gva.es,"0",2004-03-10 00:00:00,"722249","4295610"
"POINT (719332 4384636)","582","1917",RESIDENCIAS PARA PERSONAS MAYORES DEPENDIENTES,RESIDENCIA PARA PERSONAS MAYORES DEPENDIENTES VISTACALDERONA,"53","JAMAVER RESIDENCIA, S.L.U.",C/ MERCURIO Nº 36,Entidad Privada,"46070",València/Valencia,el Camp de Túria,Bétera,PERSONAS MAYORES,PERSONAS MAYORES,"22696",VCALDERONA36@HOTMAIL.COM,"961698049",2009-06-26 00:00:00,"719332","4384636"
"POINT (732787 4324800)","583","1922",RESIDENCIAS PARA PERSONAS MAYORES DEPENDIENTES,RESIDENCIA PARA PERSONAS MAYORES DEPENDIENTES BON ESTAR CENTRE RESIDENCIAL,"84","ADMINISTRACION DE SERVICIOS ASISTENCIALES, S.L.","C/TRAVESIA DEL CALVARI, S/N",Entidad Privada,"46231",València/Valencia,la Safor,Simat de la Valldigna,PERSONAS MAYORES,PERSONAS MAYORES,"3341",,"962810000",2006-06-16 00:00:00,"732787","4324800"
"POINT (654176 4381266)","584","1925",HOGARES Y CLUBS PARA PERSONAS MAYORES,CLUB DE CONVIVENCIA DE LA TERCERA EDAD DE UTIEL,"0",AYUNTAMIENTO DE UTIEL,"C/ BEATO GALVEZ, 4",Entidad Local,"46249",València/Valencia,La Plana de Utiel-Requena,Utiel,PERSONAS MAYORES,PERSONAS MAYORES,"11748",zero@gva.es,"962170076",2003-12-19 00:00:00,"654176","4381266"
"POINT (725758 4403443)","585","1929",RESIDENCIAS PARA PERSONAS MAYORES DEPENDIENTES,RESIDENCIA DE PARA PERSONAS MAYORES DEPENDIENTES ELS TARONGERS  D`ALGIMIA,"50","RESITER ALGECASA, S.L.","C/ AUSIAS MARCH, 2",Entidad Privada,"46030",València/Valencia,el Camp de Morvedre,Algímia d'Alfara,PERSONAS MAYORES,PERSONAS MAYORES,"1047",residenciaelstarongers@gmail.com,"962627045",2004-02-03 00:00:00,"725758","4403443"
"POINT (704994 4330130)","586","1930",HOGARES Y CLUBS PARA PERSONAS MAYORES,LLAR DEL JUBILAT DE SUMACARCER,"0",AJUNTAMENT DE SUMACARCER,"CARRER COMTES D'ORGAZ, 46",Entidad Local,"46236",València/Valencia,la Ribera Alta,Sumacàrcer,PERSONAS MAYORES,PERSONAS MAYORES,"1140",ALCALDIA@SUMACARCER.ES,"962595280",2005-02-07 00:00:00,"704994","4330130"
"POINT (729998 4311142)","587","1931",RESIDENCIAS PARA PERSONAS MAYORES DEPENDIENTES,RESIDENCIA PARA PERSONAS MAYORES DEPENDIENTES BALICA,"76",RESIDENCIA BALICA SL,PARTIDA PINARET S/N,Entidad Privada,"46057",València/Valencia,la Vall d'Albaida,Benicolet,PERSONAS MAYORES,PERSONAS MAYORES,"610",residenciabalica@hotmail.com,"962830101",2005-07-07 00:00:00,"729998","4311142"
"POINT (750566 4278234)","588","1932",RESIDENCIAS PARA PERSONAS MAYORES DEPENDIENTES,RESIDENCIA PARA PERSONAS MAYORES DEPENDIENTES SAVIA LA NUCIA,"126","CENTROS RESIDENCIALES SAVIA, SL","CL. FERRERIES, S/N",Entidad Privada,"03094",Alacant/Alicante,la Marina Baixa,la Nucia,PERSONAS MAYORES,PERSONAS MAYORES,"19967",nucia@saviaer.com,"966897050",2004-01-07 00:00:00,"750566","4278234"
"POINT (750566 4278234)","589","1933",CENTROS DE DÍA DE PERSONAS MAYORES DEPENDIENTES,CENTRO DE DIA PARA PERSONAS MAYORES DEPENDIENTES SAVIA LA NUCIA,"30","CENTROS RESIDENCIALES SAVIA, SL","CL. FERRERIES, S/N",Entidad Privada,"03094",Alacant/Alicante,la Marina Baixa,la Nucia,PERSONAS MAYORES,PERSONAS MAYORES,"19967",NUCIA@SAVIAER.COM,"966897050",2004-01-07 00:00:00,"750566","4278234"
"POINT (734046 4274123)","590","1934",RESIDENCIA DE PERSONAS CON DISCAPACIDAD O DIVERSIDAD FUNCIONAL,RESIDENCIA DISCAPACITADOS PSIQUICOS RELLEU,"24",FUNDACIÓN SALUD Y COMUNIDAD,"PTDA. HOYA DEL RIO, S/N",Entidad Privada,"03112",Alacant/Alicante,la Marina Baixa,Relleu,PERSONAS CON DISCAPACIDAD,PERSONAS CON DISCAPACIDAD,"1258",dir.dfrelleu@fsyc.org,"966856212",2004-05-14 00:00:00,"734046","4274123"
"POINT (736990 4410982)","591","1937",RESIDENCIA DE PERSONAS CON DISCAPACIDAD O DIVERSIDAD FUNCIONAL,"RESIDENCIA DE DISCAPACITADOS PSIQUICOS PROFUNDOS ""CLINICA SEGARRA""","32",ASOCIACION DE FAMILIARES CON NIÑOS Y ADULTOS DISCAPACITADOS DE VALL D'UXO (AFANIAD),"AV. EUROPA, Nº 4",Entidad Privada,"12126",Castelló/Castellón,la Plana Baixa,la Vall d'Uixó,PERSONAS CON DISCAPACIDAD,PERSONAS CON DISCAPACIDAD,"31819",residencia@afaniad.com,"964665763",2004-08-11 00:00:00,"736990","4410982"
"POINT (736990 4410982)","592","1938",CENTRO DE DÍA PARA PERSONAS CON DISCAPACIDAD O DIVERSIDAD FUNCIONAL,"CENTRO DE DIA DISCAPACITADOS PSIQUICOS PROFUNDOS ""CLINICA SEGARRA""","12",ASOCIACION DE FAMILIARES CON NIÑOS Y ADULTOS DISCAPACITADOS DE VALL D'UXO (AFANIAD),"AV. EUROPA, Nº 4",Entidad Privada,"12126",Castelló/Castellón,la Plana Baixa,la Vall d'Uixó,PERSONAS CON DISCAPACIDAD,PERSONAS CON DISCAPACIDAD,"31819",SERGI@AFANIAD.COM,"964665763",2004-08-11 00:00:00,"736990","4410982"
"POINT (720161 4247261)","593","1946",VIVIENDA ASISTIDA PARA PERSONAS CON DISCAPACIDAD INTELECTUAL,VIVIENDA TUTELADA MALDONADO,"7","SAN RAFAEL, FUNDACIÓN ESTIMA DE LA COMUNITAT VALENCIANA","TOLEDO, 50",Entidad Privada,"03014",Alacant/Alicante,l'Alacantí,Alacant/Alicante,PERSONAS CON DISCAPACIDAD,PERSONAS CON DISCAPACIDAD,"330525",FSFB@CSANRAFAEL.ORG,"690242955",2008-06-09 00:00:00,"720161","4247261"
"POINT (716147 4253358)","594","1949",RESIDENCIAS PARA PERSONAS MAYORES DEPENDIENTES,RESIDENCIA P.M.D. DOMUSVI SAN VICENTE,"140","QUAVITAE SERVICIOS ASISTENCIALES, S.A.","C/Músico Mariano Pérez Pico, 6",Entidad Privada,"03122",Alacant/Alicante,l'Alacantí,Sant Vicent del Raspeig/San Vicente del Raspeig,PERSONAS MAYORES,PERSONAS MAYORES,"56715",ZROSELL@MAPFRE.COM,"965673918",2004-01-28 00:00:00,"716147","4253358"
"POINT (716173 4253300)","595","1950",CENTROS DE DÍA DE PERSONAS MAYORES DEPENDIENTES,CENTRO DE DIA PARA PERSONAS MAYORES DEPENDIENTES DOMUSVI SAN VICENTE,"30","QUAVITAE SERVICIOS ASISTENCIALES, S.A.","CL. SAN PASCUAL, S/N",Entidad Privada,"03122",Alacant/Alicante,l'Alacantí,Sant Vicent del Raspeig/San Vicente del Raspeig,PERSONAS MAYORES,PERSONAS MAYORES,"56715",ACLIENTE.NOVAIRESANVICENTE@SARQUAVITAE.E,"965673918",1999-01-25 00:00:00,"716173","4253300"
"POINT (726155 4373396)","596","1951",CENTROS DE DÍA DE PERSONAS MAYORES DEPENDIENTES,CENTRO DE DIA PARA PERSONAS MAYORES DEPENDIENTES FORTUNY Y ALBORS,"10",FUNDACION COMUNIDAD VALENCIANA FORTUNY I ALBORS,"C/ FLORA, 6",Entidad Privada,"46250",València/Valencia,València,València,PERSONAS MAYORES,PERSONAS MAYORES,"790201",info@fortuny-albors.org,"963611300",2004-01-30 00:00:00,"726155","4373396"
"POINT (686045 4399841)","597","1955",RESIDENCIA DE PERSONAS CON DISCAPACIDAD O DIVERSIDAD FUNCIONAL,RESIDENCIA LAS SUERTES,"37",ATENCIÓN A LA DIVERSIDAD LAS SUERTES (A.D.I.S),"PARTIDA DE LAS SUERTES, S/N",Entidad Privada,"46258",València/Valencia,La Serranía,Villar del Arzobispo,PERSONAS CON DISCAPACIDAD,PERSONAS CON DISCAPACIDAD,"3565",villargerencia@hotmail.com,"962720074",2004-02-12 00:00:00,"686045","4399841"
"POINT (719966 4375385)","598","1956",CENTRO DE DÍA PARA PERSONAS CON DISCAPACIDAD O DIVERSIDAD FUNCIONAL,CENTRO DE DIA FRANCISCO ESTEVE,"27","PATRONATO INTERMUNICIPAL ""FRANCISCO ESTEVE""","C/VICENTE CARDONA, S/N, CONTINUACION",Entidad Privada,"46190",València/Valencia,l'Horta Nord,Paterna,PERSONAS CON DISCAPACIDAD,PERSONAS CON DISCAPACIDAD,"67854",DIA@PATRONATOFRANCISCOESTEVE.ORG,"961384786",2004-02-12 00:00:00,"719966","4375385"
"POINT (720700 4332824)","599","1959",CENTROS ESPECIALIZADOS DE ATENCIÓN A LOS MAYORES,CENTRE INTEGRAL DE MAJORS DE CARCAIXENT,"0",AJUNTAMENT DE CARCAIXENT,C/ SEBASTIAN HERNANDEZ S/N,Entidad Local,"46083",València/Valencia,la Ribera Alta,Carcaixent,PERSONAS MAYORES,PERSONAS MAYORES,"20520",zero@gva.es,"0",2004-05-28 00:00:00,"720700","4332824"
"POINT (719966 4375385)","600","1960",CENTROS DE ATENCIÓN TEMPRANA (CAT),CENTRO DE ATENCION TEMPRANA ENRIQUE RIQUELME,"70","PATRONATO INTERMUNICIPAL ""FRANCISCO ESTEVE""","C/ VICENTE CARDONA, S/N CONTINUACION",Entidad Privada,"46190",València/Valencia,l'Horta Nord,Paterna,PERSONAS CON DISCAPACIDAD,PERSONAS CON DISCAPACIDAD,"67854",,"961384785",2004-02-16 00:00:00,"719966","4375385"
"POINT (730092 4380430)","601","1961",RESIDENCIAS PARA PERSONAS MAYORES DEPENDIENTES,RESIDENCIA PARA PERSONAS MAYORES DEPENDIENTES DOS PALMERAS,"36","HOGARCEL, S. L. (RTE DOS PALMERAS)","C/ COLON, 22",Entidad Privada,"46014",València/Valencia,l'Horta Nord,Albuixech,PERSONAS MAYORES,PERSONAS MAYORES,"3919",recepcion@dospalmeras.com,"961400901",2006-05-10 00:00:00,"730092","4380430"
"POINT (720417 4379106)","602","1962",RESIDENCIAS PARA PERSONAS MAYORES DEPENDIENTES,RESIDENCIA P.M.D. LA SALETA CAMPOLIVAR,"130",LA SALETA CARE SL,"C/ MONTGO, 15",Entidad Privada,"46135",València/Valencia,l'Horta Nord,Godella,PERSONAS MAYORES,PERSONAS MAYORES,"13029",DCAMPOLIVAR@LASALETA.COM,"963638920",2005-08-30 00:00:00,"720417","4379106"
"POINT (723742 4373016)","603","1963",RESIDENCIAS PARA PERSONAS MAYORES DEPENDIENTES,RESIDENCIA PARA PERSONAS MAYORES DEPENDIENTES CENTRO GERIATRICO SAN JUAN,"82","RESIDENCIAS FAMILIARES PARA MAYORES, S.L.","C/ MARQUES DE SAN JUAN, 30",Entidad Privada,"46250",València/Valencia,València,València,PERSONAS MAYORES,PERSONAS MAYORES,"790201",direccion.sanjuan@seniors.residencias.es,"963272347",2004-05-14 00:00:00,"723742","4373016"
"POINT (788729 4479760)","604","1964",RESIDENCIA DE PERSONAS CON DISCAPACIDAD O DIVERSIDAD FUNCIONAL,"RESIDENCIA DE DISCAPACITADOS PSÍQUICOS PROFUNDOS ""EL COLLET""","39",AJUNTAMENT DE BENICARLO,"PARTIDA COLLET (POLÍGONO 22, PARCELA 203",Entidad Local,"12027",Castelló/Castellón,el Baix Maestrat,Benicarló,PERSONAS CON DISCAPACIDAD,PERSONAS CON DISCAPACIDAD,"26486",direccioelcollet@oacse.org,"964460505",2004-02-20 00:00:00,"788729","4479760"
"POINT (789367 4481005)","605","1965",CENTRO DE DÍA PARA PERSONAS CON DISCAPACIDAD O DIVERSIDAD FUNCIONAL,CENTRO DE DIA PARA DISCAPACITADOS PSIQUICOS,"10",AJUNTAMENT DE BENICARLO,"PARTIDA COLLET, POLIGONO 22, PARCELA 203",Entidad Local,"12027",Castelló/Castellón,el Baix Maestrat,Benicarló,PERSONAS CON DISCAPACIDAD,PERSONAS CON DISCAPACIDAD,"26486",DIRECCIOCOLLET@OACSE.ORG,"964460505",2004-02-20 00:00:00,"789367","4481005"
"POINT (718986 4247352)","606","1966",CENTROS DE ATENCIÓN TEMPRANA (CAT),ESTIMULACION PRECOZ APSA I,"70",APSA. ASOCIACION PRO-DEFICIENTES PSIQUICOS DE ALICANTE,"AV. SALAMANCA, 27",Entidad Privada,"03014",Alacant/Alicante,l'Alacantí,Alacant/Alicante,PERSONAS CON DISCAPACIDAD,PERSONAS CON DISCAPACIDAD,"330525",CDIAT.DIRCEP1@ASOCIACIONAPSA.COM,"965257112",2004-12-02 00:00:00,"718986","4247352"
"POINT (718986 4247352)","607","1967",CENTROS DE ATENCIÓN TEMPRANA (CAT),CENTRO DE ATENCION TEMPRANA  APSA II,"70",APSA. ASOCIACION PRO-DEFICIENTES PSIQUICOS DE ALICANTE,"AV. SALAMANCA, 27",Entidad Privada,"03014",Alacant/Alicante,l'Alacantí,Alacant/Alicante,PERSONAS CON DISCAPACIDAD,PERSONAS CON DISCAPACIDAD,"330525",CDIAT.DIRCEP3@ASOCIACIONAPSA.COM,"965257112",2004-12-02 00:00:00,"718986","4247352"
"POINT (648062 4380435)","608","1968",HOGARES Y CLUBS PARA PERSONAS MAYORES,CLUB DE CONVIVENCIA DE CAUDETE DE LAS FUENTES,"0",AYUNTAMIENTO DE CAUDETE DE LAS FUENTES,"C/ ALMENDRO, 47",Entidad Local,"46095",València/Valencia,La Plana de Utiel-Requena,Caudete de las Fuentes,PERSONAS MAYORES,PERSONAS MAYORES,"743",CAUDETE_ADMIN@GVA.ES,"962319002",2006-10-20 00:00:00,"648062","4380435"
"POINT (717939 4385499)","609","1969",RESIDENCIAS PARA PERSONAS MAYORES DEPENDIENTES,RESIDENCIA PARA PERSONAS MAYORES DEPENDIENTES MAS CAMARENA,"98",WSENIOR ASISTENCIA INTEGRAL 3,PARCELAS 52 Y 67 MAS CAMARENA,Entidad Privada,"46070",València/Valencia,el Camp de Túria,Bétera,PERSONAS MAYORES,PERSONAS MAYORES,"22696",direccion@mascamarena.emera-group.es,"960916863",2004-06-03 00:00:00,"717939","4385499"
"POINT (641367 4371653)","610","1970",HOGARES Y CLUBS PARA PERSONAS MAYORES,CLUB DE CONVIVENCIA DE VENTA DEL MORO,"0",AYUNTAMIENTO DE VENTA DEL MORO,C/VICTORIO MONTES 45,Entidad Local,"46254",València/Valencia,La Plana de Utiel-Requena,Venta del Moro,PERSONAS MAYORES,PERSONAS MAYORES,"1299",zero@gva.es,"694483334",2004-04-14 00:00:00,"641367","4371653"
"POINT (740947 4321632)","611","1971",CENTROS SOCIALES,CENTRO SOCIAL MUNICIPAL XERESA,"0",AJUNTAMENT DE XERESA,"LA MARTINA, 2",Entidad Local,"46146",València/Valencia,la Safor,Xeresa,POBLACIÓN EN GENERAL Y COLECTIVOS SOCIALMENTE DESFAVORECIDOS,POBLACIÓN EN GENERAL Y COLECTIVOS SOCIALMENTE DESFAVORECIDOS,"2197",MANCSAFOR-OFI@GVA.ES,"962895378",,"740947","4321632"
"POINT (740714 4407400)","612","1984",CENTROS SOCIALES,CENTRO SOCIAL XILXES,"0",AJUNTAMENT DE XILXES,"C/ ARQUITECTO ROMANI, 3",Entidad Local,"12053",Castelló/Castellón,la Plana Baixa,Chilches/Xilxes,POBLACIÓN EN GENERAL Y COLECTIVOS SOCIALMENTE DESFAVORECIDOS,POBLACIÓN EN GENERAL Y COLECTIVOS SOCIALMENTE DESFAVORECIDOS,"2677",zero@gva.es,"0",2005-07-29 00:00:00,"740714","4407400"
"POINT (686305 4227504)","613","1986",CENTRO OCUPACIONAL PARA PERSONAS CON DISCAPACIDAD O DIVERSIDAD FUNCIONAL,CENTRO OCUPACIONAL AZAHARES - MARIA VICENTA RAMON,"50",AYUNTAMIENTO DE ALBATERA,"C/ ORIHUELA, 86",Entidad Local,"03005",Alacant/Alicante,el Baix Segura/La Vega Baja,Albatera,PERSONAS CON DISCAPACIDAD,PERSONAS CON DISCAPACIDAD,"11756",COAZAHARES@GMAIL.COM,"966185331",2004-04-02 00:00:00,"686305","4227504"
"POINT (724456 4370192)","614","1987",CENTRO DE DÍA PARA PERSONAS CON ENFERMEDAD MENTAL CRÓNICA,"CENTRO DE DIA ""AVAC""","20",ASOCIACION VALENCIANA DE AYUDA CIUDADANA (AVAC),"C/ GENERAL BARROSO, 46-48-50",Entidad Privada,"46250",València/Valencia,València,València,PERSONAS CON ENFERMEDAD MENTAL,PERSONAS CON ENFERMEDAD MENTAL,"790201",CRIS_GENERALBARROSO@HOTMAIL.COM,"963819076",2004-04-02 00:00:00,"724456","4370192"
"POINT (724456 4370192)","615","1988",CENTRO DE REHABILITACIÓN E INTEGRACIÓN SOCIAL PARA ENFERMOS MENTALES CRÓNICOS,"CRIS ""AVAC""","70",ASOCIACION VALENCIANA DE AYUDA CIUDADANA (AVAC),"C/ GENERAL BARROSO, 46-48-50",Entidad Privada,"46250",València/Valencia,València,València,PERSONAS CON ENFERMEDAD MENTAL,PERSONAS CON ENFERMEDAD MENTAL,"790201",CRIS_GENERALBARROSO@HOTMAIL.COM,"963819076",2004-04-02 00:00:00,"724456","4370192"
"POINT (692106 4235741)","616","1990",HOGARES Y CLUBS PARA PERSONAS MAYORES,CLUB DE CONVIVENCIA PARA LA TERCERA EDAD DE CREVILLENT,"0",AJUNTAMENT DE CREVILLENTE,C/ VIAL DEL PARC S/N,Entidad Local,"03059",Alacant/Alicante,el Baix Vinalopó,Crevillent,PERSONAS MAYORES,PERSONAS MAYORES,"28691",CENTROMAYORES@CREVILLENT.ES,"966682208",2005-03-16 00:00:00,"692106","4235741"
"POINT (723238 4364270)","617","1993",CENTROS DE DÍA DE PERSONAS MAYORES DEPENDIENTES,CENTRE DE DIA PARA PERSONAS MAYORES DEPENDIENTES DOS AIGÜES,"30","CENTRE DE DIA DOS AIGÜES, S.L.","C/ LUIS ARNAU, 48, B",Entidad Privada,"46007",València/Valencia,l'Horta Sud,Albal,PERSONAS MAYORES,PERSONAS MAYORES,"16136",INFO@CENTREDEDIA.ES,"961432838",2004-12-13 00:00:00,"723238","4364270"
"POINT (726484 4370771)","618","1994",CENTROS DE DÍA DE PERSONAS MAYORES DEPENDIENTES,CENTRE DE DIA PARA PERSONAS MAYORES DEPENDIENTES BON DIA,"68","PASTOR CASTELLOTE, S.L.","C/ ZAPADORES, 41, BAJO",Entidad Privada,"46250",València/Valencia,València,València,PERSONAS MAYORES,PERSONAS MAYORES,"790201",INFO@CENTROBONDIA.COM,"963958708",2005-02-21 00:00:00,"726484","4370771"
"POINT (749760 4278824)","619","1996",HOGARES Y CLUBS PARA PERSONAS MAYORES,CLUB DE CONVIVENCIA DE POLOP DE LA MARINA,"0",AYUNTAMIENTO DE POLOP DE LA MARINA,AVDA. SAGI BARBA 34,Entidad Local,"03107",Alacant/Alicante,la Marina Baixa,Polop,PERSONAS MAYORES,PERSONAS MAYORES,"4549",zero@gva.es,"965870150",2005-10-24 00:00:00,"749760","4278824"
"POINT (716150 4252700)","620","1997",RESIDENCIAS PARA PERSONAS MAYORES DEPENDIENTES,RESIDENCIA PARA PERSONAS MAYORES DEPENDIENTES SAN VICENT,"52","LIPTON, S.L.","CL. FRANCISCO BERNABEU PENALVA, 5",Entidad Privada,"03122",Alacant/Alicante,l'Alacantí,Sant Vicent del Raspeig/San Vicente del Raspeig,PERSONAS MAYORES,PERSONAS MAYORES,"56715",RESIDENCIASANTVICENT@HOTMAIL.COM,"965672078",2004-04-14 00:00:00,"716150","4252700"
"POINT (714641 4414466)","621","2000",RESIDENCIAS PARA PERSONAS MAYORES DEPENDIENTES,RESIDENCIA PARA PERSONAS MAYORES DEPENDIENTES VIRGEN DE LA ESPERANZA,"51","RESIDENCIA TERCERA EDAD VIRGEN DE LA ESPERANZA S.L., UNIPERSONAL","CL ESPERANZA, 10",Entidad Privada,"12104",Castelló/Castellón,El Alto Palancia,Segorbe,PERSONAS MAYORES,PERSONAS MAYORES,"9005",contacta@residenciavirgendelaesperanza.net,"964711527",2004-10-13 00:00:00,"714641","4414466"
"POINT (739957 4331359)","622","2001",RESIDENCIAS PARA PERSONAS MAYORES DEPENDIENTES,RESIDENCIA P.M.D. SOLIMAR LA VALLDIGNA,"124","GERORESIDENCIALES SOLIMAR, S.L.",CAMÍ MARENY S/N,Entidad Privada,"46238",València/Valencia,la Safor,Tavernes de la Valldigna,PERSONAS MAYORES,PERSONAS MAYORES,"17485",lavalldigna@solimar.es,"962884030",2004-05-28 00:00:00,"739957","4331359"
"POINT (725733 4372816)","623","2002",CENTROS DE DÍA DE PERSONAS MAYORES DEPENDIENTES,CENTRO DE DIA P.M.D. ASSOCIACIO INTEGRAL  DE MALALTS MAJORS DE CARPESA,"30",INTEGRAL DE MALALTS MAJORS A.I.M.M. DE CARPESA,"C/ SANTOS DE LA PIEDRA, 14 DE CARPESA",Entidad Privada,"46250",València/Valencia,València,València,PERSONAS MAYORES,PERSONAS MAYORES,"790201",aimm_carpesa@hotmail.com,"961858916",2005-01-24 00:00:00,"725733","4372816"
"POINT (699701 4237649)","624","2004",CENTROS DE DÍA DE PERSONAS MAYORES DEPENDIENTES,CENTRO DE DIA P.M.D. DOMUSVI ELCHE L'ALJUB,"40","QUAVITAE SERVICIOS ASISTENCIALES, S.A.",CALLE BENIJOFAR ESQUINA CALLE REDOVAN,Entidad Privada,"03065",Alacant/Alicante,el Baix Vinalopó,Elx/Elche,PERSONAS MAYORES,PERSONAS MAYORES,"227659",ACLIENTE.NOVAIREALJUB@SARQUAVITAE.ES,"965432158",2004-04-28 00:00:00,"699701","4237649"
"POINT (699701 4237649)","625","2005",RESIDENCIAS PARA PERSONAS MAYORES DEPENDIENTES,RESIDENCIA P.M.D.  DOMUSVI ELCHE L'ALJUB,"140","QUAVITAE SERVICIOS ASISTENCIALES, S.A.",CALLE BENIJOFAR ESQUINA CALLE REDOVAN,Entidad Privada,"03065",Alacant/Alicante,el Baix Vinalopó,Elx/Elche,PERSONAS MAYORES,PERSONAS MAYORES,"227659",direccion.aljup@domusvi.es,"965432158",2004-04-28 00:00:00,"699701","4237649"
"POINT (694608 4245904)","626","2006",RESIDENCIAS PARA PERSONAS MAYORES DEPENDIENTES,RESIDENCIA P.M.D. NUESTRA SEÑORA DE LAS NIEVES,"76",ASOC. CONSEJO DE LA RESIDENCIA DE ANCIANOS NUESTRA SEÑORA DE LAS NIEVES DE ASPE,"AVDA. DE ELCHE, 2",Entidad Privada,"03019",Alacant/Alicante,el Vinalopó Mitjà/El Vinalopó Medio,Aspe,PERSONAS MAYORES,PERSONAS MAYORES,"20482",resiancianosaspe@hotmail.com,"965490092",2004-04-29 00:00:00,"694608","4245904"
"POINT (691841 4261642)","627","2007",CENTROS DE DÍA DE PERSONAS MAYORES DEPENDIENTES,CENTRO DE DIA P.M.D. DOMUSVI ELDA,"30","QUAVITAE SERVICIOS ASISTENCIALES, S.A.","CALLE VALLE INCLAN, S/N",Entidad Privada,"03066",Alacant/Alicante,el Vinalopó Mitjà/El Vinalopó Medio,Elda,PERSONAS MAYORES,PERSONAS MAYORES,"52745", direccion.elda@domusvi.es,"965381688",2004-05-06 00:00:00,"691841","4261642"
"POINT (691841 4261642)","628","2008",RESIDENCIAS PARA PERSONAS MAYORES DEPENDIENTES,RESIDENCIA P.M.D. DOMUSVI ELDA,"140","QUAVITAE SERVICIOS ASISTENCIALES, S.A.","CALLE VALLE INCLAN, S/N",Entidad Privada,"03066",Alacant/Alicante,el Vinalopó Mitjà/El Vinalopó Medio,Elda,PERSONAS MAYORES,PERSONAS MAYORES,"52745", direccion.elda@domusvi.es,"965381688",2004-05-06 00:00:00,"691841","4261642"
"POINT (723742 4373016)","629","2014",CENTROS DE DÍA DE PERSONAS MAYORES DEPENDIENTES,CENTRO DE DÍA PARA PERSONAS MAYORES DEPENDIENTES CENTRO GERIATRICO SAN JUAN,"5","CENTRO GERIATRICO SAN JUAN, S.L.","C/ MARQUES DE SAN JUAN, 30",Entidad Privada,"46250",València/Valencia,València,València,PERSONAS MAYORES,PERSONAS MAYORES,"790201",direccion.sanjuan@seniors.residencias.es,"963272347",2004-05-14 00:00:00,"723742","4373016"
"POINT (724896 4372634)","630","2017",CENTRO DE DÍA PARA PERSONAS CON DISCAPACIDAD O DIVERSIDAD FUNCIONAL,CENTRO DE DIA EL FARO,"32",COMITE CIUDADANO ANTI-SIDA DE LA C.V.,"C/ LEPANTO, Nº 21",Entidad Privada,"46250",València/Valencia,València,València,PERSONAS CON DISCAPACIDAD,PERSONAS CON DISCAPACIDAD,"790201",CENTRODEDIA@COMITEANTISIDAVALENCIA.ORG,"963910254",2004-05-28 00:00:00,"724896","4372634"
"POINT (713096 4385252)","631","2018",C. A. RESIDENCIAL PARA PERSONAS EN SITUACIÓN DE DEPENDENCIA,RESIDENCIA LA RASCANYA,"25","RESIDENCIAL RASCANYA, S.L.","C/ 37, Nº 27 URBANIZACIÓN MONTECOLORADO",Entidad Privada,"46202",València/Valencia,el Camp de Túria,la Pobla de Vallbona,PERSONAS CON ENFERMEDAD MENTAL,PERSONAS CON ENFERMEDAD MENTAL,"23403",CEENRASCANYA@YAHOO.COM,"962760828",2004-05-28 00:00:00,"713096","4385252"
"POINT (727778 4371520)","632","2020",RESIDENCIAS PARA PERSONAS MAYORES DEPENDIENTES,RESIDENCIA  P.M.D. DOMUSVI CIUDAD DE LAS ARTES,"198","QUAVITAE SERVICIOS ASISTENCIALES, S.A.","C/ JOAN BAPTISTE MUÑOZ, 11",Entidad Privada,"46250",València/Valencia,València,València,PERSONAS MAYORES,PERSONAS MAYORES,"790201",direccion.ciudadartes@domusvi.es,"963375170",2006-05-04 00:00:00,"727778","4371520"
"POINT (709718 4327522)","633","2022",HOGARES Y CLUBS PARA PERSONAS MAYORES,CLUB DE CONVIVENCIA AJUNTAMENT DE COTES,"0",AJUNTAMENT DE COTES,"PLAÇA VILLANUEVA DE CASTELLÓN, 2",Entidad Local,"46100",València/Valencia,la Ribera Alta,Cotes,PERSONAS MAYORES,PERSONAS MAYORES,"354",COTE_SEC@GVA.ES,"962580178",2004-12-22 00:00:00,"709718","4327522"
"POINT (728350 4371561)","634","2028",CENTROS DE DÍA DE PERSONAS MAYORES DEPENDIENTES,CENTRO DE DIA PARA PERSONAS MAYORES DEPENDIENTES GEROGARDEN,"40",GEROGARDEN  S.L.,"C/ ISLAS CANARIAS, 112-BAJO",Entidad Privada,"46250",València/Valencia,València,València,PERSONAS MAYORES,PERSONAS MAYORES,"790201",CENTRODEDIAGEROGARDEN@HOTMAIL.COM,"963237704",2004-11-19 00:00:00,"728350","4371561"
"POINT (731645 4388782)","635","2030",HOGARES Y CLUBS PARA PERSONAS MAYORES,CLUB DE CONVIVENCIA ESPAI SOCIAL DELS MAJORS DE PUÇOL,"0",AJUNTAMENT DE PUÇOL,"PLAÇA PAIS VALENCIANO, 23-BAJO",Entidad Local,"46205",València/Valencia,l'Horta Nord,Puçol,PERSONAS MAYORES,PERSONAS MAYORES,"19438",TERESA.ROMAN@PUCOL.ES,"961420670",2004-11-18 00:00:00,"731645","4388782"
"POINT (680514 4216945)","636","2031",VIVIENDA SUPERVISADA PARA PERSONAS CON ENFERMEDAD MENTAL CRÓNICA,VIVIENDA TUTELADA DE ENFERMOS MENTALES CASA ORIOL,"5",ADIEM SENTIT FUNDACIÓN DE LA COMUNITAT VALENCIANA,"C/ DUQUE DE TAMAMES, 43 - 4º C.",Entidad Privada,"03099",Alacant/Alicante,el Baix Segura/La Vega Baja,Orihuela,PERSONAS CON ENFERMEDAD MENTAL,PERSONAS CON ENFERMEDAD MENTAL,"80359",adiem@adiem.org,"966342340",2005-11-18 00:00:00,"680514","4216945"
"POINT (690095 4366075)","637","2033",VIVIENDA SUPERVISADA PARA PERSONAS CON DISCAPACIDAD INTELECTUAL,"VIVIENDA TUTELADA ""SAN JOSE""","7","ASOCIACIÓN DE MINUSVÁLIDOS ""SAN JOSE"" LA HOYA DE BUÑOL","C/ FLORIDABLANCA, Nº 18 BAJO",Entidad Privada,"46077",València/Valencia,La Hoya de Buñol,Buñol,PERSONAS CON DISCAPACIDAD,PERSONAS CON DISCAPACIDAD,"9618",FORESTAL_18@HOTMAIL.COM,"962502374",2004-06-30 00:00:00,"690095","4366075"
"POINT (722473 4372589)","638","2042",CENTROS DE DÍA DE PERSONAS MAYORES DEPENDIENTES,CENTRO DE DÍA PARA PERSONAS MAYORES DEPENDIENTES L'ESCOLETA DELS IAIOS,"50","L'ESCOLETA DELS IAIOS, S.L.","C/ MAYOR, 71-73",Entidad Privada,"46169",València/Valencia,l'Horta Sud,Mislata,PERSONAS MAYORES,PERSONAS MAYORES,"42988",info@escoletadelsiaios.es,"963501727",2005-06-01 00:00:00,"722473","4372589"
"POINT (716194 4383196)","639","2044",RESIDENCIAS PARA PERSONAS MAYORES DEPENDIENTES,RESIDENCIA PARA PERSONAS MAYORES DEPENDIENTES SELEGNA,"160",WAKSMAN RESIDENCIAS SL,AVDA. CRUIXIDELL 2 URB. TORRE EN CONILL,Entidad Privada,"46070",València/Valencia,el Camp de Túria,Bétera,PERSONAS MAYORES,PERSONAS MAYORES,"22696",a.carrion@selegna.net,"961608511",2007-01-09 00:00:00,"716194","4383196"
"POINT (728524 4257890)","640","2045",RESIDENCIAS PARA PERSONAS MAYORES DEPENDIENTES,RESIDENCIA P.M.D. DOMUSVI EL CAMPELLO,"140","QUAVITAE SERVICIOS ASISTENCIALES, S.A.","CALLE COCENTAINA, S/N",Entidad Privada,"03050",Alacant/Alicante,l'Alacantí,el Campello,PERSONAS MAYORES,PERSONAS MAYORES,"27384",direccion.campello@domusvi.es,"965632666",2004-08-06 00:00:00,"728524","4257890"
"POINT (717680 4367755)","641","2047",RESIDENCIAS PARA PERSONAS MAYORES DEPENDIENTES,RESIDENCIA P.M.D. SANTA ELENA TORRENT,"76",FUNDACIO DE LA COMUNITAT VALENCIANA SANTA ELENA DE TORRENT,"C/ PADRE MENDEZ, 118",Entidad Privada,"46244",València/Valencia,l'Horta Sud,Torrent,PERSONAS MAYORES,PERSONAS MAYORES,"80762",info@santaelena-torrent.org,"961565572",2004-10-19 00:00:00,"717680","4367755"
"POINT (727064 4255074)","642","2049",CENTROS DE DÍA DE PERSONAS MAYORES DEPENDIENTES,CENTRO DE DIA PARA PERSONAS MAYORES DEPENDIENTES BOUCO EL CAMPELLO,"30",RESIDENCIAL SENIOR 2000 S.L.,"CL. BERNAT METGE, 3",Entidad Privada,"03050",Alacant/Alicante,l'Alacantí,el Campello,PERSONAS MAYORES,PERSONAS MAYORES,"27384",orpeaiberica@orpea.net,"965941527",2006-12-15 00:00:00,"727064","4255074"
"POINT (728567 4257932)","643","2050",CENTROS DE DÍA DE PERSONAS MAYORES DEPENDIENTES,CENTRO DE DIA P.M.D. DOMUSVI EL CAMPELLO,"30","QUAVITAE SERVICIOS ASISTENCIALES, S.A.","CALLE COCENTAINA, S/N",Entidad Privada,"03050",Alacant/Alicante,l'Alacantí,el Campello,PERSONAS MAYORES,PERSONAS MAYORES,"27384",direccion.campello@domusvi.es,"965632666",2004-08-06 00:00:00,"728567","4257932"
"POINT (717762 4362796)","644","2051",RESIDENCIAS PARA PERSONAS MAYORES DEPENDIENTES,RESIDENCIA P. M. D. SAN RAMON SENIOR DE PICASSENT,"185","SAN RAMON SENIOR, S.L.",C/ PONENT  S/N  BARRIO SAN RAMÓN,Entidad Privada,"46194",València/Valencia,l'Horta Sud,Picassent,PERSONAS MAYORES,PERSONAS MAYORES,"20498",info@residenciasanramon.es,"961222220",2010-07-08 00:00:00,"717762","4362796"
"POINT (707192 4367044)","645","2052",RESIDENCIAS PARA PERSONAS MAYORES DEPENDIENTES,RESIDENCIA  PARA PERSONAS MAYORES DEPENDIENTES C.P.M. PADRE DAMIÁN,"24","RESIDENCIA TERCERA EDAD PADRE DAMIAN, S.L.","C/ LA LUNA, 19 URB. CUMBRES DE CALICANTO",Entidad Privada,"46244",València/Valencia,l'Horta Sud,Torrent,PERSONAS MAYORES,PERSONAS MAYORES,"80762",info@residenciapadredamian.es,"961577302",2004-08-30 00:00:00,"707192","4367044"
"POINT (707350 4293336)","646","2054",CENTROS DE DÍA DE PERSONAS MAYORES DEPENDIENTES,CENTRE DE DIA PER A MALALTS D'ALZHEIMER I ALTRES DEMENCIES DEGENERATIVES DE BOCAIRENT,"30",A.FAMILIARS I AMICS DE MALALTS D'ALZHEIMER I ALTRES DEMENCIES D. DE BOCAIRENT,"C/ TRIBUNAL DE LES AIGÜES, 47",Entidad Privada,"46072",València/Valencia,la Vall d'Albaida,Bocairent,PERSONAS MAYORES,PERSONAS MAYORES,"4288",info@afabocairent.com,"962905012",2004-12-10 00:00:00,"707350","4293336"
"POINT (718149 4251155)","647","2055",CENTROS SOCIALES,CENTRO SOCIAL DE SANTA ISABEL,"0",AJUNTAMENT DE SANT VICENT DEL RASPEIG,BARRIO DE SANTA ISABEL S/N,Entidad Local,"03122",Alacant/Alicante,l'Alacantí,Sant Vicent del Raspeig/San Vicente del Raspeig,POBLACIÓN EN GENERAL Y COLECTIVOS SOCIALMENTE DESFAVORECIDOS,POBLACIÓN EN GENERAL Y COLECTIVOS SOCIALMENTE DESFAVORECIDOS,"56715",zero@gva.es,"0",2004-12-17 00:00:00,"718149","4251155"
"POINT (720690 4368291)","648","2056",RESIDENCIAS PARA PERSONAS MAYORES DEPENDIENTES,RESIDENCIA PARA P.M.D. NOVAEDAT PICANYA,"72","GEROCLEOP, S.L.","HUERTO MINA S/N CTRA ALBAL TORRENT K 4,5",Entidad Privada,"46193",València/Valencia,l'Horta Sud,Picanya,PERSONAS MAYORES,PERSONAS MAYORES,"11281",efolgado@novaedat.es,"961592650",2006-03-06 00:00:00,"720690","4368291"
"POINT (731664 4385259)","649","2059",RESIDENCIAS PARA PERSONAS MAYORES DEPENDIENTES,RESIDENCIA P.M.D. COLISEE EL PUIG,"140",LA SALETA CARE SL,C/ ALMENARS Nº 25,Entidad Privada,"46204",València/Valencia,l'Horta Nord,el Puig de Santa Maria,PERSONAS MAYORES,PERSONAS MAYORES,"8735",,"961471390",2004-10-27 00:00:00,"731664","4385259"
"POINT (733356 4344455)","650","2061",CENTRO DE DÍA PARA PERSONAS CON ENFERMEDAD MENTAL CRÓNICA,CENTRO DE DIA FUNDACION SANTOS ANDRES Y SANTIAGO,"20","FUNDACIÓN DE LA COMUNIDAD VALENCIANA SANTOS ANDRÉS, SANTIAGO Y MIGUEL",CAMI DE LES CENDROSES S/N APDO. 102,Entidad Privada,"46235",València/Valencia,la Ribera Baixa,Sueca,PERSONAS CON ENFERMEDAD MENTAL,PERSONAS CON ENFERMEDAD MENTAL,"28090",FUNDACIONSASM@FUNDACIONSASM.ORG,"961703030",2004-09-24 00:00:00,"733356","4344455"
"POINT (733356 4344455)","651","2062",CENTRO ESPECÍFICO PARA ENFERMOS MENTALES CRÓNICOS (CEEM),CEEM FUNDACION SANTOS ANDRES Y SANTIAGO,"40","FUNDACIÓN DE LA COMUNIDAD VALENCIANA SANTOS ANDRÉS, SANTIAGO Y MIGUEL","CAMI DE LES CENDROSES, S/N APDO.102",Entidad Privada,"46235",València/Valencia,la Ribera Baixa,Sueca,PERSONAS CON ENFERMEDAD MENTAL,PERSONAS CON ENFERMEDAD MENTAL,"28090",FUNDACIONSASM@FUNDACIONSASM.ORG,"961703030",2004-09-24 00:00:00,"733356","4344455"
"POINT (759378 4449731)","652","2063",RESIDENCIAS PARA PERSONAS MAYORES DEPENDIENTES,RESIDENCIA P.M.D. SAVIA CABANES,"74","CENTROS RESIDENCIALES SAVIA, SL","AUSIAS MARCH, 3",Entidad Privada,"12033",Castelló/Castellón,la Plana Alta,Cabanes,PERSONAS MAYORES,PERSONAS MAYORES,"2966",mmartin@saviacr.com,"964331562",2004-09-30 00:00:00,"759378","4449731"
"POINT (708737 4434651)","653","2714",RESIDENCIAS PARA PERSONAS MAYORES DEPENDIENTES,RESIDENCIA P.M.D. SAVIA MONTAN,"73","CENTROS RESIDENCIALES SAVIA, SL","NUEVO ACCESO, S/N",Entidad Privada,"12078",Castelló/Castellón,El Alto Mijares,Montán,PERSONAS MAYORES,PERSONAS MAYORES,"383",vbou@saviacr.com,"964132510",2004-06-25 00:00:00,"708737","4434651"
"POINT (715103 4327840)","654","2716",CENTRO OCUPACIONAL PARA PERSONAS CON DISCAPACIDAD O DIVERSIDAD FUNCIONAL,"CENTRO OCUPACIONAL ""EL CASTELLET""","50",AJUNTAMENT DE CASTELLÓ,"AVINGUDA DE CUBA, 41",Entidad Local,"46257",València/Valencia,la Ribera Alta,Castelló,PERSONAS CON DISCAPACIDAD,PERSONAS CON DISCAPACIDAD,"7266",ELCASTELLET@VILLANUEVADECASTELLON.ES,"962451047",2004-09-30 00:00:00,"715103","4327840"
"POINT (717667 4367741)","655","2719",CENTROS DE DÍA DE PERSONAS MAYORES DEPENDIENTES,CENTRO DE DIA P.M.D. CENTRE DE MAJORS SANTA ELENA,"23",FUNDACIO DE LA COMUNITAT VALENCIANA SANTA ELENA DE TORRENT,"C/ PADRE MENDEZ, 118",Entidad Privada,"46244",València/Valencia,l'Horta Sud,Torrent,PERSONAS MAYORES,PERSONAS MAYORES,"80762",info@santaelena-torrent.org,"961565572",2004-10-19 00:00:00,"717667","4367741"
"POINT (731481 4385345)","656","2728",CENTROS DE DÍA DE PERSONAS MAYORES DEPENDIENTES,CENTRO DE DÍA PARA PERSONAS MAYORES DEPENDIENTES COLISEE EL PUIG,"50",LA SALETA CARE SL,"C/ ALMENARS, 25",Entidad Privada,"46204",València/Valencia,l'Horta Nord,el Puig de Santa Maria,PERSONAS MAYORES,PERSONAS MAYORES,"8735",,"961471390",2004-10-27 00:00:00,"731481","4385345"
"POINT (722828 4291513)","657","2732",RESIDENCIAS PARA PERSONAS MAYORES DEPENDIENTES,RESIDENCIA P.M.D. DOMUSVI COCENTAINA,"140","QUAVITAE SERVICIOS ASISTENCIALES, S.A.","AVDA. REIAL BLANC, S/N",Entidad Privada,"03056",Alacant/Alicante,el Comtat,Cocentaina,PERSONAS MAYORES,PERSONAS MAYORES,"11432",direccion.concentaina@domusvi.es,"965592066",2004-11-08 00:00:00,"722828","4291513"
"POINT (722828 4291513)","658","2733",CENTROS DE DÍA DE PERSONAS MAYORES DEPENDIENTES,CENTRO DE DIA P.M.D. DOMUSVI  COCENTAINA,"30","QUAVITAE SERVICIOS ASISTENCIALES, S.A.","AVDA. REIAL BLANC, S/N",Entidad Privada,"03056",Alacant/Alicante,el Comtat,Cocentaina,PERSONAS MAYORES,PERSONAS MAYORES,"11432",recepcion.cocentaina@domusvi.es,"965592066",2004-11-08 00:00:00,"722828","4291513"
"POINT (666607 4333984)","659","2734",RESIDENCIAS PARA PERSONAS MAYORES DEPENDIENTES,Residencia de la Tercera Edad del Ayuntamiento de Jarafuel San Coronado,"20",AYUNTAMIENTO DE JARAFUEL,C/ JUAN XXIII S/N,Entidad Local,"46144",València/Valencia,El Valle de Cofrentes-Ayora,Jarafuel,PERSONAS MAYORES,PERSONAS MAYORES,"785",jarafuel@gva.es,"961899097",2005-02-09 00:00:00,"666607","4333984"
"POINT (666486 4334229)","660","2735",CENTROS DE DÍA DE PERSONAS MAYORES DEPENDIENTES,Centro de Día del Ayuntamiento de Jarafuel San Coronado,"25",AYUNTAMIENTO DE JARAFUEL,C/ JUAN XXIII S/N,Entidad Local,"46144",València/Valencia,El Valle de Cofrentes-Ayora,Jarafuel,PERSONAS MAYORES,PERSONAS MAYORES,"785",residenciasancoronado@gmail.com,96 189 90 97,2005-02-09 00:00:00,"666486","4334229"
"POINT (719176 4370534)","661","2736",CENTROS DE DÍA DE PERSONAS MAYORES DEPENDIENTES,CENTRO DE DIA P.M.D. DE ALAQUÀS,"30",AJUNTAMENT D'ALAQUAS,"C/ MAULETS, 11",Entidad Local,"46005",València/Valencia,l'Horta Sud,Alaquàs,PERSONAS MAYORES,PERSONAS MAYORES,"29660",centrodedia@alaquas.org,"961516279",2006-07-03 00:00:00,"719176","4370534"
"POINT (723044 4364140)","662","2739",RESIDENCIAS PARA PERSONAS MAYORES DEPENDIENTES,RESIDENCIA P.M.D. ANTONIO Y JULIO MUÑOZ GENOVES,"48","FUNDACION MUNICIPAL ""RESIDENCIA MUNICIPAL DE ANCIANOS ANTONIO Y JULIO MUÑOZ GENOVES""","C/ SAN CARLOS, 103",Entidad Local,"46007",València/Valencia,l'Horta Sud,Albal,PERSONAS MAYORES,PERSONAS MAYORES,"16136",RESIDENCIAMUNICIPAL@ALBAL.ES,"961266169",2013-11-05 00:00:00,"723044","4364140"
"POINT (696119 4193306)","663","2740",RESIDENCIAS PARA PERSONAS MAYORES DEPENDIENTES,RESIDENCIA P.M.D. CASAVERDE - PILAR,"100","INSTITUTO GERIATRICO MEDITERRANEO, S.L.","AVDA. COSTABLANCA, S/N",Entidad Privada,"03902",Alacant/Alicante,el Baix Segura/La Vega Baja,Pilar de la Horadada,PERSONAS MAYORES,PERSONAS MAYORES,"21348",direccion.ccp@grupocasaverde.com,"966769846",2004-11-24 00:00:00,"696119","4193306"
"POINT (725517 4374800)","664","2743",HOGARES Y CLUBS PARA PERSONAS MAYORES,CENTRO DE CONVIVENCIA OCIO Y RECURSOS SOCIALES DE PERSONAS SORDAS,"0",ASOCIACION VALENCIANA DE PERSONAS SORDAS,"C/ MESTRE MARÇAL, 46-BAJO",Entidad Privada,"46250",València/Valencia,València,València,PERSONAS CON DISCAPACIDAD,PERSONAS CON DISCAPACIDAD,"790201",VALENCIASORDOS@HOTMAIL.COM,"963264175",2004-12-23 00:00:00,"725517","4374800"
"POINT (724249 4370904)","665","2744",CENTRO DE ATENCIÓN DIURNA PARA PERSONAS CON DISCAPACIDAD O DIVERSIDAD FUNCIONAL EN SITUACIÓN DE DEPENDENCIA,FUNDACION JUAN I. MUÑOZ BASTIDE CENTRO DE DÍA,"80",FUNDACION DE LA COMUNITAT VALENCIANA JUAN I.MUÑOZ BASTIDE,"CALLE PÍO XI, Nº 19",Entidad Privada,"46250",València/Valencia,València,València,PERSONAS CON DISCAPACIDAD,PERSONAS CON DISCAPACIDAD,"790201",JPENYA@NEURAL.ES,"960265864",2006-06-29 00:00:00,"724249","4370904"
"POINT (719282 4370561)","666","2745",RESIDENCIAS PARA PERSONAS MAYORES DEPENDIENTES,RESIDENCIA LA SALETA ALAQUAS,"140",LA SALETA CARE SL,CAMÍ DELS DIJOUS Nº 2,Entidad Privada,"46005",València/Valencia,l'Horta Sud,Alaquàs,PERSONAS MAYORES,PERSONAS MAYORES,"29660",dalaquas@lasaleta.com,"961080505",2005-03-23 00:00:00,"719282","4370561"
"POINT (721492 4416741)","667","2747",HOGARES Y CLUBS PARA PERSONAS MAYORES,"CLUB DE CONVIVENCIA DE TERCERA EDAD ""DIVIDA PASTORA""","0",AYUNTAMIENTO DE ALMEDIJAR,"C/ ERAS, Nº 3, BAJO",Entidad Local,"12010",Castelló/Castellón,El Alto Palancia,Almedíjar,PERSONAS MAYORES,PERSONAS MAYORES,"281",zero@gva.es,"964137018",2007-12-18 00:00:00,"721492","4416741"
"POINT (725674 4250472)","668","2750",RESIDENCIAS PARA PERSONAS MAYORES DEPENDIENTES,RESIDENCIA PARA PERSONAS MAYORES DEPENDIENTES BALLESOL SAN JUAN,"112","INTERCENTROS BALLESOL, S.A.","AVENIDA SAN SEBASTIÁN, 33",Entidad Privada,"03014",Alacant/Alicante,l'Alacantí,Alacant/Alicante,PERSONAS MAYORES,PERSONAS MAYORES,"330525",direccion.sanjuan@ballesol.es,"965154135",2004-12-27 00:00:00,"725674","4250472"
"POINT (719858 4288594)","669","2751",RESIDENCIA DE PERSONAS CON DISCAPACIDAD O DIVERSIDAD FUNCIONAL,RESIDENCIA  GORMAGET,"41",ASOCIACION PRO-PERSONAS CON DISCAPACIDAD INTELECTUAL DE ALCOY (ASPROMIN),COTES ALTES  27,Entidad Privada,"03009",Alacant/Alicante,l'Alcoià,Alcoi/Alcoy,PERSONAS CON DISCAPACIDAD,PERSONAS CON DISCAPACIDAD,"59198",aspromin@aspromin.es,"965522000",2007-03-22 00:00:00,"719858","4288594"
"POINT (719858 4288594)","670","2752",CENTRO DE DÍA PARA PERSONAS CON DISCAPACIDAD O DIVERSIDAD FUNCIONAL,CENTRO DE DIA GORMAGET,"20",ASOCIACION PRO-PERSONAS CON DISCAPACIDAD INTELECTUAL DE ALCOY (ASPROMIN),COTES ALTES  27,Entidad Privada,"03009",Alacant/Alicante,l'Alcoià,Alcoi/Alcoy,PERSONAS CON DISCAPACIDAD,PERSONAS CON DISCAPACIDAD,"59198",ASPROMIN@ASPROMIN.ES,"965522000",2007-03-22 00:00:00,"719858","4288594"
"POINT (750160 4311354)","671","2755",CENTROS DE DÍA DE PERSONAS MAYORES DEPENDIENTES,CENTRO DE DIA PARA PERSONAS MAYORES DEPENDIENTES SANT FRANÇESC,"6","BRASALS, S.L.","CARRETERA DENIA, 21",Entidad Privada,"46181",València/Valencia,la Safor,Oliva,PERSONAS MAYORES,PERSONAS MAYORES,"25789",DIRECTORA@RESIDENCIASANTFRANCESC.NET,"962963636",2005-10-19 00:00:00,"750160","4311354"
"POINT (722828 4291513)","672","2757",CENTROS SOCIALES,"CENTRO SOCIAL ""REAL BLANC""  DE COCENTAINA","0",AJUNTAMENT DE COCENTAINA,"AVDA. REAL BLANC, S/N",Entidad Local,"03056",Alacant/Alicante,el Comtat,Cocentaina,POBLACIÓN EN GENERAL Y COLECTIVOS SOCIALMENTE DESFAVORECIDOS,POBLACIÓN EN GENERAL Y COLECTIVOS SOCIALMENTE DESFAVORECIDOS,"11432",zero@gva.es,"0",2005-07-04 00:00:00,"722828","4291513"
"POINT (727274 4256370)","673","2758",CENTROS SOCIALES,CENTRO SOCIAL DE EL CAMPELLO,"0",AJUNTAMENT DE EL CAMPELLO,"AVENIDA DE LA ESTACIÓN, Nº 16.",Entidad Local,"03050",Alacant/Alicante,l'Alacantí,el Campello,POBLACIÓN EN GENERAL Y COLECTIVOS SOCIALMENTE DESFAVORECIDOS,POBLACIÓN EN GENERAL Y COLECTIVOS SOCIALMENTE DESFAVORECIDOS,"27384",zero@gva.es,"965637200",2006-01-30 00:00:00,"727274","4256370"
"POINT (757917 4455447)","674","2759",HOGARES Y CLUBS PARA PERSONAS MAYORES,LLAR DE JUBILATS DE BENLLOCH,"0",AJUNTAMENT DE BENLLOCH,"PLAÇA PAIS VALENCIA, S/N",Entidad Local,"12029",Castelló/Castellón,la Plana Alta,Benlloc,PERSONAS MAYORES,PERSONAS MAYORES,"1095",zero@gva.es,"964339265",2009-06-19 00:00:00,"757917","4455447"
"POINT (737028 4411681)","675","2762",HOGARES Y CLUBS PARA PERSONAS MAYORES,CLUB DE CONVIVENCIA MESTRE RODRIGO,"0",AJUNTAMENT DE LA VALL D'UIXO,"C/ MAESTRO RODRIGO, Nº 19",Entidad Local,"12126",Castelló/Castellón,la Plana Baixa,la Vall d'Uixó,PERSONAS MAYORES,PERSONAS MAYORES,"31819",jjllopis@lavallduixo.es,"964696550",2007-12-10 00:00:00,"737028","4411681"
"POINT (706070 4438467)","676","2763",HOGARES Y CLUBS PARA PERSONAS MAYORES,HOGAR DE JUBILADOS Y PENSIONISTAS VIRGEN DEL ROSARIO DE LOS CALPES,"0",AYUNTAMIENTO DE PUEBLA DE ARENOSO,"PLAZA DE LA CONSTITUCION, 11 - LOS CALPE",Entidad Local,"12092",Castelló/Castellón,El Alto Mijares,Puebla de Arenoso,PERSONAS MAYORES,PERSONAS MAYORES,"143",zero@gva.es,"964124601",2006-09-14 00:00:00,"706070","4438467"
"POINT (756728 4301141)","677","2766",RESIDENCIAS PARA PERSONAS MAYORES DEPENDIENTES,RESIDENCIA PARA PERSONAS MAYORES DEPENDIENTES BENIMELI CLUB RESIDENCIAL,"100","RESIDENCIAL LA RECTORIA, S.L.","C/ SECANETS, 12",Entidad Privada,"03040",Alacant/Alicante,la Marina Alta,Benimeli,PERSONAS MAYORES,PERSONAS MAYORES,"384",info@benimeliclubresidencial.com,"965587616",2005-02-04 00:00:00,"756728","4301141"
"POINT (737534 4338384)","678","2768",VIVIENDAS TUTELADAS,CENTRO ACOGIDA TEMPORAL,"44",COMISION ESPAÑOLA DE AYUDA AL REFUGIADO - CEAR,"COLON, 21",Entidad Privada,"46105",València/Valencia,la Ribera Baixa,Cullera,PERSONAS MIGRANTES,PERSONAS MIGRANTES,"22139",zero@gva.es,"0",2008-06-02 00:00:00,"737534","4338384"
"POINT (726613 4370013)","679","2769",CENTRO DE DÍA PARA PERSONAS CON DISCAPACIDAD O DIVERSIDAD FUNCIONAL,CENTRO DE DIA FUENTE DE SAN LUIS,"35",AJUNTAMENT DE VALENCIA,"C/ PINTOR GASSENT, S/N",Entidad Local,"46250",València/Valencia,València,València,PERSONAS CON DISCAPACIDAD,PERSONAS CON DISCAPACIDAD,"790201",zero@gva.es,"963333556",2005-02-03 00:00:00,"726613","4370013"
"POINT (730000 4373576)","680","2770",CENTRO OCUPACIONAL PARA PERSONAS CON DISCAPACIDAD O DIVERSIDAD FUNCIONAL,CENTRO OCUPACIONAL ISABEL DE VILLENA,"60",AJUNTAMENT DE VALENCIA,"C/ ISABEL DE VILLENA, Nº 125",Entidad Local,"46250",València/Valencia,València,València,PERSONAS CON DISCAPACIDAD,PERSONAS CON DISCAPACIDAD,"790201",COMISABELDEVILLENA@VALENCIA.ES,"962082580",2005-02-04 00:00:00,"730000","4373576"
"POINT (718084 4372391)","681","2771",CENTROS DE DÍA DE PERSONAS MAYORES DEPENDIENTES,CENTRO DE DIA P.M.D. BARRIO DEL CRISTO,"40",MANCOMUNITAT BARRIO DEL CRISTO (D' ALDAIA-QUART),"AVDA. PUIG CAMPANA, 1",Entidad Local,"46021",València/Valencia,l'Horta Sud,Aldaia,PERSONAS MAYORES,PERSONAS MAYORES,"31246",centromar@hotmail.com,"961504590",2008-05-26 00:00:00,"718084","4372391"
"POINT (718141 4372433)","682","2772",HOGARES Y CLUBS PARA PERSONAS MAYORES,CLUB DE CONVIVENCIA BARRIO DEL CRISTO,"0",MANCOMUNITAT BARRIO DEL CRISTO (D' ALDAIA-QUART),"AVDA. PUIG CAMPANA, S/N",Entidad Local,"46021",València/Valencia,l'Horta Sud,Aldaia,PERSONAS MAYORES,PERSONAS MAYORES,"31246",OJEDA@BARRIODELCRISTO.ES,"961501582",2008-05-26 00:00:00,"718141","4372433"
"POINT (724628 4369137)","683","2773",CENTROS SOCIALES,CENTRO MUNICIPAL DE SERVICIOS SOCIALES SAN MARCELINO,"0",AJUNTAMENT DE VALENCIA,"SALVADOR PERLES, S/N",Entidad Local,"46250",València/Valencia,València,València,POBLACIÓN EN GENERAL Y COLECTIVOS SOCIALMENTE DESFAVORECIDOS,POBLACIÓN EN GENERAL Y COLECTIVOS SOCIALMENTE DESFAVORECIDOS,"790201",CMSSANMARCELINO@VALENCIA.ES,"962082865",2007-01-19 00:00:00,"724628","4369137"
"POINT (708075 4367236)","684","2774",RESIDENCIAS PARA PERSONAS MAYORES DEPENDIENTES,RESIDENCIA PARA PERSONAS MAYORES DEPENDIENTES ALBALAR,"50","NUEVA SOLUCION GERIATRICA, S.L.","C/ ANGEL GUIMERA, 32 URB. CALICANTO",Entidad Privada,"46244",València/Valencia,l'Horta Sud,Torrent,PERSONAS MAYORES,PERSONAS MAYORES,"80762",albalar@albalar.com,"961577303",2005-03-22 00:00:00,"708075","4367236"
"POINT (721093 4336856)","685","2775",CENTROS DE ATENCIÓN TEMPRANA (CAT),CENTRO DE ESTIMULACION PRECOZ LUIS SUÑER SANCHIS,"70","LA NOSTRA VEU,  ASSOCIACIO PER LA DIVERSITAT FUNCIONAL","RONDA DE ALGEMESI, Nº 15",Entidad Privada,"46017",València/Valencia,la Ribera Alta,Alzira,PERSONAS CON DISCAPACIDAD,PERSONAS CON DISCAPACIDAD,"44488",CDIATALZIRA@GMAIL.COM,"962416786",2005-02-18 00:00:00,"721093","4336856"
"POINT (718279 4370499)","686","2780",HOGARES Y CLUBS PARA PERSONAS MAYORES,HOGAR DEL JUBILADO DE ALAQUAS,"0",AJUNTAMENT D'ALAQUAS,"CAMINO VIEJO DE TORRENTE, 12",Entidad Local,"46005",València/Valencia,l'Horta Sud,Alaquàs,PERSONAS MAYORES,PERSONAS MAYORES,"29660",SOCIOCULTURAL@ALAQUAS.ORG,"961519401",2008-03-03 00:00:00,"718279","4370499"
"POINT (729419 4383106)","687","2781",RESIDENCIAS PARA PERSONAS MAYORES DEPENDIENTES,RESIDENCIA PARA PERSONAS MAYORES DEPENDIENTES CANTALLOPS,"120",RESIDENCIAL MASSGRELL S.L.,"VIA AUGUSTA, 2",Entidad Privada,"46164",València/Valencia,l'Horta Nord,Massamagrell,PERSONAS MAYORES,PERSONAS MAYORES,"15574",,"961452871",2006-08-08 00:00:00,"729419","4383106"
"POINT (794770 4485620)","688","2786",CENTROS SOCIALES,CENTRO SOCIAL,"0",AJUNTAMENT DE VINAROS,"PL. SAN ANTONIO, 19",Entidad Local,"12138",Castelló/Castellón,el Baix Maestrat,Vinaròs,POBLACIÓN EN GENERAL Y COLECTIVOS SOCIALMENTE DESFAVORECIDOS,POBLACIÓN EN GENERAL Y COLECTIVOS SOCIALMENTE DESFAVORECIDOS,"28290",INFO@VINAROS. ORG,"964450075",2009-11-02 00:00:00,"794770","4485620"
"POINT (740413 4311509)","689","2787",CENTROS DE DÍA DE PERSONAS MAYORES DEPENDIENTES,CENTRO DE DIA PARA PERSONAS MAYORES DEPENDIENTES BALCÓ DE LA SAFOR,"8",CENTRO TERAPEUTICO EL BALCO DE LA SAFOR S.L.,"C/ CISNER, S/N",Entidad Privada,"46002",València/Valencia,la Safor,Ador,PERSONAS MAYORES,PERSONAS MAYORES,"1437",INFO@RESIDENCIABALCODELASAFOR.COM,"962809212",2005-04-08 00:00:00,"740413","4311509"
"POINT (792463 4484996)","690","2790",CENTRO DE REHABILITACIÓN E INTEGRACIÓN SOCIAL PARA ENFERMOS MENTALES CRÓNICOS,CENTRO DE REHABILITACION E INTEGRACION SOCIAL CRIS,"70",AJUNTAMENT DE VINAROS,"AVDA. GIL DE ATROCILLO, S/N",Entidad Local,"12138",Castelló/Castellón,el Baix Maestrat,Vinaròs,PERSONAS CON ENFERMEDAD MENTAL,PERSONAS CON ENFERMEDAD MENTAL,"28290",CRIS@VINAROS.ORG,"964400587",2005-05-09 00:00:00,"792463","4484996"
"POINT (703550 4237825)","691","2791",CENTROS DE DÍA DE PERSONAS MAYORES DEPENDIENTES,CENTRO DE DIA PARA PERSONAS MAYORES DEPENDIENTES SENELX,"30","CENTRO DE DIA SENELX, S.L.","ARQUITECTO SANTIAGO PEREZ ARACIL, 16",Entidad Privada,"03065",Alacant/Alicante,el Baix Vinalopó,Elx/Elche,PERSONAS MAYORES,PERSONAS MAYORES,"227659",CENTRODEDIA@SENELX.COM,"966612355",2005-06-30 00:00:00,"703550","4237825"
"POINT (713984 4229773)","692","2792",RESIDENCIAS PARA PERSONAS MAYORES DEPENDIENTES,RESIDENCIA P.M.D. DOMUSVI SANTA POLA,"140","QUAVITAE SERVICIOS ASISTENCIALES, S.A.","AVDA. MARIBEL LOPEZ PEREZ OJEDA, 127",Entidad Privada,"03121",Alacant/Alicante,el Baix Vinalopó,Santa Pola,PERSONAS MAYORES,PERSONAS MAYORES,"31309",direccion.santapola@domusvi.es,"966694793",2005-05-11 00:00:00,"713984","4229773"
"POINT (713984 4229773)","693","2793",CENTROS DE DÍA DE PERSONAS MAYORES DEPENDIENTES,CENTRO DE DIA P.M.D. DOMUSVI SANTA POLA,"30","QUAVITAE SERVICIOS ASISTENCIALES, S.A.","AVDA. MARIBEL LOPEZ PEREZ-OJEDA,  127",Entidad Privada,"03121",Alacant/Alicante,el Baix Vinalopó,Santa Pola,PERSONAS MAYORES,PERSONAS MAYORES,"31309",direccion.santapola@domusvi.es,"966694793",2005-05-11 00:00:00,"713984","4229773"
"POINT (686158 4277848)","694","2796",RESIDENCIAS PARA PERSONAS CON DIVERSIDAD FUNCIONAL FÍSICA,"RESIDENCIA PARA DISCAPACITADOS FISICOS ""LA MORENICA""","28","LA MORENICA, ATENCIÓN A LA DEPENDENCIA, S.A.","C/ PRADO DE LA VILLA, 92 . 3º",Entidad Privada,"03140",Alacant/Alicante,l’Alt Vinalopó/El Alto Vinalopó,Villena,PERSONAS CON DISCAPACIDAD,PERSONAS CON DISCAPACIDAD,"34163",,"965815083",2005-05-23 00:00:00,"686158","4277848"
"POINT (749718 4424622)","695","2800",RESIDENCIAS PARA PERSONAS MAYORES DEPENDIENTES,RESIDENCIA P.M.D. DOMUSVI VILA-REAL,"140","QUAVITAE SERVICIOS ASISTENCIALES, S.A.","CAMÍ TERCER SEDENY, S/N",Entidad Privada,"12135",Castelló/Castellón,la Plana Baixa,Vila-real,PERSONAS MAYORES,PERSONAS MAYORES,"50252",direccionvilareal@domusvi.es,"964529545",2005-09-15 00:00:00,"749718","4424622"
"POINT (747921 4422814)","696","2801",CENTROS DE DÍA DE PERSONAS MAYORES DEPENDIENTES,CENTRO DE DIA P.M.D. DOMUSVI VILA-REAL,"40","QUAVITAE SERVICIOS ASISTENCIALES, S.A.",CAMI TERCER SEDENY S/N PARTIDA D CARIÑEN,Entidad Privada,"12135",Castelló/Castellón,la Plana Baixa,Vila-real,PERSONAS MAYORES,PERSONAS MAYORES,"50252",direccion.vilareal@domusvi.es,"964529545",2005-12-15 00:00:00,"747921","4422814"
"POINT (723215 4359205)","697","2802",RESIDENCIAS PARA PERSONAS MAYORES DEPENDIENTES,RESIDENCIA P.M.D. SAVIA SILLA,"124","CENTROS RESIDENCIALES SAVIA, SL",AV. DE ALICANTE Nº 180,Entidad Privada,"46230",València/Valencia,l'Horta Sud,Silla,PERSONAS MAYORES,PERSONAS MAYORES,"18462",icliment@saviacr.com,"900920228",2005-07-29 00:00:00,"723215","4359205"
"POINT (723215 4359205)","698","2803",CENTROS DE DÍA DE PERSONAS MAYORES DEPENDIENTES,CENTRO DE DIA PARA PERSONAS MAYORES DEPENDIENTES SAVIA SILLA,"30","CENTROS RESIDENCIALES SAVIA, SL",AV. DE ALICANTE  Nº  180,Entidad Privada,"46230",València/Valencia,l'Horta Sud,Silla,PERSONAS MAYORES,PERSONAS MAYORES,"18462",INFO@SAVIACR.COM,"961213110",2005-07-29 00:00:00,"723215","4359205"
"POINT (734178 4334227)","699","2804",CENTRO ESPECÍFICO PARA ENFERMOS MENTALES CRÓNICOS (CEEM),RESIDENCIA MIXTA GERISAN,"56",VITALIA SUITE S.L.,"AVDA. JOAN FUSTER, 3",Entidad Privada,"46123",València/Valencia,la Ribera Baixa,Favara,PERSONAS CON ENFERMEDAD MENTAL,PERSONAS CON ENFERMEDAD MENTAL,"2467",zero@gva.es,"961769391",2005-05-13 00:00:00,"734178","4334227"
"POINT (734178 4334227)","700","2804",RESIDENCIAS PARA PERSONAS MAYORES DEPENDIENTES,RESIDENCIA MIXTA GERISAN,"144",VITALIA SUITE S.L.,"AVDA. JOAN FUSTER, 3",Entidad Privada,"46123",València/Valencia,la Ribera Baixa,Favara,PERSONAS MAYORES,PERSONAS MAYORES,"2467",zero@gva.es,"961769391",2005-05-13 00:00:00,"734178","4334227"
"POINT (719329 4318643)","701","2808",HOGARES Y CLUBS PARA PERSONAS MAYORES,HOGAR DEL JUBILADO DE GENOVES,"0",AGR.GENOVES-BARXETA-LLOCNOU D'EN FENOLLET,"C/ SAN ISIDRO, ESQUINA A C/ MARTIRES DE",Entidad Local,"46132",València/Valencia,la Costera,el Genovés,PERSONAS MAYORES,PERSONAS MAYORES,"2809",zero@gva.es,"962229166",2013-01-16 00:00:00,"719329","4318643"
"POINT (691515 4262880)","702","2809",RESIDENCIA DE PERSONAS CON DISCAPACIDAD O DIVERSIDAD FUNCIONAL,"RESIDENCIA PARA DISCAPACITADOS PSÍQUICOS ""ASPRODIS""","40",Asprodis,CALLE MALVA S/N,Entidad Privada,"03066",Alacant/Alicante,el Vinalopó Mitjà/El Vinalopó Medio,Elda,PERSONAS CON DISCAPACIDAD,PERSONAS CON DISCAPACIDAD,"52745",residenciacoloresdireccion@asprodis.com,"965381784",2005-07-21 00:00:00,"691515","4262880"
"POINT (691515 4262897)","703","2810",CENTRO DE DÍA PARA PERSONAS CON DISCAPACIDAD O DIVERSIDAD FUNCIONAL,CENTRO DE DÍA PARA DISCAPACITADOS PSÍQUICOS,"20",Asprodis,"CALLE MALVA, 8",Entidad Privada,"03066",Alacant/Alicante,el Vinalopó Mitjà/El Vinalopó Medio,Elda,PERSONAS CON DISCAPACIDAD,PERSONAS CON DISCAPACIDAD,"52745",CDIACOLORESDIRECCION@ASPRODIS.COM,"966981572",2005-07-21 00:00:00,"691515","4262897"
"POINT (720951 4371439)","704","2821",CENTRO OCUPACIONAL PARA PERSONAS CON DISCAPACIDAD O DIVERSIDAD FUNCIONAL,CENTRO OCUPACIONAL SILVELLA,"32",AJUNTAMENT DE XIRIVELLA,"C/ MESTRE ESTIVI, S/N",Entidad Local,"46110",València/Valencia,l'Horta Sud,Xirivella,PERSONAS CON DISCAPACIDAD,PERSONAS CON DISCAPACIDAD,"28771",OLIVAS@SERCOVAL.COM,"963449217",2005-07-21 00:00:00,"720951","4371439"
"POINT (722228 4372690)","705","2822",CENTROS DE ATENCIÓN TEMPRANA (CAT),CENTRO DE ATENCIÓN TEMPRANA MUNICIPAL DE MISLATA,"35",AJUNTAMENT DE MISLATA,"C/ MADRE Mª MICAELA, Nº 4",Entidad Local,"46169",València/Valencia,l'Horta Sud,Mislata,PERSONAS CON DISCAPACIDAD,PERSONAS CON DISCAPACIDAD,"42988",CATMISLATA@GRUPIMEDES.ES,"963138753",2005-07-21 00:00:00,"722228","4372690"
"POINT (729998 4311142)","706","2823",CENTROS DE DÍA DE PERSONAS MAYORES DEPENDIENTES,CENTRO DE DIA PARA PERSONAS MAYORES DEPENDIENTES BALICA,"15",RESIDENCIA BALICA SL,PARTIDA PINARET S/N,Entidad Privada,"46057",València/Valencia,la Vall d'Albaida,Benicolet,PERSONAS MAYORES,PERSONAS MAYORES,"610",RESIDENCIABALICA@HOTMAIL.COM,"962830101",2005-07-07 00:00:00,"729998","4311142"
"POINT (724074 4365981)","707","2827",RESIDENCIAS PARA PERSONAS MAYORES DEPENDIENTES,RESIDENCIA P.M.D. SOLIMAR MASSANASSA,"140","GERORESIDENCIALES SOLIMAR, S.L.","SAN JUAN, 22",Entidad Privada,"46165",València/Valencia,l'Horta Sud,Massanassa,PERSONAS MAYORES,PERSONAS MAYORES,"9341",massanassa@solimar.es,"961255295",2005-09-30 00:00:00,"724074","4365981"
"POINT (724082 4365981)","708","2828",CENTROS DE DÍA DE PERSONAS MAYORES DEPENDIENTES,CENTRO DE DÍA PARA PERSONAS MAYORES DEPENDIENTES SOLIMAR MASSANASSA,"60","GERORESIDENCIALES SOLIMAR, S.L.","SAN JUAN, 22",Entidad Privada,"46165",València/Valencia,l'Horta Sud,Massanassa,PERSONAS MAYORES,PERSONAS MAYORES,"9341",massanassa@solimar.es,"961255295",2005-09-30 00:00:00,"724082","4365981"
"POINT (723385 4370197)","709","2837",CENTROS DE DÍA DE PERSONAS MAYORES DEPENDIENTES,CENTRO DE DIA P.M.D. GERISER BULEVAR,"70",LA SALETA CARE SL,C/ JOSE ANDREU ALABARTA 28/MARIANO CAVIA,Entidad Privada,"46250",València/Valencia,València,València,PERSONAS MAYORES,PERSONAS MAYORES,"790201",CDIA@LASALETA.COM,"961698059",2006-01-27 00:00:00,"723385","4370197"
"POINT (720417 4379106)","710","2838",CENTROS DE DÍA DE PERSONAS MAYORES DEPENDIENTES,CENTRO DE DIA PARA PERSONAS MAYORES DEPENDIENTES LA SALETA CAMPOLIVAR,"40",LA SALETA CARE SL,"C/ MONTGÓ, 15",Entidad Privada,"46135",València/Valencia,l'Horta Nord,Godella,PERSONAS MAYORES,PERSONAS MAYORES,"13029",CAMPOLIVAR@LASALETA.COM,"963638920",2005-08-29 00:00:00,"720417","4379106"
"POINT (724719 4371635)","711","2840",CENTROS DE DÍA DE PERSONAS MAYORES DEPENDIENTES,CENTRO DE DIA P.M.D. ABASTOS,"88",FUNDACIÓN DE XIQUET A MAJOR DE LA COMUNITAT VALENCIANA,"C/ CUENCA, 68, BAJO",Entidad Privada,"46250",València/Valencia,València,València,PERSONAS MAYORES,PERSONAS MAYORES,"790201",presidenta@fundacionxam.org,"963380711",2006-11-07 00:00:00,"724719","4371635"
"POINT (718639 4368636)","712","2841",RESIDENCIAS PARA PERSONAS MAYORES DEPENDIENTES,RESIDENCIA PARA PERSONAS MAYORES DEPENDIENTES EL MOLÍ,"50",HOGAR EL MOLI SL,"C/ FRAY ANTONIO PANES, 14",Entidad Privada,"46244",València/Valencia,l'Horta Sud,Torrent,PERSONAS MAYORES,PERSONAS MAYORES,"80762",RESIDENCIAELMOLI@HOTMAIL.COM,"961570330",2006-02-10 00:00:00,"718639","4368636"
"POINT (719433 4373344)","713","2847",CENTRO OCUPACIONAL PARA PERSONAS CON DISCAPACIDAD O DIVERSIDAD FUNCIONAL,CENTRO OCUPACIONAL QUART DE POBLET,"40",AJUNTAMENT DE QUART DE POBLET,"C/ BLASCO IBAÑEZ, Nº 7",Entidad Local,"46102",València/Valencia,l'Horta Sud,Quart de Poblet,PERSONAS CON DISCAPACIDAD,PERSONAS CON DISCAPACIDAD,"24776",CO.DIRECCIO@QUARTDEPOBLET.ORG,"961082597",2005-10-03 00:00:00,"719433","4373344"
"POINT (725211 4370519)","714","2849",CENTRO OCUPACIONAL PARA PERSONAS CON DISCAPACIDAD O DIVERSIDAD FUNCIONAL,CENTRO OCUPACIONAL ALBAES,"40","COOPERATIVA VALENCIANA DE PADRES DE DISCAPACITADOS PSÍQUICOS  ""ALBAES""","C/ PIANISTA AMPARO ITURBI, Nº 24, BAJO",Entidad Privada,"46250",València/Valencia,València,València,PERSONAS CON DISCAPACIDAD,PERSONAS CON DISCAPACIDAD,"790201",ALBAES@ALBAES.ORG,"963800247",2005-10-03 00:00:00,"725211","4370519"
"POINT (737062 4328820)","715","2850",CENTROS DE ATENCIÓN TEMPRANA (CAT),CENTRO ESTIMULACION PRECOZ DIGNAVALL,"35",FUNDACIÓ ESPURNA DE LA C.V.,"25 D'ABRIL, 4",Entidad Privada,"46238",València/Valencia,la Safor,Tavernes de la Valldigna,PERSONAS CON DISCAPACIDAD,PERSONAS CON DISCAPACIDAD,"17485",DIGNAVALL@ESPURNA.ORG,"962823985",2007-01-16 00:00:00,"737062","4328820"
"POINT (727955 4371671)","716","2852",CENTRO DE DÍA PARA PERSONAS CON ENFERMEDAD MENTAL CRÓNICA,CENTRO DE DÍA  ACOVA,"20",ASOCIACION ACOVA (AYUDA COMUNIDAD VALENCIANA),"C/ LEBÓN, 3 Y 5",Entidad Privada,"46250",València/Valencia,València,València,PERSONAS CON ENFERMEDAD MENTAL,PERSONAS CON ENFERMEDAD MENTAL,"790201",ACOVA@ASOCIACIONACOVA.ORG,"963812860",2005-10-10 00:00:00,"727955","4371671"
"POINT (727955 4371671)","717","2853",CENTRO DE REHABILITACIÓN E INTEGRACIÓN SOCIAL PARA ENFERMOS MENTALES CRÓNICOS,C.R.I.S.  ACOVA,"55",ASOCIACION ACOVA (AYUDA COMUNIDAD VALENCIANA),C/ LEBÓN 3 Y 5,Entidad Privada,"46250",València/Valencia,València,València,PERSONAS CON ENFERMEDAD MENTAL,PERSONAS CON ENFERMEDAD MENTAL,"790201",ACOVA@ASOCIACIONACOVA.ORG,"963812860",2005-10-10 00:00:00,"727955","4371671"
"POINT (722275 4378045)","718","2856",VIVIENDA SUPERVISADA PARA PERSONAS CON ENFERMEDAD MENTAL CRÓNICA,VIVIENDA TUTELADA ENFERMOS MENTALES VILABLANCA,"7","MAIDES, FUNDACION MARE DE DEU DELS INNOCENTS I DESAMPARATS","CALLE VILA BLANCA, 27-1ª Y 2ª",Entidad Privada,"46135",València/Valencia,l'Horta Nord,Godella,PERSONAS CON ENFERMEDAD MENTAL,PERSONAS CON ENFERMEDAD MENTAL,"13029",f.zacares@gmail.com,"963631871",2009-11-19 00:00:00,"722275","4378045"
"POINT (719506 4373422)","719","2859",HOGARES Y CLUBS PARA PERSONAS MAYORES,CLUB DE CONVIVENCIA DE PERSONAS MAYORES SAN ONOFRE,"0",AJUNTAMENT DE QUART DE POBLET,AVDA. SAN ONOFRE,Entidad Local,"46102",València/Valencia,l'Horta Sud,Quart de Poblet,PERSONAS MAYORES,PERSONAS MAYORES,"24776",zero@gva.es,"961536210",2008-04-29 00:00:00,"719506","4373422"
"POINT (700105 4238240)","720","2860",RESIDENCIAS PARA PERSONAS MAYORES DEPENDIENTES,RESIDENCIA P.M.D. DOMUSVI ELCHE CARRUS,"140","QUAVITAE SERVICIOS ASISTENCIALES, S.A.","C/ PRESIDENTE LAZARO CARDENAS DEL RIO, 2",Entidad Privada,"03065",Alacant/Alicante,el Baix Vinalopó,Elx/Elche,PERSONAS MAYORES,PERSONAS MAYORES,"227659",direccion.carrus@domusvi.es,"966675820",2005-10-26 00:00:00,"700105","4238240"
"POINT (744133 4316187)","721","2865",VIVIENDA SUPERVISADA PARA PERSONAS CON DISCAPACIDAD INTELECTUAL,VIVIENDA TUTELADA CRESOL,"6",FUNDACIÓ ESPURNA DE LA C.V.,"ROTOVA, 25, 1º-8ª",Entidad Privada,"46131",València/Valencia,la Safor,Gandia,PERSONAS CON DISCAPACIDAD,PERSONAS CON DISCAPACIDAD,"74814",ESPURNA@ESPURNA.ORG,"962965155",2006-03-28 00:00:00,"744133","4316187"
"POINT (743951 4409946)","722","2866",RESIDENCIAS PARA PERSONAS MAYORES DEPENDIENTES,RESIDENCIA P.M.D. SAVIA MONCOFA,"124","CENTROS RESIDENCIALES SAVIA, SL","AVDA.  DIPUTACIÓ, 8",Entidad Privada,"12077",Castelló/Castellón,la Plana Baixa,Moncofa,PERSONAS MAYORES,PERSONAS MAYORES,"6181",mmartin@saviacr.com,"964577902",2005-11-08 00:00:00,"743951","4409946"
"POINT (744131 4316189)","723","2867",VIVIENDA SUPERVISADA PARA PERSONAS CON DISCAPACIDAD INTELECTUAL,VIVIENDA TUTELADA TRESPOL,"7",FUNDACIÓ ESPURNA DE LA C.V.,"ROTOVA, 25,2º,15ª",Entidad Privada,"46131",València/Valencia,la Safor,Gandia,PERSONAS CON DISCAPACIDAD,PERSONAS CON DISCAPACIDAD,"74814",ESPURNA@ESPURNA.ORG,"962965155",2009-11-19 00:00:00,"744131","4316189"
"POINT (744132 4316189)","724","2868",VIVIENDA SUPERVISADA PARA PERSONAS CON DISCAPACIDAD INTELECTUAL,VIVIENDA TUTELADA CALIU,"7",FUNDACIÓ ESPURNA DE LA C.V.,"ROTOVA, 25,3º,18ª",Entidad Privada,"46131",València/Valencia,la Safor,Gandia,PERSONAS CON DISCAPACIDAD,PERSONAS CON DISCAPACIDAD,"74814",ESPURNA@ESPURNA.ORG,"962965155",2009-11-19 00:00:00,"744132","4316189"
"POINT (743951 4409946)","725","2869",CENTROS DE DÍA DE PERSONAS MAYORES DEPENDIENTES,CENTRO DE DIA PARA PERSONAS MAYORES DEPENDIENTES SAVIA MONCOFA,"30","CENTROS RESIDENCIALES SAVIA, SL","AVDA. DIPUTACIÓ, 8",Entidad Privada,"12077",Castelló/Castellón,la Plana Baixa,Moncofa,PERSONAS MAYORES,PERSONAS MAYORES,"6181",infosavia@saviacr.com,"900920228",2005-11-08 00:00:00,"743951","4409946"
"POINT (729241 4383727)","726","2873",CENTROS DE ATENCIÓN TEMPRANA (CAT),"CENTRO DE ESTIMULACION PRECOZ ""L'HORTA NORD""-MASSAMAGRELL","70",CONSORCIO COMARCAL DE SERVICIOS SOCIALES L'HORTA NORD,"MIGUEL SERVET, 23-BAJO",Entidad Local,"46164",València/Valencia,l'Horta Nord,Massamagrell,PERSONAS CON DISCAPACIDAD,PERSONAS CON DISCAPACIDAD,"15574",AETMASSAMAGRELL@YAHOO.ES,"961440688",2006-02-02 00:00:00,"729241","4383727"
"POINT (700105 4238240)","727","2875",CENTROS DE DÍA DE PERSONAS MAYORES DEPENDIENTES,CENTRO DE DIA P.M.D. DOMUSVI ELCHE CARRUS,"30","QUAVITAE SERVICIOS ASISTENCIALES, S.A.","C/ PTE. LAZARO CARDENAS DEL RIO, 2",Entidad Privada,"03065",Alacant/Alicante,el Baix Vinalopó,Elx/Elche,PERSONAS MAYORES,PERSONAS MAYORES,"227659",direccion.carrus@domusvi.es,"966675820",2005-10-26 00:00:00,"700105","4238240"
"POINT (718849 4285834)","728","2877",RESIDENCIAS PARA PERSONAS MAYORES DEPENDIENTES,RESIDENCIA P.M.D. DOMUSVI ALCOY,"140","QUAVITAE SERVICIOS ASISTENCIALES, S.A.","CALLE OLIVER, 22",Entidad Privada,"03009",Alacant/Alicante,l'Alcoià,Alcoi/Alcoy,PERSONAS MAYORES,PERSONAS MAYORES,"59198",direccion.alcoi@domusvi.es,"965334684",2005-11-29 00:00:00,"718849","4285834"
"POINT (715857 4381043)","729","2878",RESIDENCIAS PARA PERSONAS MAYORES DEPENDIENTES,RESIDENCIA P.M.D. SAVIA SAN ANTONIO DE BENAGEBER,"124","CENTROS RESIDENCIALES SAVIA, SL",AUTOV.VALENCIA ADEMUZ SAL.10,Entidad Privada,"46903",València/Valencia,el Camp de Túria,San Antonio de Benagéber,PERSONAS MAYORES,PERSONAS MAYORES,"8463",dano@saviacr.com,"961352208",2005-11-30 00:00:00,"715857","4381043"
"POINT (743816 4317473)","730","2880",CENTROS DE ATENCIÓN TEMPRANA (CAT),CENTRO DE ATENCION TEMPRANA LA SAFOR,"70",MANCOMUNITAT DE MUNICIPIS DE LA SAFOR,"PLAZA BENNACER, 1",Entidad Local,"46131",València/Valencia,la Safor,Gandia,PERSONAS CON DISCAPACIDAD,PERSONAS CON DISCAPACIDAD,"74814",MANCSAFOR_CDIAP@GVA.ES,"600537939",2009-02-11 00:00:00,"743816","4317473"
"POINT (717338 4246356)","731","2881",RESIDENCIAS PARA PERSONAS MAYORES DEPENDIENTES,RESIDENCIA P.M.D. DOMUSVI ALICANTE BABEL,"140","QUAVITAE SERVICIOS ASISTENCIALES, S.A.","AVDA. ALCALDE LORENZO CARBONELL, Nº 56",Entidad Privada,"03014",Alacant/Alicante,l'Alacantí,Alacant/Alicante,PERSONAS MAYORES,PERSONAS MAYORES,"330525",direccion.babel@domusvi.es,"965112505",2005-11-28 00:00:00,"717338","4246356"
"POINT (717329 4246423)","732","2883",CENTROS DE DÍA DE PERSONAS MAYORES DEPENDIENTES,CENTRO DE DIA P.M.D. DOMUSVI ALICANTE BABEL,"30","QUAVITAE SERVICIOS ASISTENCIALES, S.A.","ALCALDE LORENZO CARBONELL, 56",Entidad Privada,"03014",Alacant/Alicante,l'Alacantí,Alacant/Alicante,PERSONAS MAYORES,PERSONAS MAYORES,"330525",direccion.babel@domusvi.es,"965112505",2005-12-15 00:00:00,"717329","4246423"
"POINT (725283 4373712)","733","2885",VIVIENDA SUPERVISADA PARA PERSONAS CON DISCAPACIDAD INTELECTUAL,"VIVIENDA TUTELADA ""DR. OLORIZ""","4",ASOC. VALENCIANA PRO-PERSONAS CON DISCAPACIDAD PSIQUICA,"DOCTOR OLORIZ,3,9ª",Entidad Privada,"46250",València/Valencia,València,València,PERSONAS CON DISCAPACIDAD,PERSONAS CON DISCAPACIDAD,"790201",ASPRONA@ASPRONA.ES,"963271903",2011-09-16 00:00:00,"725283","4373712"
"POINT (725717 4373726)","734","2886",VIVIENDA SUPERVISADA PARA PERSONAS CON DISCAPACIDAD INTELECTUAL,"VIVIENDA TUTELADA ""LERIDA""","6",ASOC. VALENCIANA PRO-PERSONAS CON DISCAPACIDAD PSIQUICA,"LERIDA,7,15ª",Entidad Privada,"46250",València/Valencia,València,València,PERSONAS CON DISCAPACIDAD,PERSONAS CON DISCAPACIDAD,"790201",ASPRONA@ASPRONA.ES,"963279758",2011-09-16 00:00:00,"725717","4373726"
"POINT (727669 4376985)","735","2889",VIVIENDA SUPERVISADA PARA PERSONAS CON DISCAPACIDAD FÍSICA PARA LA PROMOCIÓN DE LA AUTONOMÍA Y EL FOMENTO DEL APRENDIZAJE DE LAS ACTIVIDADES DE LA VIDA DIARIA,VIVIENDA TUTELADA EL FARO,"4",COMITE CIUDADANO ANTI-SIDA DE LA C.V.,"C/ ABDON Y SENENT,1,2-5º",Entidad Privada,"46032",València/Valencia,l'Horta Nord,Almàssera,PERSONAS CON DISCAPACIDAD,PERSONAS CON DISCAPACIDAD,"7297",zero@gva.es,"961337786",2008-06-25 00:00:00,"727669","4376985"
"POINT (703942 4288568)","736","2890",RESIDENCIAS PARA PERSONAS MAYORES DEPENDIENTES,RESIDENCIA P.M.D. BANYERES DE MARIOLA,"52",AJUNTAMENT DE BANYERES DE MARIOLA,"DOCTOR FLEMING, 39",Entidad Local,"03021",Alacant/Alicante,l'Alcoià,Banyeres de Mariola,PERSONAS MAYORES,PERSONAS MAYORES,"7108",banyeres@suman.es,"966568183",2006-06-22 00:00:00,"703942","4288568"
"POINT (703972 4288642)","737","2891",CENTROS DE DÍA DE PERSONAS MAYORES DEPENDIENTES,CENTRO DE DIA PARA PERSONAS MAYORES DEPENDIENTES BANYERES DE MARIOLA,"25",AJUNTAMENT DE BANYERES DE MARIOLA,"DOCTOR FLEMING, S/N",Entidad Local,"03021",Alacant/Alicante,l'Alcoià,Banyeres de Mariola,PERSONAS MAYORES,PERSONAS MAYORES,"7108",banyeres@suman.es,"966567041",2007-05-25 00:00:00,"703972","4288642"
"POINT (724319 4249266)","738","2892",RESIDENCIAS PARA PERSONAS MAYORES DEPENDIENTES,RESIDENCIA P.M.D. DOMUSVI ALICANTE CONDOMINA,"140","QUAVITAE SERVICIOS ASISTENCIALES, S.A.",AVDA. CONDOMINA S/N,Entidad Privada,"03014",Alacant/Alicante,l'Alacantí,Alacant/Alicante,PERSONAS MAYORES,PERSONAS MAYORES,"330525",direccion.condomina@domusvi.es,"965159376",2006-02-24 00:00:00,"724319","4249266"
"POINT (724319 4249266)","739","2893",CENTROS DE DÍA DE PERSONAS MAYORES DEPENDIENTES,CENTRO DE DIA P.M.D. DOMUSVI  ALICANTE  CONDOMINA,"30","QUAVITAE SERVICIOS ASISTENCIALES, S.A.","AVENIDA CONDOMINA, S/N",Entidad Privada,"03014",Alacant/Alicante,l'Alacantí,Alacant/Alicante,PERSONAS MAYORES,PERSONAS MAYORES,"330525",direccion.condomina@domusvi.es,"965159376",2006-02-24 00:00:00,"724319","4249266"
"POINT (713139 4417070)","740","2894",HOGARES Y CLUBS PARA PERSONAS MAYORES,CLUB DE CONVIVENCIA DE PERSONAS MAYORES JARDIN DEL PALANCIA,"0",AYUNTAMIENTO DE NAVAJAS,CALLE SAN ROQUE Y SAN GIL S/N,Entidad Local,"12081",Castelló/Castellón,El Alto Palancia,Navajas,PERSONAS MAYORES,PERSONAS MAYORES,"745",zero@gva.es,"0",2009-06-19 00:00:00,"713139","4417070"
"POINT (706933 4299881)","741","2895",CENTROS DE DÍA DE PERSONAS MAYORES DEPENDIENTES,CENTRO DE DIA PARA PERSONAS MAYORES DEPENDIENTES CAIXA-ONTINYENT,"65","ASSOCIACIÓ FAMILIARS, AMICS I AMIGUES DE MALATS-MALALTES D'ALZHEIMER I ALTRES DEMÈNCIES D'ONTINYENT","C/ ORUTJOL, Nº 2",Entidad Privada,"46184",València/Valencia,la Vall d'Albaida,Ontinyent,PERSONAS MAYORES,PERSONAS MAYORES,"35534",INFO@AFAO.ES,"962910539",2006-06-29 00:00:00,"706933","4299881"
"POINT (697438 4362844)","742","2896",CENTRO OCUPACIONAL PARA PERSONAS CON DISCAPACIDAD O DIVERSIDAD FUNCIONAL,CENTRO OCUPACIONAL LA LLAR DELS XIQUETS,"30",PER ELLS AMIC DEL DISCAPACITAT DE TURIS,"C/ PABLO NERUDA, 10",Entidad Privada,"46248",València/Valencia,la Ribera Alta,Turís,PERSONAS CON DISCAPACIDAD,PERSONAS CON DISCAPACIDAD,"6609",COPERELLS@MSM.COM,"962127661",2008-03-28 00:00:00,"697438","4362844"
"POINT (724099 4370504)","743","2897",CENTRO OCUPACIONAL PARA PERSONAS CON DISCAPACIDAD O DIVERSIDAD FUNCIONAL,CENTRO OCUPACIONAL JUAN DE GARAY,"60",AJUNTAMENT DE VALENCIA,"JUAN DE GARAY, 52",Entidad Local,"46250",València/Valencia,València,València,PERSONAS CON DISCAPACIDAD,PERSONAS CON DISCAPACIDAD,"790201",COMJUANDEGARAY@VALENCIA.ES,"962087355",2012-06-04 00:00:00,"724099","4370504"
"POINT (729912 4373165)","744","2899",CENTRO OCUPACIONAL PARA PERSONAS CON DISCAPACIDAD O DIVERSIDAD FUNCIONAL,CENTRO OCUPACIONAL STELLA MARIS,"25",FUNDACION STELLA MARIS,"PLAZA CRONISTA FRANCISCO MOMBLANCH, 4",Entidad Privada,"46250",València/Valencia,València,València,PERSONAS CON DISCAPACIDAD,PERSONAS CON DISCAPACIDAD,"790201",STELLAMARIS.CO@GMAIL.COM,"963550601",2008-06-03 00:00:00,"729912","4373165"
"POINT (737234 4411924)","745","2900",CENTROS DE DÍA DE PERSONAS MAYORES DEPENDIENTES,CENTRO DE DIA ASOCIACIÓN FAMILIARES DE ALZHEIMER PLANA BAIXA,"25",ASOCIACION DE FAMILIARES DE PERSONAS CON LA ENFERMEDAD DE ALZHEIMER Y OTRAS DEMENCIAS DE CASTELLON,C/ BALMES 36,Entidad Privada,"12126",Castelló/Castellón,la Plana Baixa,la Vall d'Uixó,PERSONAS MAYORES,PERSONAS MAYORES,"31819",zero@gva.es,"964664667",2007-11-19 00:00:00,"737234","4411924"
"POINT (729653 4371876)","746","2901",VIVIENDA ASISTIDA PARA PERSONAS CON ENFERMEDAD MENTAL CRÓNICA,VIVIENDA TUTELADA ASISTIDA EOLUS,"6",ASOCIACION A.M.B.I.T.,PROGRESO 77,Entidad Privada,"46250",València/Valencia,València,València,PERSONAS CON ENFERMEDAD MENTAL,PERSONAS CON ENFERMEDAD MENTAL,"790201",administracion@associacioambit.org,"963718186",2006-11-15 00:00:00,"729653","4371876"
"POINT (752819 4430152)","747","2903",CENTROS SOCIALES,CENTRO DE SERVICIOS SOCIALES CENTRALES (EN PROCESO DE REGULARIZACION),"0",AJUNTAMENT DE CASTELLO DE LA PLANA,"C/ HUERTO DE MAS,1",Entidad Local,"12040",Castelló/Castellón,la Plana Alta,Castelló de la Plana,POBLACIÓN EN GENERAL Y COLECTIVOS SOCIALMENTE DESFAVORECIDOS,POBLACIÓN EN GENERAL Y COLECTIVOS SOCIALMENTE DESFAVORECIDOS,"170990",zero@gva.es,"0",2007-04-03 00:00:00,"752819","4430152"
"POINT (770018 4303616)","748","2904",VIVIENDA SUPERVISADA PARA PERSONAS CON ENFERMEDAD MENTAL CRÓNICA PARA LA PROMOCIÓN DE LA AUTONOMÍA Y EL FOMENTO DEL APRENDIZAJE DE LAS ACTIVIDADES DE LA VIDA DIARIA,VIVENDA TUTELADA ENFERMOS MENTALES DE DENIA,"5",AJUNTAMENT DE DÉNIA,C/ PATRICIO FERRANDIZ Nº 92 BAJO PTA. 2,Entidad Local,"03063",Alacant/Alicante,la Marina Alta,Dénia,PERSONAS CON ENFERMEDAD MENTAL,PERSONAS CON ENFERMEDAD MENTAL,"41465",fjmartinez@ayto-denia.es,"966424760",2006-06-06 00:00:00,"770018","4303616"
"POINT (718580 4247402)","749","2905",VIVIENDA ASISTIDA PARA PERSONAS CON DISCAPACIDAD INTELECTUAL,VIVIENDA TUTELADA DISCAPACITADOS PSÍQUICOS DE UPAPSA,"6","UPAPSA,UNION PROV.AS.PRO-MINUS.PSIQ.ALI.","C/ SAN RAIMUNDO, 17 1ºB",Entidad Privada,"03014",Alacant/Alicante,l'Alacantí,Alacant/Alicante,PERSONAS CON DISCAPACIDAD,PERSONAS CON DISCAPACIDAD,"330525",ADMINISTRACION@UPAPSA.COM,"679468211",2007-10-19 00:00:00,"718580","4247402"
"POINT (722493 4372551)","750","2910",VIVIENDA SUPERVISADA PARA PERSONAS CON DISCAPACIDAD FÍSICA PARA LA PROMOCIÓN DE LA AUTONOMÍA Y EL FOMENTO DEL APRENDIZAJE DE LAS ACTIVIDADES DE LA VIDA DIARIA,VIVIENDA TUTELADA EL TEU ESPAI,"6",FUNDACION ACTIVA ESPINA BIFIDA-COMUNIDAD VALENCIANA,"GOMEZ FERRER, 1",Entidad Privada,"46169",València/Valencia,l'Horta Sud,Mislata,PERSONAS CON DISCAPACIDAD,PERSONAS CON DISCAPACIDAD,"42988",zero@gva.es,"963264431",2007-12-20 00:00:00,"722493","4372551"
"POINT (744569 4317744)","751","2911",CENTRO DE REHABILITACIÓN E INTEGRACIÓN SOCIAL PARA ENFERMOS MENTALES CRÓNICOS,C.R.I.S. LA SAFOR,"70",ASAEM SALUD MENTAL,"JAUME II, 6",Entidad Privada,"46131",València/Valencia,la Safor,Gandia,PERSONAS CON ENFERMEDAD MENTAL,PERSONAS CON ENFERMEDAD MENTAL,"74814",CRISLASAFOR@HOTMAIL.COM,"962864900",2006-02-20 00:00:00,"744569","4317744"
"POINT (725575 4350517)","752","2912",RESIDENCIAS PARA PERSONAS MAYORES DEPENDIENTES,RESIDENCIA P.M.D. SOLIMAR SOLLANA,"136","GERORESIDENCIALES SOLIMAR, S.L.","CAMI ESTACADORA, S/N",Entidad Privada,"46233",València/Valencia,la Ribera Baixa,Sollana,PERSONAS MAYORES,PERSONAS MAYORES,"4919",sollana@solimar.es,"961742565",2006-06-02 00:00:00,"725575","4350517"
"POINT (747750 4317442)","753","2914",RESIDENCIAS PARA PERSONAS MAYORES DEPENDIENTES,RESIDENCIA P.M.D. SOLIMAR DAIMÚS,"136","GERORESIDENCIALES SOLIMAR, S.L.","AVDA. MEDITERRÀNEA, 16",Entidad Privada,"46113",València/Valencia,la Safor,Daimús,PERSONAS MAYORES,PERSONAS MAYORES,"3058",daimus@solimar.es,"962803235",2006-06-08 00:00:00,"747750","4317442"
"POINT (747742 4317438)","754","2915",CENTROS DE DÍA DE PERSONAS MAYORES DEPENDIENTES,CENTRO DE DÍA  PARA PERSONAS MAYORES DEPENDIENTES SOLIMAR DAIMÚS,"20","GERORESIDENCIALES SOLIMAR, S.L.","AVDA. DE LA MEDITERRANEA, 16",Entidad Privada,"46113",València/Valencia,la Safor,Daimús,PERSONAS MAYORES,PERSONAS MAYORES,"3058",daimus@solimar.es,"962803235",2006-06-08 00:00:00,"747742","4317438"
"POINT (749685 4311982)","755","2916",VIVIENDA SUPERVISADA PARA PERSONAS CON ENFERMEDAD MENTAL CRÓNICA,VIVIENDA TUTELADA DE OLIVA,"5",AJUNTAMENT D'OLIVA,"CARRETERA DEL CONVENT, 35-1º,1ª",Entidad Local,"46181",València/Valencia,la Safor,Oliva,PERSONAS CON ENFERMEDAD MENTAL,PERSONAS CON ENFERMEDAD MENTAL,"25789",mp@oliva.es,"962850375",2008-05-15 00:00:00,"749685","4311982"
"POINT (743301 4310920)","756","2918",RESIDENCIA DE PERSONAS CON DISCAPACIDAD O DIVERSIDAD FUNCIONAL,RESIDENCIA  LA SAFOR,"44",AUNA INCLUSIÓ,PARTIDA DEL PRADO S/N,Entidad Privada,"46198",València/Valencia,la Safor,Potries,PERSONAS CON DISCAPACIDAD,PERSONAS CON DISCAPACIDAD,"1017",administracion@asmisaf.es,"962899331",2008-01-11 00:00:00,"743301","4310920"
"POINT (715686 4301622)","757","2919",CENTRO OCUPACIONAL PARA PERSONAS CON DISCAPACIDAD O DIVERSIDAD FUNCIONAL,CENTRO OCUPACIONAL TREVOL,"65",MANCOMUNITAT DE MUNICIPIS DE LA VALL D'ALBAIDA,"ARQUEOLEG BALLESTER, 45",Entidad Local,"46006",València/Valencia,la Vall d'Albaida,Albaida,PERSONAS CON DISCAPACIDAD,PERSONAS CON DISCAPACIDAD,"5933",TREVOL@MANCOVALL.COM,"962910914",2008-10-17 00:00:00,"715686","4301622"
"POINT (744506 4317753)","758","2920",CENTRO DE DÍA PARA PERSONAS CON ENFERMEDAD MENTAL CRÓNICA,CENTRO DE DIA LA SAFOR DE GANDIA,"20",ASAEM SALUD MENTAL,"JAUME II, 6",Entidad Privada,"46131",València/Valencia,la Safor,Gandia,PERSONAS CON ENFERMEDAD MENTAL,PERSONAS CON ENFERMEDAD MENTAL,"74814",CRISLASAFOR@HOTMAIL.COM,"962864900",2006-02-20 00:00:00,"744506","4317753"
"POINT (704227 4382906)","759","2923",CENTROS DE DÍA DE PERSONAS MAYORES DEPENDIENTES,CENTRO DE DIA P.M.D. VILLAMARCHANTE,"50",AJUNTAMENT DE VILAMARXANT,"C/ ALONSO LA TORRE, 1-3",Entidad Local,"46256",València/Valencia,el Camp de Túria,Vilamarxant,PERSONAS MAYORES,PERSONAS MAYORES,"9223",centrodiavila@hotmail.com,"0",2006-07-28 00:00:00,"704227","4382906"
"POINT (722743 4337733)","760","2928",RESIDENCIAS PARA PERSONAS MAYORES DEPENDIENTES,RESIDENCIA P.M.D. SOLIMAR ALZIRA,"122",AJUNTAMENT D'ALZIRA,AVENIDA MEDITERRANEA Nº 30,Entidad Local,"46017",València/Valencia,la Ribera Alta,Alzira,PERSONAS MAYORES,PERSONAS MAYORES,"44488",alzira@solimar.es,"962410328",2008-04-09 00:00:00,"722743","4337733"
"POINT (722743 4337733)","761","2929",CENTROS DE DÍA DE PERSONAS MAYORES DEPENDIENTES,CENTRO DE DIA PARA PERSONAS MAYORES DEPENDIENTES SOLIMAR ALZIRA,"50",AJUNTAMENT D'ALZIRA,"AVDA. MEDITERRANEA, 30",Entidad Local,"46017",València/Valencia,la Ribera Alta,Alzira,PERSONAS MAYORES,PERSONAS MAYORES,"44488",alzira@solimar.es,"962410328",2008-04-09 00:00:00,"722743","4337733"
"POINT (666249 4339578)","762","2930",RESIDENCIAS PARA PERSONAS MAYORES DEPENDIENTES,RESIDENCIA P.M.D. SAN BLAS  DE JALANCE,"96",AYUNTAMIENTO DE JALANCE,"C/ REGAJO, 2",Entidad Local,"46142",València/Valencia,El Valle de Cofrentes-Ayora,Jalance,PERSONAS MAYORES,PERSONAS MAYORES,"885",atencion-social@residenciajalance.es,"962196584",2006-05-29 00:00:00,"666249","4339578"
"POINT (695466 4198912)","763","2932",ALBERGUES,CASA CÁRITAS,"14",CARITAS DIOCESANA DE ORIHUELA-ALICANTE,"CALLE COMEDIAS, 4",Entidad Privada,"03099",Alacant/Alicante,el Baix Segura/La Vega Baja,Orihuela,POBLACIÓN EN GENERAL Y COLECTIVOS SOCIALMENTE DESFAVORECIDOS,POBLACIÓN EN GENERAL Y COLECTIVOS SOCIALMENTE DESFAVORECIDOS,"80359",zero@gva.es,"965303833",2008-06-30 00:00:00,"695466","4198912"
"POINT (729875 4380658)","764","2933",RESIDENCIAS PARA PERSONAS MAYORES DEPENDIENTES,RESIDENCIA P.M.D. SAVIA ALBUIXECH,"154","CENTROS RESIDENCIALES SAVIA, SL",C/ LA FONT - POLIGONO 6 PARCELA 191-192,Entidad Privada,"46014",València/Valencia,l'Horta Nord,Albuixech,PERSONAS MAYORES,PERSONAS MAYORES,"3919",bbeltran@saviacr.com,"961417361",2006-05-31 00:00:00,"729875","4380658"
"POINT (719237 4360232)","765","2935",RESIDENCIAS PARA PERSONAS MAYORES DEPENDIENTES,RESIDENCIA P.M.D. SAVIA PICASSENT,"170","CENTROS RESIDENCIALES SAVIA, SL","AVDA. DEL NORTE, 1",Entidad Privada,"46194",València/Valencia,l'Horta Sud,Picassent,PERSONAS MAYORES,PERSONAS MAYORES,"20498",ysanchis@saviacr.com,"961221993",2006-08-01 00:00:00,"719237","4360232"
"POINT (680792 4218243)","766","2939",CENTRO DE REHABILITACIÓN E INTEGRACIÓN SOCIAL PARA ENFERMOS MENTALES CRÓNICOS,CENTRO DE REHABILITACIÓN E INTEGRACIÓN SOCIAL PARA ENFERMOS MENTALES CRÓNICOS (CRIS),"70",AYUNTAMIENTO DE ORIHUELA,"AVDA. DOCTOR GARCÍA ROGEL, S/N",Entidad Local,"03099",Alacant/Alicante,el Baix Segura/La Vega Baja,Orihuela,PERSONAS CON ENFERMEDAD MENTAL,PERSONAS CON ENFERMEDAD MENTAL,"80359",CRIS@ORIHUELA.ES,"966744374",2006-04-11 00:00:00,"680792","4218243"
"POINT (721274 4368192)","767","2940",CENTROS DE DÍA DE PERSONAS MAYORES DEPENDIENTES,CENTRO DE DIA PARA PERSONAS MAYORES DEPENDIENTES AVALÓN  PICANYA,"15","GEROCLEOP, S.L.","HUERTO MINA S/N CTRA ALBAL TORRENT K 4,5",Entidad Privada,"46193",València/Valencia,l'Horta Sud,Picanya,PERSONAS MAYORES,PERSONAS MAYORES,"11281",MGARCIA@NOVAEDAT.ES,"961592650",2006-03-06 00:00:00,"721274","4368192"
"POINT (774607 4298059)","768","2943",C. A. RESIDENCIAL PARA PERSONAS EN SITUACIÓN DE DEPENDENCIA,CEEM XABIA BELLA,"35","CENTRO TERAPEUTICO XABIA BELLA, S.L.U.","C/ FINESTRAT, Nº 10",Entidad Privada,"03082",Alacant/Alicante,la Marina Alta,Xàbia/Jávea,PERSONAS CON ENFERMEDAD MENTAL,PERSONAS CON ENFERMEDAD MENTAL,"27225",despacho3@ono.com,"966461801",2007-12-20 00:00:00,"774607","4298059"
"POINT (700105 4238240)","769","2944",CENTRO DE DÍA PARA PERSONAS CON DISCAPACIDAD O DIVERSIDAD FUNCIONAL,CENTRO DÍA DE PARALISIS CEREBRAL ASPANIAS,"33",ASPANIAS A FAVOR DE PERSONAS CON DISCAPACIDAD,"ARQUITECTO SANTIAGO PÉREZ ARACIL,3",Entidad Privada,"03065",Alacant/Alicante,el Baix Vinalopó,Elx/Elche,PERSONAS CON DISCAPACIDAD,PERSONAS CON DISCAPACIDAD,"227659",CENTRODEDIAASPANIAS@HOTMAIL.COM,"965457257",2007-05-16 00:00:00,"700105","4238240"
"POINT (718242 4371673)","770","2946",VIVIENDA ASISTIDA PARA PERSONAS CON ENFERMEDAD MENTAL CRÓNICA,VIVIENDA TUTELADA ASISTIDA PERSONAS E. MENTAL CRONICA AASAM,"7",ASOCIACION ALBERO ARTESANOS,"C/ SAN MIGUEL, Nº 39 BAJO",Entidad Privada,"46021",València/Valencia,l'Horta Sud,Aldaia,PERSONAS CON ENFERMEDAD MENTAL,PERSONAS CON ENFERMEDAD MENTAL,"31246",gestionalberoartesanos@gmail.com,"961505603",2006-05-09 00:00:00,"718242","4371673"
"POINT (743301 4310948)","771","2947",CENTRO DE DÍA PARA PERSONAS CON DISCAPACIDAD O DIVERSIDAD FUNCIONAL,CENTRO DE DIA LA SAFOR DE POTRIES,"40",AUNA INCLUSIÓ,"PARTIDA DEL PRADO, S/N",Entidad Privada,"46198",València/Valencia,la Safor,Potries,PERSONAS CON DISCAPACIDAD,PERSONAS CON DISCAPACIDAD,"1017",,"962899331",2008-01-11 00:00:00,"743301","4310948"
"POINT (717813 4368726)","772","2951",C. A. RESIDENCIAL PARA PERSONAS EN SITUACIÓN DE DEPENDENCIA,C.E.E.M. CIUDAD JARDIN,"40","CENTRO TERAPEUTICO CIUDAD JARDÍN, S.L.",MAESTRO MANUEL MERA SOLANO 5,Entidad Privada,"46244",València/Valencia,l'Horta Sud,Torrent,PERSONAS CON ENFERMEDAD MENTAL,PERSONAS CON ENFERMEDAD MENTAL,"80762",LAURASANCHEZ@CEEM-CIUDADJARDIN.COM,"961562846",2006-09-29 00:00:00,"717813","4368726"
"POINT (713051 4310139)","773","2952",RESIDENCIAS PARA PERSONAS MAYORES DEPENDIENTES,RESIDENCIA P.M.D. SOLIMAR L'OLLERIA,"136","GERORESIDENCIALES SOLIMAR, S.L.","CAMÍ BENIGANIM, S/N",Entidad Privada,"46183",València/Valencia,la Vall d'Albaida,l'Olleria,PERSONAS MAYORES,PERSONAS MAYORES,"8311",dcortes@solimar.es,"962202095",2006-05-12 00:00:00,"713051","4310139"
"POINT (711087 4381126)","774","2954",C. A. RESIDENCIAL PARA PERSONAS EN SITUACIÓN DE DEPENDENCIA,ABADIA TURIA,"20","OLOLLIR, S.L.","URB. MON. ALCEDO. C/ S. JUAN  RIBERA, 35",Entidad Privada,"46214",València/Valencia,el Camp de Túria,Riba-roja de Túria,PERSONAS CON ENFERMEDAD MENTAL,PERSONAS CON ENFERMEDAD MENTAL,"21521",zero@gva.es,"0",2007-12-20 00:00:00,"711087","4381126"
"POINT (765340 4466630)","775","2955",CENTROS DE DÍA DE PERSONAS MAYORES DEPENDIENTES,"CENTRO DE DIA P.M.D. ""GERMANS FOLCH TRAVER""","40",AJUNTAMENT DE LES COVES DE VINROMA,C. MORERIA 31,Entidad Local,"12050",Castelló/Castellón,la Plana Alta,les Coves de Vinromà,PERSONAS MAYORES,PERSONAS MAYORES,"1870",tossalcoop@gmail.com,"964427067",2007-09-26 00:00:00,"765340","4466630"
"POINT (767252 4442648)","776","2957",CENTROS ESPECIALIZADOS DE ATENCIÓN A LOS MAYORES,CENTRO ESPECIALIZADO DE ATENCION AL MAYOR - CEAM,"0",AJUNTAMENT D'ORPESA,"C/ COTXERA, 5",Entidad Local,"12085",Castelló/Castellón,la Plana Alta,Orpesa/Oropesa del Mar,PERSONAS MAYORES,PERSONAS MAYORES,"9245",zero@gva.es,"964310100",2007-02-09 00:00:00,"767252","4442648"
"POINT (720434 4360663)","777","2959",RESIDENCIAS PARA PERSONAS MAYORES DEPENDIENTES,RESIDENCIA P.M.D. SAVIA ALCÁSSER,"124","CENTROS RESIDENCIALES SAVIA, SL",AVENIDA MAESTRO SERRANO S/N,Entidad Privada,"46015",València/Valencia,l'Horta Sud,Alcàsser,PERSONAS MAYORES,PERSONAS MAYORES,"9692",rpellicer@saviacr.com,"961222039",2006-09-29 00:00:00,"720434","4360663"
"POINT (741378 4323319)","778","2960",C. A. RESIDENCIAL PARA PERSONAS EN SITUACIÓN DE DEPENDENCIA,RESIDENCIAL CEEM-XERACO,"40",CEEM-XERACO S.L.,"C/ LES MARJALS, Nº 10",Entidad Privada,"46143",València/Valencia,la Safor,Xeraco,PERSONAS CON ENFERMEDAD MENTAL,PERSONAS CON ENFERMEDAD MENTAL,"5732",INMA@CEEMXERACO.COM,"962892644",2006-07-03 00:00:00,"741378","4323319"
"POINT (723166 4376054)","779","2962",RESIDENCIAS PARA PERSONAS MAYORES DEPENDIENTES,RESIDENCIA  PARA PERSONAS MAYORES DEPENDIENTES BALLESOL BURJASSOT,"105","INTERCENTROS BALLESOL, S.A.","C/ COMANDANTE MORENO 1 ESQ. C/ ZAMORA,12",Entidad Privada,"46078",València/Valencia,l'Horta Nord,Burjassot,PERSONAS MAYORES,PERSONAS MAYORES,"37324",DIRECCION.BURJASSOT@BALLESOL.ES,"963902230",2006-08-07 00:00:00,"723166","4376054"
"POINT (712296 4337860)","780","2963",RESIDENCIAS PARA PERSONAS MAYORES DEPENDIENTES,RESIDENCIA P.M.D. SOLIMAR GUADASSUAR,"136","GERORESIDENCIALES SOLIMAR, S.L.","CAMI BENIMUSLEM, S/N",Entidad Privada,"46139",València/Valencia,la Ribera Alta,Guadassuar,PERSONAS MAYORES,PERSONAS MAYORES,"5898",amompo@solimar.es,"962573143",2006-09-25 00:00:00,"712296","4337860"
"POINT (717273 4307032)","781","2965",CENTROS DE DÍA DE PERSONAS MAYORES DEPENDIENTES,CENTRO DE DIA P.M.D. MONTAVERNER,"40",AJUNTAMENT DE MONTAVERNER,CARRER DE LA SARGA S/N,Entidad Local,"46173",València/Valencia,la Vall d'Albaida,Montaverner,PERSONAS MAYORES,PERSONAS MAYORES,"1691", cdmontaverner@gmail.com,"962297199",2007-08-03 00:00:00,"717273","4307032"
"POINT (692202 4234262)","782","2971",RESIDENCIA DE PERSONAS CON DISCAPACIDAD O DIVERSIDAD FUNCIONAL,RESIDENCIA DISCAPACITADOS PSÍQUICOS CREVILLENTE,"30",ASOCIACION DISCAPACITADOS PSÍQUICOS DE CREVILLENTE,PARTIDA DE LA MOTA,Entidad Privada,"03059",Alacant/Alicante,el Baix Vinalopó,Crevillent,PERSONAS CON DISCAPACIDAD,PERSONAS CON DISCAPACIDAD,"28691",jjlozano@grupoelcastillo.com,"965406251",2008-11-18 00:00:00,"692202","4234262"
"POINT (751768 4430408)","783","2972",RESIDENCIAS PARA PERSONAS MAYORES DEPENDIENTES,COLISÉE MAGDALENA,"140",LA SALETA CARE SL,CV-147 Partida de la Magdalena S/N (APARTADO DE CORREOS 8120),Entidad Privada,"12040",Castelló/Castellón,la Plana Alta,Castelló de la Plana,PERSONAS MAYORES,PERSONAS MAYORES,"170990",,"964961050",2006-09-27 00:00:00,"751768","4430408"
"POINT (729419 4383106)","784","2974",CENTROS DE DÍA DE PERSONAS MAYORES DEPENDIENTES,CENTRO DE DIA PARA PERSONAS MAYORES DEPENDIENTES CANTALLOPS,"50",RESIDENCIAL MASSGRELL S.L.,"VIA AUGUSTA, 2",Entidad Privada,"46164",València/Valencia,l'Horta Nord,Massamagrell,PERSONAS MAYORES,PERSONAS MAYORES,"15574",,"961452871",2006-08-08 00:00:00,"729419","4383106"
"POINT (765313 4289400)","785","2976",RESIDENCIAS PARA PERSONAS MAYORES DEPENDIENTES,"RESIDENCIA  P.M.D. ASILO NTRA. SRA. DE LOS DOLORES, S. JOAQUIN Y STA. ANA","86",FUNDACION ASILO DE NUESTRA SRA DE LOS DOLORES SAN JOAQUIN Y SANTA ANA,C/ TEULADA Nº 6,Entidad Privada,"03041",Alacant/Alicante,la Marina Alta,Benissa,PERSONAS MAYORES,PERSONAS MAYORES,"11000",direccion@fundacionresidenciabenissa.com,"965730593",2007-01-30 00:00:00,"765313","4289400"
"POINT (698238 4373857)","786","2985",RESIDENCIAS PARA PERSONAS MAYORES DEPENDIENTES,RESIDENCIA P.M.D. SAVIA CHESTE,"144","CENTROS RESIDENCIALES SAVIA, SL",PARIDA PAJARICO ALIAGA. POLG 34 PAR 145,Entidad Privada,"46109",València/Valencia,La Hoya de Buñol,Cheste,PERSONAS MAYORES,PERSONAS MAYORES,"8471",cvera@saviacr.com,"963161144",2006-10-11 00:00:00,"698238","4373857"
"POINT (691834 4362593)","787","2986",RESIDENCIAS PARA PERSONAS MAYORES DEPENDIENTES,RESIDENCIA P.M.D. SAVIA ALBORACHE,"124","CENTROS RESIDENCIALES SAVIA, SL","SAN JAIME PROXIMO, 50",Entidad Privada,"46012",València/Valencia,La Hoya de Buñol,Alborache,PERSONAS MAYORES,PERSONAS MAYORES,"1147",jcasanova@saviacr.com,"962509140",2006-09-28 00:00:00,"691834","4362593"
"POINT (762275 4301754)","788","2988",CENTROS SOCIALES,CENTRO SOCIAL D'ONDARA,"0",AJUNTAMENT D'ONDARA,"C/ GERMANIES, 9",Entidad Local,"03095",Alacant/Alicante,la Marina Alta,Ondara,POBLACIÓN EN GENERAL Y COLECTIVOS SOCIALMENTE DESFAVORECIDOS,POBLACIÓN EN GENERAL Y COLECTIVOS SOCIALMENTE DESFAVORECIDOS,"6647",zero@gva.es,"0",2006-12-27 00:00:00,"762275","4301754"
"POINT (723355 4373090)","789","2992",RESIDENCIA DE PERSONAS CON DISCAPACIDAD O DIVERSIDAD FUNCIONAL,RESIDENCIA LA NOSTRA CASA VALL DE LA BALLESTERA,"60",AJUNTAMENT DE VALENCIA,"C/ VALL DE LA BALLESTERA, Nº 75",Entidad Local,"46250",València/Valencia,València,València,PERSONAS CON DISCAPACIDAD,PERSONAS CON DISCAPACIDAD,"790201",direccion.nostracasa@domusvi.es,"962059630",2006-10-06 00:00:00,"723355","4373090"
"POINT (714320 4318301)","790","2995",CENTRO DE DÍA PARA PERSONAS CON ENFERMEDAD MENTAL CRÓNICA,CENTRO DE DIA DE ENFERMOS MENTALES ACOFEM-13,"20",FAMILIARES DE ENFERMOS MENT. LA COSTERA AREA 13,"TAQUIGRAFO MARTI, 25",Entidad Privada,"46145",València/Valencia,la Costera,Xàtiva,PERSONAS CON ENFERMEDAD MENTAL,PERSONAS CON ENFERMEDAD MENTAL,"28973",ACOFEM13@HOTMAIL.COM,"962273960",2007-01-16 00:00:00,"714320","4318301"
"POINT (770937 4301942)","791","2999",CENTROS DE DÍA DE PERSONAS MAYORES DEPENDIENTES,CENTRO DE DIA P.M.D. SANTA LLUCIA,"40",AJUNTAMENT DE DÉNIA,"ASSAGADOR SANTA LLÚCIA, 37",Entidad Local,"03063",Alacant/Alicante,la Marina Alta,Dénia,PERSONAS MAYORES,PERSONAS MAYORES,"41465",elopez@aito-denia.es,"966421108",2006-11-03 00:00:00,"770937","4301942"
"POINT (706771 4390232)","792","3001",RESIDENCIAS PARA PERSONAS MAYORES DEPENDIENTES,RESIDENCIA P.M.D. SAVIA LLIRIA,"124","CENTROS RESIDENCIALES SAVIA, SL","PARTIDA DEL CHERCOL, S/N",Entidad Privada,"46147",València/Valencia,el Camp de Túria,Llíria,PERSONAS MAYORES,PERSONAS MAYORES,"22796",tsimarro@saviacr.com,"962798529",2006-12-22 00:00:00,"706771","4390232"
"POINT (765817 4282299)","793","3008",RESIDENCIAS PARA PERSONAS MAYORES DEPENDIENTES,RESIDENCIA PARA PERSONAS MAYORES DEPENDIENTES LA SALETA CALP,"129",LA SALETA CARE SL,"URBANIZACION PLA ROIG, C/ 1 CON LA 4",Entidad Privada,"03047",Alacant/Alicante,la Marina Alta,Calp,PERSONAS MAYORES,PERSONAS MAYORES,"19591",calp@lasaleta.com,"965838855",2006-11-24 00:00:00,"765817","4282299"
"POINT (722115 4382654)","794","3010",CENTRO DE DÍA PARA PERSONAS CON DISCAPACIDAD O DIVERSIDAD FUNCIONAL,CENTRO DE DIA ANGEL RIVIERE,"20",FUNDACIÓN TEA DE LA CAMUNITAT VALENCIANA,"CAMINO VIEJO DE BETERA, 15",Entidad Privada,"46171",València/Valencia,l'Horta Nord,Montcada/Moncada,PERSONAS CON DISCAPACIDAD,PERSONAS CON DISCAPACIDAD,"21700",ASOCIACION@APNAV.ORG,"961390256",2007-01-16 00:00:00,"722115","4382654"
"POINT (721968 4377219)","795","3015",CENTRO OCUPACIONAL PARA PERSONAS CON DISCAPACIDAD O DIVERSIDAD FUNCIONAL,CENTRO OCUPACIONAL LOS SILOS,"40",ASOCIACION DE PROFESIONALESDEL CENTRO OCUPACIONAL LOS SILOS,"MICER DOMINGO MASCO, 22 BAJO",Entidad Privada,"46078",València/Valencia,l'Horta Nord,Burjassot,PERSONAS CON DISCAPACIDAD,PERSONAS CON DISCAPACIDAD,"37324",COLOSSILOS@GMAIL.COM,"963640353",2008-10-10 00:00:00,"721968","4377219"
"POINT (752471 4432206)","796","3017",RESIDENCIAS PARA PERSONAS MAYORES DEPENDIENTES,RESIDENCIA P.M.D. SAVIA CASTELLÓN,"170","CENTROS RESIDENCIALES SAVIA, SL","AVGDA. BENICÀSSIM, 35",Entidad Privada,"12040",Castelló/Castellón,la Plana Alta,Castelló de la Plana,PERSONAS MAYORES,PERSONAS MAYORES,"170990",gsospedra@saviacr.com,"964257285",2006-12-22 00:00:00,"752471","4432206"
"POINT (720882 4255472)","797","3018",CENTRO DE ATENCIÓN DIURNA PARA PERSONAS CON DISCAPACIDAD O DIVERSIDAD FUNCIONAL EN SITUACIÓN DE DEPENDENCIA,CENTRO DE DÍA PARA PERSONAS CON DISCAPACIDAD EN SITUCIÓN DE DEPENDENICA CASAVERDE MUTXAMEL,"30",ALBOAIRES S.A.,C/ PONENT  15-17,Entidad Privada,"03090",Alacant/Alicante,l'Alacantí,Mutxamel,PERSONAS CON DISCAPACIDAD,PERSONAS CON DISCAPACIDAD,"24487",RECEPCION.MUCHAMIEL.GRUPOCASAVERDE.COM,"965950711",2012-10-18 00:00:00,"720882","4255472"
"POINT (730497 4386628)","798","3022",RESIDENCIAS PARA PERSONAS MAYORES DEPENDIENTES,RESIDENCIA P.M.D. SAVIA EL PUIG,"140","CENTROS RESIDENCIALES SAVIA, SL","CARRET. EL PUIG - PUZOL CV 306 K 1,6",Entidad Privada,"46204",València/Valencia,l'Horta Nord,el Puig de Santa Maria,PERSONAS MAYORES,PERSONAS MAYORES,"8735",iortiz@saviacr.com,"960111000",2008-05-26 00:00:00,"730497","4386628"
"POINT (734805 4402156)","799","3023",RESIDENCIAS PARA PERSONAS MAYORES DEPENDIENTES,RESIDENCIA P.M.D. SAVIA QUARTELL,"147","CENTROS RESIDENCIALES SAVIA, SL","C/ DULA, 4",Entidad Privada,"46103",València/Valencia,el Camp de Morvedre,Quartell,PERSONAS MAYORES,PERSONAS MAYORES,"1538",ysanchis@saviacr.com,"962636531",2006-12-22 00:00:00,"734805","4402156"
"POINT (716423 4375483)","800","3024",RESIDENCIAS PARA PERSONAS MAYORES DEPENDIENTES,RESIDENCIA P.M.D. SAVIA MANISES,"124","CENTROS RESIDENCIALES SAVIA, SL","PARTIDA LA COVA, POLIGONO 5 PARCELA 71",Entidad Privada,"46159",València/Valencia,l'Horta Sud,Manises,PERSONAS MAYORES,PERSONAS MAYORES,"30704",rcarmona@saviacr.com,"961536309",2007-07-09 00:00:00,"716423","4375483"
"POINT (765779 4282334)","801","3027",CENTROS DE DÍA DE PERSONAS MAYORES DEPENDIENTES,CENTRO DE DÍA PARA PERSONAS MAYORES DEPENDIENTES LA SALETA CALP,"40",LA SALETA CARE SL,"URBANIZ. PLA ROIG, CALLES 1 CON LA 4",Entidad Privada,"03047",Alacant/Alicante,la Marina Alta,Calp,PERSONAS MAYORES,PERSONAS MAYORES,"19591",lasaletacalp@colisee.es,"965838855",2006-11-20 00:00:00,"765779","4282334"
"POINT (727390 4373434)","802","3032",CENTROS DE ATENCIÓN TEMPRANA (CAT),CENTRO  DE ATENCION TEMPRANA UNIVERSIDAD DE VALENCIA,"70",FUNDACIÓ GENERAL DE LA UNIVERSITAT DE VALENCIA,"GUARDIA  CIVIL, 22",Entidad Privada,"46250",València/Valencia,València,València,PERSONAS CON DISCAPACIDAD,PERSONAS CON DISCAPACIDAD,"790201",CUDAP@UV.ES,"963937999",2008-03-28 00:00:00,"727390","4373434"
"POINT (703711 4321376)","803","3036",RESIDENCIAS PARA PERSONAS MAYORES DEPENDIENTES,RESIDENCIA P.M.D. LA SALETA ANNA,"133",LA SALETA CARE SL,"C/ MEDICO D. RAFAEL SANZ SOLS, 1",Entidad Privada,"46039",València/Valencia,La Canal de Navarrés,Anna,PERSONAS MAYORES,PERSONAS MAYORES,"2678",tsanna@lasaleta.com,"962210221",2007-07-26 00:00:00,"703711","4321376"
"POINT (757931 4437056)","804","3046",RESIDENCIAS PARA PERSONAS MAYORES DEPENDIENTES,RESIDENCIA PARA PERSONAS MAYORES DEPENDIENTES OASIS PALACE S.L.,"150","OASIS PALACE, S.L.",Urb. la Parreta s/n,Entidad Privada,"12028",Castelló/Castellón,la Plana Alta,Benicàssim/Benicasim,PERSONAS MAYORES,PERSONAS MAYORES,"17957",info@residencialoasis.com,964398869 - 96439828,2007-07-06 00:00:00,"757931","4437056"
"POINT (724766 4373134)","805","3049",ALBERGUES,ALBERGUE DE LA ASOCIACION VALENCIANA DE LA CARIDAD,"63",ASOCIACION VALENCIANA DE CARIDAD,"PASEO DE LA PECHINA, 9",Entidad Privada,"46250",València/Valencia,València,València,POBLACIÓN EN GENERAL Y COLECTIVOS SOCIALMENTE DESFAVORECIDOS,POBLACIÓN EN GENERAL Y COLECTIVOS SOCIALMENTE DESFAVORECIDOS,"790201",guadalupef@casacaridad.com,"963911726",2007-07-18 00:00:00,"724766","4373134"
"POINT (752453 4451665)","806","3051",HOGARES Y CLUBS PARA PERSONAS MAYORES,CLUB DE CONVIVENCIA DE GENTE MAYOR L 'ALBA,"0",AJUNTAMENT DE VALL D'ALBA,"C/ ALCALDE DAMASO VIDAL, 6",Entidad Local,"12124",Castelló/Castellón,la Plana Alta,Vall d'Alba,PERSONAS MAYORES,PERSONAS MAYORES,"2809",zero@gva.es,"0",2012-01-10 00:00:00,"752453","4451665"
"POINT (748012 4431703)","807","3052",VIVIENDA SUPERVISADA PARA PERSONAS CON DISCAPACIDAD INTELECTUAL,VIVIENDA TUTELADA ESTEPAR,"7",ASOCIACION AFANIAS CASTELLÓN,"CUADRA PORTOLÉS, 1",Entidad Privada,"12040",Castelló/Castellón,la Plana Alta,Castelló de la Plana,PERSONAS CON DISCAPACIDAD,PERSONAS CON DISCAPACIDAD,"170990",FGIL@AFANIASCASTELLON.ORG,"964246887",2009-04-03 00:00:00,"748012","4431703"
"POINT (748012 4431703)","808","3053",VIVIENDA SUPERVISADA PARA PERSONAS CON DISCAPACIDAD INTELECTUAL,VIVIENDA TUTELADA  BOVALAR,"7",ASOCIACION AFANIAS CASTELLÓN,"CUADRA PORTOLÉS, 1",Entidad Privada,"12040",Castelló/Castellón,la Plana Alta,Castelló de la Plana,PERSONAS CON DISCAPACIDAD,PERSONAS CON DISCAPACIDAD,"170990",FGIL@AFANIASCASTELLON.ORG,"964246887",2009-04-03 00:00:00,"748012","4431703"
"POINT (747988 4431525)","809","3054",CENTRO DE DÍA PARA PERSONAS CON DISCAPACIDAD O DIVERSIDAD FUNCIONAL,CENTRO DE DIA AFANIAS CASTELLÓN,"40",ASOCIACION AFANIAS CASTELLÓN,"C/ CUADRA DE PORTOLÉS, 1 (PO-1)",Entidad Privada,"12040",Castelló/Castellón,la Plana Alta,Castelló de la Plana,PERSONAS CON DISCAPACIDAD,PERSONAS CON DISCAPACIDAD,"170990",FGIL@AFANIASCASTELLON.ORG,"964246887",2007-03-27 00:00:00,"747988","4431525"
"POINT (748009 4431515)","810","3055",RESIDENCIA DE PERSONAS CON DISCAPACIDAD O DIVERSIDAD FUNCIONAL,RESIDENCIA  AFANIAS CASTELLÓN,"36",ASOCIACION AFANIAS CASTELLÓN,"CUADRA DE PORTOLÉS, 1 (PO-1)",Entidad Privada,"12040",Castelló/Castellón,la Plana Alta,Castelló de la Plana,PERSONAS CON DISCAPACIDAD,PERSONAS CON DISCAPACIDAD,"170990",afanias@afaniascastellon.org,"964246887",2007-03-27 00:00:00,"748009","4431515"
"POINT (747962 4431541)","811","3056",CENTRO OCUPACIONAL PARA PERSONAS CON DISCAPACIDAD O DIVERSIDAD FUNCIONAL,"CENTRO OCUPACIONAL ""AFANÍAS""","40",ASOCIACION AFANIAS CASTELLÓN,"CUADRA DE PORTOLÉS, 1 (PO-1)",Entidad Privada,"12040",Castelló/Castellón,la Plana Alta,Castelló de la Plana,PERSONAS CON DISCAPACIDAD,PERSONAS CON DISCAPACIDAD,"170990",,"964246887",2007-03-27 00:00:00,"747962","4431541"
"POINT (696186 4220841)","812","3057",CENTROS SOCIALES,CENTRO SOCIAL DAYA NUEVA,"0",AYUNTAMIENTO DE DAYA NUEVA,"AVDA. CONSTITUCION, Nº 1",Entidad Local,"03061",Alacant/Alicante,el Baix Segura/La Vega Baja,Daya Nueva,POBLACIÓN EN GENERAL Y COLECTIVOS SOCIALMENTE DESFAVORECIDOS,POBLACIÓN EN GENERAL Y COLECTIVOS SOCIALMENTE DESFAVORECIDOS,"1750",zero@gva.es,"965700641",2009-02-23 00:00:00,"696186","4220841"
"POINT (708128 4387670)","813","3061",CENTROS SOCIALES,CENTRO SOCIAL Y PARA LA TERCERA EDAD DE BENISANO,"0",AJUNTAMENT DE BENISANO,"C/ LA PAU, 4",Entidad Local,"46067",València/Valencia,el Camp de Túria,Benissanó,POBLACIÓN EN GENERAL Y COLECTIVOS SOCIALMENTE DESFAVORECIDOS,POBLACIÓN EN GENERAL Y COLECTIVOS SOCIALMENTE DESFAVORECIDOS,"2226",BENISANO_INT@GVA.ES,"962780701",2014-02-04 00:00:00,"708128","4387670"
"POINT (700319 4236827)","814","3064",CENTROS DE ATENCIÓN TEMPRANA (CAT),CENTRO DE ESTIMULACIÓN PRECOZ ASPANIAS,"105",ASPANIAS A FAVOR DE PERSONAS CON DISCAPACIDAD,"C/ CAPITÁN ALFONSO VIVES, 125 AC",Entidad Privada,"03065",Alacant/Alicante,el Baix Vinalopó,Elx/Elche,PERSONAS CON DISCAPACIDAD,PERSONAS CON DISCAPACIDAD,"227659",ASPANIASCDIAT@GMAIL.COM,"966656318",2007-12-03 00:00:00,"700319","4236827"
"POINT (717042 4375186)","815","3068",CENTRO OCUPACIONAL PARA PERSONAS CON DISCAPACIDAD O DIVERSIDAD FUNCIONAL,CENTRO OCUPACIONAL FRANCISCO NAVARRO TARÍN,"40",AJUNTAMENT DE MANISES,"ELS ESPORTS, Nº 3",Entidad Local,"46159",València/Valencia,l'Horta Sud,Manises,PERSONAS CON DISCAPACIDAD,PERSONAS CON DISCAPACIDAD,"30704",,"963119021",2008-03-28 00:00:00,"717042","4375186"
"POINT (744239 4317823)","816","3069",CENTRO DE DÍA PARA PERSONAS CON DISCAPACIDAD O DIVERSIDAD FUNCIONAL,CENTRO DE DIA ASOCIACION DIVERSIDAD FÍSICA DE GANDÍA (ADF),"40",ASOCIACION DIVERSIDAD FÍSICA GANDIA,"C/ PERU, Nº 35",Entidad Privada,"46131",València/Valencia,la Safor,Gandia,PERSONAS CON DISCAPACIDAD,PERSONAS CON DISCAPACIDAD,"74814",diversidadfisicagandia@gmail.com,"962960863",2008-04-25 00:00:00,"744239","4317823"
"POINT (729947 4374808)","817","3072",CENTROS RESIDENCIALES PARA PERSONAS MAYORES,RESIDENCIA PARA PERSONAS MAYORES BALLESOL PATACONA,"180","INTERCENTROS BALLESOL, S.A.","C/ MAR MENOR, 1",Entidad Privada,"46013",València/Valencia,l'Horta Nord,Alboraia/Alboraya,PERSONAS MAYORES,PERSONAS MAYORES,"23837",DIRECCION.PATACONA@BALLESOL.ES,"963567712",2007-08-03 00:00:00,"729947","4374808"
"POINT (729947 4374808)","818","3073",CENTROS DE DÍA DE PERSONAS MAYORES DEPENDIENTES,CENTRO DE DÍA PARA PERSONAS MAYORES DEPENDIENTES BALLESOL PATACONA,"50","INTERCENTROS BALLESOL, S.A.","C/ MAR MENOR, 1",Entidad Privada,"46013",València/Valencia,l'Horta Nord,Alboraia/Alboraya,PERSONAS MAYORES,PERSONAS MAYORES,"23837",DIRECCION.PATACONA@BALLESOL.ES,"963567712",2007-08-03 00:00:00,"729947","4374808"
"POINT (714613 4318294)","819","3078",HOGARES Y CLUBS PARA PERSONAS MAYORES,HOGAR DEL JUBILADO DE XATIVA,"0",AJUNTAMENT DE XATIVA,"C/ ABU MASAIFA, Nº 9",Entidad Local,"46145",València/Valencia,la Costera,Xàtiva,PERSONAS MAYORES,PERSONAS MAYORES,"28973",zero@gva.es,"962289808",2007-04-30 00:00:00,"714613","4318294"
"POINT (664362 4372871)","820","3079",RESIDENCIAS PARA PERSONAS MAYORES DEPENDIENTES,RESIDENCIA P.M.D. SAVIA REQUENA,"154","CENTROS RESIDENCIALES SAVIA, SL","URB. CASA BLANCA, PARC. 15 Y 17",Entidad Privada,"46213",València/Valencia,La Plana de Utiel-Requena,Requena,PERSONAS MAYORES,PERSONAS MAYORES,"20510",jcasanova@saviacr.com,"962323350",2007-07-09 00:00:00,"664362","4372871"
"POINT (723475 4368272)","821","3081",RESIDENCIAS PARA PERSONAS MAYORES DEPENDIENTES,RESIDENCIA P.M.D. SAVIA PAIPORTA,"124","CENTROS RESIDENCIALES SAVIA, SL",POLG. PASCUALETA S/N CNO VIEJO PICASSENT,Entidad Privada,"46186",València/Valencia,l'Horta Sud,Paiporta,PERSONAS MAYORES,PERSONAS MAYORES,"25084",ccorduente@saviacr.com,"963978015",2008-04-01 00:00:00,"723475","4368272"
"POINT (723475 4368266)","822","3082",CENTROS DE DÍA DE PERSONAS MAYORES DEPENDIENTES,CENTRO DE DIA PARA PERSONAS MAYORES DEPENDIENTES SAVIA PAIPORTA,"16","CENTROS RESIDENCIALES SAVIA, SL","AVDA. PASCUALETA, 4",Entidad Privada,"46186",València/Valencia,l'Horta Sud,Paiporta,PERSONAS MAYORES,PERSONAS MAYORES,"25084",INFO@SAVIACR.COM,"963978015",2008-04-01 00:00:00,"723475","4368266"
"POINT (720658 4371298)","823","3083",RESIDENCIAS PARA PERSONAS MAYORES DEPENDIENTES,RESIDENCIA P.M.D. SAVIA XIRIVELLA,"154","CENTROS RESIDENCIALES SAVIA, SL",C/ MANUEL SANCHIS GUARNER S/N,Entidad Privada,"46110",València/Valencia,l'Horta Sud,Xirivella,PERSONAS MAYORES,PERSONAS MAYORES,"28771",svalles@saviacr.com,"900920228",2007-11-23 00:00:00,"720658","4371298"
"POINT (727118 4341840)","824","3085",RESIDENCIA DE PERSONAS CON DISCAPACIDAD O DIVERSIDAD FUNCIONAL,RESIDENCIA PADRE POVEDA,"23","ASPADIS, ASOCIACION DE PADRES DE DISMINUIDOS INTELECTUALES DEL INTERNADO PADRE POVEDA","C/ PINTOR SOROLLA, 2",Entidad Privada,"46197",València/Valencia,la Ribera Baixa,Polinyà de Xúquer,PERSONAS CON DISCAPACIDAD,PERSONAS CON DISCAPACIDAD,"2464",aspadis@telefonica.net,"962973232",,"727118","4341840"
"POINT (692421 4260782)","825","3086",VIVIENDA SUPERVISADA PARA PERSONAS CON DISCAPACIDAD INTELECTUAL,VIVIENDA TUTELADA SUPERVISADA ASPRODIS,"6",Asprodis,"C/ GONZÁLEZ BUENO, 6 -3ª IZDA",Entidad Privada,"03066",Alacant/Alicante,el Vinalopó Mitjà/El Vinalopó Medio,Elda,PERSONAS CON DISCAPACIDAD,PERSONAS CON DISCAPACIDAD,"52745",VIVIENDA@ASPRODIS.COM,"639389106",2009-04-16 00:00:00,"692421","4260782"
"POINT (668529 4330223)","826","3088",RESIDENCIAS PARA PERSONAS MAYORES DEPENDIENTES,RESIDENCIA P.M.D. CAROCHE,"30",AYUNTAMIENTO DE TERESA DE COFRENTES,PLAZA HISPANIDAD Nº 1,Entidad Local,"46239",València/Valencia,El Valle de Cofrentes-Ayora,Teresa de Cofrentes,PERSONAS MAYORES,PERSONAS MAYORES,"651",residenciacarochet@gmail.com,"961893388",2009-10-07 00:00:00,"668529","4330223"
"POINT (727575 4375757)","827","3090",CENTROS DE DÍA DE PERSONAS MAYORES DEPENDIENTES,CENTRO DE DIA P.M.D. SAN CRISTOBAL,"40",AJUNTAMENT D'ALBORAIA,C/REY D. JAIME  10-12,Entidad Local,"46013",València/Valencia,l'Horta Nord,Alboraia/Alboraya,PERSONAS MAYORES,PERSONAS MAYORES,"23837",dalboraya@lasaleta.com,"961869330",2008-07-28 00:00:00,"727575","4375757"
"POINT (768903 4449391)","828","3093",HOGARES Y CLUBS PARA PERSONAS MAYORES,CLUB DE CONVIVENCIA T.E. SANT PERE DE CABANES,"0",AJUNTAMENT DE CABANES,"C/ AMBULATORI, 3",Entidad Local,"12033",Castelló/Castellón,la Plana Alta,Cabanes,PERSONAS MAYORES,PERSONAS MAYORES,"2966",zero@gva.es,"964331001",2011-09-01 00:00:00,"768903","4449391"
"POINT (787992 4473812)","829","3094",RESIDENCIAS PARA PERSONAS MAYORES DEPENDIENTES,RESIDENCIA PARA PERSONAS MAYORES DEPENDIENTES BENEDICTO XIII,"50",RESIDENCIA BENEDICTO SL,AVD.DINAMARCA 2,Entidad Privada,"12089",Castelló/Castellón,el Baix Maestrat,Peníscola/Peñíscola,PERSONAS MAYORES,PERSONAS MAYORES,"7421",info@residenciabenedicto.com,"964481638",2010-05-18 00:00:00,"787992","4473812"
"POINT (694999 4386424)","830","3100",HOGARES Y CLUBS PARA PERSONAS MAYORES,HOGAR DEL JUBILADO DE PEDRALBA,"0",AYUNTAMIENTO DE PEDRALBA,"PADRE ISMAEL QUILES, 4",Entidad Local,"46191",València/Valencia,La Serranía,Pedralba,PERSONAS MAYORES,PERSONAS MAYORES,"2813",AYUNTAMIENTO@PEDRALBA.ES,"962707426",2009-03-12 00:00:00,"694999","4386424"
"POINT (726037 4379599)","831","3101",CENTROS DE DÍA DE PERSONAS MAYORES DEPENDIENTES,CENTRO DE DIA P.M.D. PERE BAS DE VINALESA,"60",FUNDACIÓN DE LA C.V. PEDRO BAS DE VINALESA,C/ L`ESGLESIA   Nº 14-16,Entidad Privada,"46260",València/Valencia,l'Horta Nord,Vinalesa,PERSONAS MAYORES,PERSONAS MAYORES,"3310",cdvinalesa@grupimedes.es,"961481277",2010-07-27 00:00:00,"726037","4379599"
"POINT (727571 4375768)","832","3103",CENTROS DE ATENCIÓN TEMPRANA (CAT),CENTRO DE ESTIMULACION PRECOZ L'HORTA NORD-ALBORAIA,"70",CONSORCIO COMARCAL DE SERVICIOS SOCIALES L'HORTA NORD,"REI EN JAUME, 10-12",Entidad Local,"46013",València/Valencia,l'Horta Nord,Alboraia/Alboraya,PERSONAS CON DISCAPACIDAD,PERSONAS CON DISCAPACIDAD,"23837",CDIATALBORAYA@YAHOO.ES,"961938976",2007-10-26 00:00:00,"727571","4375768"
"POINT (699737 4238819)","833","3107",VIVIENDA SUPERVISADA PARA PERSONAS CON ENFERMEDAD MENTAL CRÓNICA,VIVIENDA TUTELADA  Mª JOSÉ GISBERT,"4",ASOCIACION DE FAMILIARES Y PERSONAS CON ENFERMEDAD MENTAL GRAVE DE LA PROVINCIA DE ALICANTE - ASFEME,"AVDA. CORTES VALENCIANAS, 5 BAJO",Entidad Privada,"03065",Alacant/Alicante,el Baix Vinalopó,Elx/Elche,PERSONAS CON ENFERMEDAD MENTAL,PERSONAS CON ENFERMEDAD MENTAL,"227659",COORDINACIONVIVIENDAS@ASFEME.ORG,"664862503",2008-04-23 00:00:00,"699737","4238819"
"POINT (723501 4370247)","834","3108",CENTROS DE ATENCIÓN TEMPRANA (CAT),CENTRO DE ATENCION TEMPRANA PRADER WILLI,"45",PRADER WILLI L' AURORA COOPERATIVA VALENCIANA,"ARQUITECTO SEGURA DEL LAGO, 25, BAJO",Entidad Privada,"46250",València/Valencia,València,València,PERSONAS CON DISCAPACIDAD,PERSONAS CON DISCAPACIDAD,"790201",ATENCIONTEMPRANA@AVSPW.ORG,"963573371",2008-02-11 00:00:00,"723501","4370247"
"POINT (719307 4247088)","835","3109",RESIDENCIAS PARA PERSONAS MAYORES DEPENDIENTES,RESIDENCIA ALZHEIMER ALICANTE,"48",ASOCIACIÓN DE FAMILIARES Y AMIGOS DE ENFERMOS DE ALZHEIMER DE ALACANT,AVDA. DEPORTISTA MIRIAM BLASCO Nº 13,Entidad Privada,"03014",Alacant/Alicante,l'Alacantí,Alacant/Alicante,PERSONAS MAYORES,PERSONAS MAYORES,"330525",administracion@alzheimeralicante.org,"965263838",2007-11-28 00:00:00,"719307","4247088"
"POINT (722729 4296041)","836","3112",CENTROS DE DÍA DE PERSONAS MAYORES DEPENDIENTES,CENTRO DE DIA PARA PERSONAS MAYORES DEPENDIENTES BENICADELL,"30",ASSOCIACIÓ DE FAMILIARS DE MALALTS D'ALZHEIMER DE MURO I COMARCA,C/DUQUESSA ALMODOVAR -C/JOSEP BONO,Entidad Privada,"03092",Alacant/Alicante,el Comtat,Muro de Alcoy,PERSONAS MAYORES,PERSONAS MAYORES,"9307",CENTREDIA@AFAMURO.ORG,"965530923",2008-01-08 00:00:00,"722729","4296041"
"POINT (723597 4249898)","837","3113",RESIDENCIAS PARA PERSONAS MAYORES DEPENDIENTES,RESIDENCIA PARA PERSONAS MAYORES DEPENDIENTES BALLESOL  VIA PARQUE,"148","INTERCENTROS BALLESOL, S.A.",CALLE VIRGILIO Nº 17,Entidad Privada,"03014",Alacant/Alicante,l'Alacantí,Alacant/Alicante,PERSONAS MAYORES,PERSONAS MAYORES,"330525",RECEPCION.ALICANTE@BALLESOL.ES,"965156833",2008-04-04 00:00:00,"723597","4249898"
"POINT (744184 4316128)","838","3114",VIVIENDA SUPERVISADA PARA PERSONAS CON ENFERMEDAD MENTAL CRÓNICA,VIVIENDA TUTELADA ASAEM MUJERES,"5",ASAEM SALUD MENTAL,"C/ LITERATO AZORIN, 12, 7º, 13ª",Entidad Privada,"46131",València/Valencia,la Safor,Gandia,PERSONAS CON ENFERMEDAD MENTAL,PERSONAS CON ENFERMEDAD MENTAL,"74814",asaem.sm@gmail.com,"601168877",2009-09-16 00:00:00,"744184","4316128"
"POINT (750598 4430556)","839","3115",CENTROS DE ATENCIÓN TEMPRANA (CAT),CENTRO DE ATENCION TEMPRANA ASPROPACE,"35",FUNDACION ASPROPACE DE LA COMUNITAT VALENCIANA,CTRA. ALCORA KM 10,Entidad Privada,"12040",Castelló/Castellón,la Plana Alta,Castelló de la Plana,PERSONAS CON DISCAPACIDAD,PERSONAS CON DISCAPACIDAD,"170990",ATENCIONTEMPRANA@FUNDACIONASPROPACE.ORG,"964252573",2008-04-01 00:00:00,"750598","4430556"
"POINT (789168 4478163)","840","3118",RESIDENCIAS PARA PERSONAS MAYORES DEPENDIENTES,RESIDENCIA P.M.D. SAVIA BENICARLO,"154","CENTROS RESIDENCIALES SAVIA, SL","PARTIDA CERVELLONA, CAMI ARTOLA S/N",Entidad Privada,"12027",Castelló/Castellón,el Baix Maestrat,Benicarló,PERSONAS MAYORES,PERSONAS MAYORES,"26486",emanrique@saviacr.com,"964462895",2008-07-29 00:00:00,"789168","4478163"
"POINT (693330 4217468)","841","3122",CENTROS SOCIALES,CENTRO SOCIAL ALGORFA,"0",AJUNTAMENT DE ALGORFA,C/ MAYOR Nº 13,Entidad Local,"03012",Alacant/Alicante,el Baix Segura/La Vega Baja,Algorfa,POBLACIÓN EN GENERAL Y COLECTIVOS SOCIALMENTE DESFAVORECIDOS,POBLACIÓN EN GENERAL Y COLECTIVOS SOCIALMENTE DESFAVORECIDOS,"3222",zero@gva.es,"965700146",2008-02-08 00:00:00,"693330","4217468"
"POINT (734395 4427602)","842","3125",VIVIENDA SUPERVISADA PARA PERSONAS CON DISCAPACIDAD INTELECTUAL,"VIVIENDA TUTELADA ""LLIBERTAT""","6",ASOCIACION QUISQUEYA ONG DE ONDA,"AVDA. CATALUÑA, 43, 1º, C",Entidad Privada,"12084",Castelló/Castellón,la Plana Baixa,Onda,PERSONAS CON DISCAPACIDAD,PERSONAS CON DISCAPACIDAD,"24856",ATENCIONTEMPRANA@FUNDACIONASPROPACE.ORG,"964602816",2009-02-23 00:00:00,"734395","4427602"
"POINT (770225 4290981)","843","3134",RESIDENCIAS PARA PERSONAS MAYORES DEPENDIENTES,RESIDENCIA PARA PERSONAS MAYORES DEPENDIENTES  ANA Mª  ESPINOS LLOPIS,"134",AJUNTAMENT DE TEULADA,"CAMI CALVARI, S/N",Entidad Local,"03128",Alacant/Alicante,la Marina Alta,Teulada,PERSONAS MAYORES,PERSONAS MAYORES,"10654",ADMIN@RESIDENCIATEULADA.ES,"965741041",2008-03-05 00:00:00,"770225","4290981"
"POINT (770238 4290984)","844","3135",CENTROS DE DÍA DE PERSONAS MAYORES DEPENDIENTES,CENTRO DE DIA PARA PERSONAS MAYORES DEPENDIENTES ANA Mª  ESPINOS LLOPIS,"40",AJUNTAMENT DE TEULADA,"CAMI CALVARI, S/N",Entidad Local,"03128",Alacant/Alicante,la Marina Alta,Teulada,PERSONAS MAYORES,PERSONAS MAYORES,"10654",ADMIN@RESIDENCIATEULADA.ES,"965741041",2008-03-05 00:00:00,"770238","4290984"
"POINT (720881 4392970)","845","3136",RESIDENCIAS PARA PERSONAS MAYORES DEPENDIENTES,RESIDENCIA PARA PERSONAS MAYORES DEPENDIENTES MASIES DE SANT ISIDRE NAQUERA,"59","RESIDENCIAL MASIES DE SANT ISIDRE, S.L.","C/ ALQUIBLE, 6",Entidad Privada,"46178",València/Valencia,el Camp de Túria,Nàquera/Náquera,PERSONAS MAYORES,PERSONAS MAYORES,"6087",residenciamasies@hotmail.com,"961684129",2008-08-02 00:00:00,"720881","4392970"
"POINT (754277 4430579)","846","3143",CENTROS RESIDENCIALES PARA PERSONAS MAYORES,CENTRO RESIDENCIAL PARA PERSONAS MAYORES HOGAR VIRGEN DE LIDON,"98",HERMANITAS DE LOS ANCIANOS DESAMPARADOS  CURIA GENERAL,CAMINO CAMINAS CM-159-A,Entidad Privada,"12040",Castelló/Castellón,la Plana Alta,Castelló de la Plana,PERSONAS MAYORES,PERSONAS MAYORES,"170990",castellon@hermanitas.es,"964220057",2009-07-21 00:00:00,"754277","4430579"
"POINT (718613 4371743)","847","3145",CENTROS OCUPACIONALES PARA ENFERMOS MENTALES,CENTRO OCUPACIONAL TALLER DE CERAMICA,"20",ASOCIACION ALBERO ARTESANOS,LUIS VIVES 3-B,Entidad Privada,"46021",València/Valencia,l'Horta Sud,Aldaia,PERSONAS CON ENFERMEDAD MENTAL,PERSONAS CON ENFERMEDAD MENTAL,"31246",CORREO@ALBEROARTESANOS.ORG,"961503650",2009-08-04 00:00:00,"718613","4371743"
"POINT (699173 4330256)","848","3151",RESIDENCIAS PARA PERSONAS MAYORES DEPENDIENTES,RESIDENCIA P.M.D. GUMERSINDA MARTINEZ,"65",AYUNTAMIENTO DE NAVARRES,CALLE DE LA IGLESIA Nº 55,Entidad Local,"46179",València/Valencia,La Canal de Navarrés,Navarrés,PERSONAS MAYORES,PERSONAS MAYORES,"3056",recepcion@residencianavarres.es,"962266164",2008-05-28 00:00:00,"699173","4330256"
"POINT (719883 4285402)","849","3155",CENTROS DE DÍA DE PERSONAS MAYORES DEPENDIENTES,CENTRO DE DIA DE ALZHEIMER DE ALCOY,"40",ASOCIACION DE ALZHEIMER ALCOY,"CALLE ENCARO, 14",Entidad Privada,"03009",Alacant/Alicante,l'Alcoià,Alcoi/Alcoy,PERSONAS MAYORES,PERSONAS MAYORES,"59198",afaalcoydireccion@hotmail.com,"965545997",2008-06-03 00:00:00,"719883","4285402"
"POINT (714967 4318949)","850","3159",RESIDENCIAS PARA PERSONAS MAYORES DEPENDIENTES,RESIDENCIA P.M.D. SOLIMAR XÀTIVA,"120",GERIATRIC XATIVA SL,"AVENIDA LA RIBERA, Nº 2",Entidad Privada,"46145",València/Valencia,la Costera,Xàtiva,PERSONAS MAYORES,PERSONAS MAYORES,"28973",,"962287900",2008-07-23 00:00:00,"714967","4318949"
"POINT (703531 4206470)","851","3164",VIVIENDA SUPERVISADA PARA PERSONAS CON ENFERMEDAD MENTAL CRÓNICA,VIVIENDA SUPERVISADA PARA ENFERMOS MENTALES CASA ERAS DE LA SAL,"4",ADIEM SENTIT FUNDACIÓN DE LA COMUNITAT VALENCIANA,"C/ SAN EMIGDIO, 35 BAJO",Entidad Privada,"03133",Alacant/Alicante,el Baix Segura/La Vega Baja,Torrevieja,PERSONAS CON ENFERMEDAD MENTAL,PERSONAS CON ENFERMEDAD MENTAL,"84213",adiem@adiem.org,"966705294",2008-12-12 00:00:00,"703531","4206470"
"POINT (744170 4316234)","852","3169",CENTRO DE DÍA PARA PERSONAS CON DISCAPACIDAD O DIVERSIDAD FUNCIONAL,CENTRO DE DIA BRESSOL,"40",FUNDACIÓ ESPURNA DE LA C.V.,"PELLERS, 81",Entidad Privada,"46131",València/Valencia,la Safor,Gandia,PERSONAS CON DISCAPACIDAD,PERSONAS CON DISCAPACIDAD,"74814",ESPURNA@ESPURNA.ORG,"962965155",2009-02-23 00:00:00,"744170","4316234"
"POINT (744240 4316306)","853","3170",VIVIENDA SUPERVISADA PARA PERSONAS CON DISCAPACIDAD INTELECTUAL,VIVIENDA TUTELADA MIGJORN,"4",FUNDACIÓ ESPURNA DE LA C.V.,"PELLERS, 81-1º-2ª",Entidad Privada,"46131",València/Valencia,la Safor,Gandia,PERSONAS CON DISCAPACIDAD,PERSONAS CON DISCAPACIDAD,"74814",ESPURNA@ESPURNA.ORG,"96265155",2009-04-03 00:00:00,"744240","4316306"
"POINT (744240 4316306)","854","3171",VIVIENDA SUPERVISADA PARA PERSONAS CON DISCAPACIDAD INTELECTUAL,VIVIENDA TUTELADA GARBI,"4",FUNDACIÓ ESPURNA DE LA C.V.,"PELLERS, 81, 1º-1ª",Entidad Privada,"46131",València/Valencia,la Safor,Gandia,PERSONAS CON DISCAPACIDAD,PERSONAS CON DISCAPACIDAD,"74814",ESPURNA@ESPURNA.ORG,"962965155",2009-04-03 00:00:00,"744240","4316306"
"POINT (744240 4316306)","855","3172",VIVIENDA SUPERVISADA PARA PERSONAS CON DISCAPACIDAD INTELECTUAL,VIVIENDA TUTELADA PONENT,"4",FUNDACIÓ ESPURNA DE LA C.V.,"PELLERS, 81,2º-3ª",Entidad Privada,"46131",València/Valencia,la Safor,Gandia,PERSONAS CON DISCAPACIDAD,PERSONAS CON DISCAPACIDAD,"74814",ESPURNA@ESPURNA.ORG,"962965155",2009-04-03 00:00:00,"744240","4316306"
"POINT (744240 4316306)","856","3173",VIVIENDA SUPERVISADA PARA PERSONAS CON DISCAPACIDAD INTELECTUAL,VIVIENDA TUTELADA XALOC,"4",FUNDACIÓ ESPURNA DE LA C.V.,"PELLERS, 81, 2º-4ª",Entidad Privada,"46131",València/Valencia,la Safor,Gandia,PERSONAS CON DISCAPACIDAD,PERSONAS CON DISCAPACIDAD,"74814",ESPURNA@ESPURNA.ORG,"962965155",2009-04-03 00:00:00,"744240","4316306"
"POINT (744240 4316306)","857","3174",VIVIENDA SUPERVISADA PARA PERSONAS CON DISCAPACIDAD INTELECTUAL,VIVIENDA TUTELADA TRAMUNTANA,"4",FUNDACIÓ ESPURNA DE LA C.V.,"PELLERS, 81, 3º-5ª",Entidad Privada,"46131",València/Valencia,la Safor,Gandia,PERSONAS CON DISCAPACIDAD,PERSONAS CON DISCAPACIDAD,"74814",ESPURNA@ESPURNA.ORG,"96265155",2009-04-03 00:00:00,"744240","4316306"
"POINT (744240 4316306)","858","3175",VIVIENDA SUPERVISADA PARA PERSONAS CON DISCAPACIDAD INTELECTUAL,VIVIENDA TUTELADA GREGAL,"4",FUNDACIÓ ESPURNA DE LA C.V.,"PELLERS, 81, 3º-6ª",Entidad Privada,"46131",València/Valencia,la Safor,Gandia,PERSONAS CON DISCAPACIDAD,PERSONAS CON DISCAPACIDAD,"74814",ESPURNA@ESPURNA.ORG,"962965155",2009-04-03 00:00:00,"744240","4316306"
"POINT (744240 4316306)","859","3176",VIVIENDA SUPERVISADA PARA PERSONAS CON DISCAPACIDAD INTELECTUAL,VIVIENDA TUTELADA MESTRAL,"4",FUNDACIÓ ESPURNA DE LA C.V.,"PELLERS, 81, 4º-7ª",Entidad Privada,"46131",València/Valencia,la Safor,Gandia,PERSONAS CON DISCAPACIDAD,PERSONAS CON DISCAPACIDAD,"74814",ESPURNA@ESPURNA.ORG,"962965155",2009-04-03 00:00:00,"744240","4316306"
"POINT (744240 4316306)","860","3177",VIVIENDA SUPERVISADA PARA PERSONAS CON DISCAPACIDAD INTELECTUAL,VIVIENDA TUTELADA LLEVANT,"4",FUNDACIÓ ESPURNA DE LA C.V.,"PELLERS, 81, 4º-8ª",Entidad Privada,"46131",València/Valencia,la Safor,Gandia,PERSONAS CON DISCAPACIDAD,PERSONAS CON DISCAPACIDAD,"74814",ESPURNA@ESPURNA.ORG,"962965155",2009-04-03 00:00:00,"744240","4316306"
"POINT (686672 4277788)","861","3178",CENTROS DE ATENCIÓN TEMPRANA (CAT),CENTRO DE DESARROLLO INFANTIL Y ATENCIÓN TEMPRANA APADIS,"105",ASOC. PARA LA ATENCION DE LAS PERSONAS CON DISCAPACIDAD INTELECTUAL DE VILLENA Y COMARCA - APADIS,"AVDA. PACO ARÉVALO, 15",Entidad Privada,"03140",Alacant/Alicante,l’Alt Vinalopó/El Alto Vinalopó,Villena,PERSONAS CON DISCAPACIDAD,PERSONAS CON DISCAPACIDAD,"34163",ATENCIONTEMPRANA@APADIS.COM,"965802410",2009-05-25 00:00:00,"686672","4277788"
"POINT (720642 4332849)","862","3183",CENTROS DE DÍA DE PERSONAS MAYORES DEPENDIENTES,CENTRO DE DIA P.M.D. MARE DE DEU DE LA SALUT,"100",AJUNTAMENT DE CARCAIXENT,C/ GERARDO MORANTE POZUELO ESCULTOR  S/N,Entidad Local,"46083",València/Valencia,la Ribera Alta,Carcaixent,PERSONAS MAYORES,PERSONAS MAYORES,"20520",marededeudelasalut@massgrell.es,"962461463",2009-03-13 00:00:00,"720642","4332849"
"POINT (750794 4269775)","863","3185",CENTROS SOCIALES,CENTRO SOCIAL LA TORRETA,"0",AJUNTAMENT DE BENIDORM,C/ CIUDAD REAL Nº 6 (RINCON DE LOIX),Entidad Local,"03031",Alacant/Alicante,la Marina Baixa,Benidorm,POBLACIÓN EN GENERAL Y COLECTIVOS SOCIALMENTE DESFAVORECIDOS,POBLACIÓN EN GENERAL Y COLECTIVOS SOCIALMENTE DESFAVORECIDOS,"66642",zero@gva.es,"0",2009-01-08 00:00:00,"750794","4269775"
"POINT (718849 4285834)","864","3189",CENTROS DE DÍA DE PERSONAS MAYORES DEPENDIENTES,CENTRO DE DIA  PMD DOMUSVI ALCOY,"19","QUAVITAE SERVICIOS ASISTENCIALES, S.A.",CALLE OLIVER Nº 22,Entidad Privada,"03009",Alacant/Alicante,l'Alcoià,Alcoi/Alcoy,PERSONAS MAYORES,PERSONAS MAYORES,"59198",direccion.alcoi@domusvi.es,"965334684",2008-11-26 00:00:00,"718849","4285834"
"POINT (719590 4453535)","865","3190",RESIDENCIAS PARA PERSONAS MAYORES DEPENDIENTES,RESIDENCIA P.M.D. SAN ANTONIO ABAD VILLAHERMOSA DEL RIO,"81",AYUNTAMIENTO DE VILLAHERMOSA DEL RIO,CAMINO SAN ANTONIO S/N,Entidad Local,"12130",Castelló/Castellón,El Alto Mijares,Villahermosa del Río,PERSONAS MAYORES,PERSONAS MAYORES,"487",villahermosaresidencia@yahoo.es,"964382710",2009-03-26 00:00:00,"719590","4453535"
"POINT (721676 4375758)","866","3195",CENTROS DE ATENCIÓN TEMPRANA (CAT),CENTRO DE ATENCION TEMPRANA UCV,"70",ASOCIACION NO GUBERNAMENTAL PARA LA INVESTIGACION Y ATON. INTEGRAL DE PERSONAS CON DISCAPACIDAD UCV,"CAMI DEL POUET, S/N",Entidad Privada,"46250",València/Valencia,València,València,PERSONAS CON DISCAPACIDAD,PERSONAS CON DISCAPACIDAD,"790201",CEIYAT@UCV.ES,"963637412",2009-06-02 00:00:00,"721676","4375758"
"POINT (745519 4500486)","867","3199",CENTROS DE DÍA DE PERSONAS MAYORES DEPENDIENTES,CENTRO DE DIA P.M.D. DE MORELLA,"25",AJUNTAMENT DE MORELLA,"C/ TINT, 2",Entidad Local,"12080",Castelló/Castellón,els Ports,Morella,PERSONAS MAYORES,PERSONAS MAYORES,"2504",garamarin@gmail.com,"607500974",2009-07-08 00:00:00,"745519","4500486"
"POINT (752844 4429273)","868","3204",VIVIENDA SUPERVISADA PARA PERSONAS CON DISCAPACIDAD INTELECTUAL,VIVIENDA TUTELADA  L'AURO II ILUSION,"7",ASOCIACIÓN L'AURO,PASEO RIO NILO Nº 34-3º A,Entidad Privada,"12040",Castelló/Castellón,la Plana Alta,Castelló de la Plana,PERSONAS CON DISCAPACIDAD,PERSONAS CON DISCAPACIDAD,"170990",WACHAPINGA@YAHOO.ES,"669348225",2009-06-26 00:00:00,"752844","4429273"
"POINT (752844 4429273)","869","3205",VIVIENDA SUPERVISADA PARA PERSONAS CON DISCAPACIDAD INTELECTUAL,VIVIENDA TUTELADA  L' AURO I,"6",ASOCIACIÓN L'AURO,PASEO RIO NILO Nº 30 -5º A,Entidad Privada,"12040",Castelló/Castellón,la Plana Alta,Castelló de la Plana,PERSONAS CON DISCAPACIDAD,PERSONAS CON DISCAPACIDAD,"170990",WACHAPINGA@YAHOO.ES,"669348225",2009-06-26 00:00:00,"752844","4429273"
"POINT (709300 4380452)","870","3207",CENTROS DE DÍA DE PERSONAS MAYORES DEPENDIENTES,CENTRO DE DIA PARA PERSONAS MAYORES DEPENDIENTES DE RIBARROJA,"60",AJUNTAMENT DE RIBA-ROJA DE TURIA,C/ CISTERNA Nº 36,Entidad Local,"46214",València/Valencia,el Camp de Túria,Riba-roja de Túria,PERSONAS MAYORES,PERSONAS MAYORES,"21521",centrodiariba@hotmail.com,"678910047",2013-05-28 00:00:00,"709300","4380452"
"POINT (715975 4342141)","871","3210",CENTROS DE ATENCIÓN TEMPRANA (CAT),CENTRO DE ATENCION TEMPRANA SENAD,"70",SOCIEDAD ESPAÑOLA DE NIÑOS Y ADOLESCENTES CON DISCAPACIDADES (SENAD),"URB. ISMAEL TOMAS. C/ 3, Nº30",Entidad Privada,"46019",València/Valencia,la Ribera Alta,l'Alcúdia,PERSONAS CON DISCAPACIDAD,PERSONAS CON DISCAPACIDAD,"11820",DIRECCION.SENAD@GMAIL.COM,"962543323",2012-03-09 00:00:00,"715975","4342141"
"POINT (753563 4430192)","872","3211",VIVIENDA SUPERVISADA PARA PERSONAS CON ENFERMEDAD MENTAL CRÓNICA,VIVIENDA TUTELADA ULLOA,"4",CONSORCIO HOSPITALARIO PROVINCIAL DE CASTELLON,"C/ ULLOA, 10, 4º, C",Entidad Local,"12040",Castelló/Castellón,la Plana Alta,Castelló de la Plana,PERSONAS CON ENFERMEDAD MENTAL,PERSONAS CON ENFERMEDAD MENTAL,"170990",begona.fabra@hospitalprovincial.es,"670523431",2009-04-03 00:00:00,"753563","4430192"
"POINT (752097 4431112)","873","3212",VIVIENDA SUPERVISADA PARA PERSONAS CON ENFERMEDAD MENTAL CRÓNICA,VIVIENDA TUTELADA QUEVEDO,"4",CONSORCIO HOSPITALARIO PROVINCIAL DE CASTELLON,"AVDA. QUEVEDO, 15, 2º, A",Entidad Local,"12040",Castelló/Castellón,la Plana Alta,Castelló de la Plana,PERSONAS CON ENFERMEDAD MENTAL,PERSONAS CON ENFERMEDAD MENTAL,"170990",begona.fabra@hospitalprovincial.es,"670523431",2009-04-03 00:00:00,"752097","4431112"
"POINT (686453 4222363)","874","3213",RESIDENCIA DE PERSONAS CON DISCAPACIDAD O DIVERSIDAD FUNCIONAL,RESIDENCIA PARA DISCAPACITADOS PSIQUICOS DE CALLOSA DE SEGURA,"60","ASOCIACIÓN DOMUS, CUIDADO AL DEPENDIENTE Y ATENCIÓN AL MENOR","AVDA. VICTIMAS DEL TERRORISMO, 16",Entidad Privada,"03049",Alacant/Alicante,el Baix Segura/La Vega Baja,Callosa de Segura,PERSONAS CON DISCAPACIDAD,PERSONAS CON DISCAPACIDAD,"18497",domus.callosa@grupoelcastillo.com,"966758256",2009-05-29 00:00:00,"686453","4222363"
"POINT (686453 4222363)","875","3214",VIVIENDA ASISTIDA PARA PERSONAS CON DISCAPACIDAD INTELECTUAL,VIVIENDA TUTELADA PARA PERSONAS CON DISCAPACIDAD INTELECTUAL DE CALLOSA DE SEGURA,"7","ASOCIACIÓN DOMUS, CUIDADO AL DEPENDIENTE Y ATENCIÓN AL MENOR","AVDA. VICTIMAS DEL TERRORISMO, 16",Entidad Privada,"03049",Alacant/Alicante,el Baix Segura/La Vega Baja,Callosa de Segura,PERSONAS CON DISCAPACIDAD,PERSONAS CON DISCAPACIDAD,"18497",zero@gva.es,"966758256",2010-12-29 00:00:00,"686453","4222363"
"POINT (686453 4222363)","876","3215",CENTRO DE DÍA PARA PERSONAS CON DISCAPACIDAD O DIVERSIDAD FUNCIONAL,CENTRO DE DIA PARA DISCAPACITADOS PSIQUICOS DE CALLOSA DE SEGURA,"40","ASOCIACIÓN DOMUS, CUIDADO AL DEPENDIENTE Y ATENCIÓN AL MENOR","AVDA. VICTIMAS DEL TERRORISMO, 16",Entidad Privada,"03049",Alacant/Alicante,el Baix Segura/La Vega Baja,Callosa de Segura,PERSONAS CON DISCAPACIDAD,PERSONAS CON DISCAPACIDAD,"18497",DOMUS.CALLOSA@GRUPOELCASTILLO.COM,"966758256",2009-05-29 00:00:00,"686453","4222363"
"POINT (686453 4222363)","877","3216",CENTROS DE ATENCIÓN TEMPRANA (CAT),CENTRO DE ATENCIÓN TEMPRANA DE CALLOSA DEL SEGURA,"70","ASOCIACIÓN DOMUS, CUIDADO AL DEPENDIENTE Y ATENCIÓN AL MENOR","AVDA. VICTIMAS DEL TERRORISMO, 16",Entidad Privada,"03049",Alacant/Alicante,el Baix Segura/La Vega Baja,Callosa de Segura,PERSONAS CON DISCAPACIDAD,PERSONAS CON DISCAPACIDAD,"18497",DOMUS.CALLOSA@GRUPOELCASTILLO.COM,"966758256",2009-11-03 00:00:00,"686453","4222363"
"POINT (723250 4373360)","878","3218",RESIDENCIAS PARA PERSONAS MAYORES DEPENDIENTES,RESIDENCIA P.M.D. SAVIA CAMPANAR,"149","CENTROS RESIDENCIALES SAVIA, SL",C/ POETA RAFAEL ALBERTI Nº 5,Entidad Privada,"46250",València/Valencia,València,València,PERSONAS MAYORES,PERSONAS MAYORES,"790201",lgimeno@saviacr.com,"961107595",2009-05-05 00:00:00,"723250","4373360"
"POINT (737504 4410259)","879","3219",VIVIENDA SUPERVISADA PARA PERSONAS CON DISCAPACIDAD INTELECTUAL,VIVIENDA TUTELADA HERMANAS MISIONERAS DE CRISTO,"7",HERMANAS MISIONERAS DE CRISTO,"CTRA. DE CHILCHES, 2",Entidad Privada,"12126",Castelló/Castellón,la Plana Baixa,la Vall d'Uixó,PERSONAS CON DISCAPACIDAD,PERSONAS CON DISCAPACIDAD,"31819",zero@gva.es,"964690098",2009-03-12 00:00:00,"737504","4410259"
"POINT (744213 4317664)","880","3220",VIVIENDA SUPERVISADA PARA PERSONAS CON ENFERMEDAD MENTAL CRÓNICA,VIVIENDA TUTELADA ASAEM HOMBRES,"4",ASAEM SALUD MENTAL,"GABRIEL MIRÓ, 44, 7º, PTA 27",Entidad Privada,"46131",València/Valencia,la Safor,Gandia,PERSONAS CON ENFERMEDAD MENTAL,PERSONAS CON ENFERMEDAD MENTAL,"74814",asaem.sm@gmail.com,"601168877",2009-03-26 00:00:00,"744213","4317664"
"POINT (728786 4372631)","881","3221",RESIDENCIA DE PERSONAS CON DISCAPACIDAD O DIVERSIDAD FUNCIONAL,RESIDENCIA AVAPACE TARONGERS,"30","AVAPACE, ASOCIACION VALENCIANA DE AYUDA A LA PARALISIS CEREBRAL","PL. JOSE MARIA ORENSE, 6",Entidad Privada,"46250",València/Valencia,València,València,PERSONAS CON DISCAPACIDAD,PERSONAS CON DISCAPACIDAD,"790201",administracion@avapace.org/contabilidad@avapace.org,"963604110",2009-08-05 00:00:00,"728786","4372631"
"POINT (730907 4336300)","882","3223",HOGARES Y CLUBS PARA PERSONAS MAYORES,CLUB DE CONVIVENCIA PARA PERSONAS MAYORES DE LLAURÍ,"0",AJUNTAMENT DE LLAURI,AVINGUDA PAIS VALENCIA Nº 1,Entidad Local,"46155",València/Valencia,la Ribera Baixa,Llaurí,PERSONAS MAYORES,PERSONAS MAYORES,"1212",zero@gva.es,"962560468",2018-06-05 00:00:00,"730907","4336300"
"POINT (748073 4315301)","883","3225",CENTROS SOCIALES,CENTRO SOCIAL EL MOLI,"0",AJUNTAMENT DE MIRAMAR,"AVDA. DEL MAR, 26",Entidad Local,"46168",València/Valencia,la Safor,Miramar,POBLACIÓN EN GENERAL Y COLECTIVOS SOCIALMENTE DESFAVORECIDOS,POBLACIÓN EN GENERAL Y COLECTIVOS SOCIALMENTE DESFAVORECIDOS,"2609",BENESTAR-SOCIAL@AJUMIRAMAR.ORG,"962819101",2010-03-05 00:00:00,"748073","4315301"
"POINT (723200 4371692)","884","3226",VIVIENDA SUPERVISADA PARA PERSONAS CON DISCAPACIDAD FÍSICA PARA LA PROMOCIÓN DE LA AUTONOMÍA Y EL FOMENTO DEL APRENDIZAJE DE LAS ACTIVIDADES DE LA VIDA DIARIA,VIVIENDA TUTELADA EL FARO II,"5",COMITE CIUDADANO ANTI-SIDA DE LA C.V.,"AVD. TRES CRUCES, 41-2º-7ª",Entidad Privada,"46250",València/Valencia,València,València,PERSONAS CON DISCAPACIDAD,PERSONAS CON DISCAPACIDAD,"790201",VIVIENDASUPERVISADA@COMITEANTISIDAVALENC,"963132451",2011-02-10 00:00:00,"723200","4371692"
"POINT (707811 4299992)","885","3227",VIVIENDA SUPERVISADA PARA PERSONAS CON DISCAPACIDAD INTELECTUAL,VIVIENDA TUTELADA TREVOL I GOMIS,"7",MANCOMUNITAT DE MUNICIPIS DE LA VALL D'ALBAIDA,"JOSEP MELCIOR GOMIS, 12-11ª",Entidad Local,"46184",València/Valencia,la Vall d'Albaida,Ontinyent,PERSONAS CON DISCAPACIDAD,PERSONAS CON DISCAPACIDAD,"35534",TREVOL@MANCOVALL.COM,"962910914",2010-09-16 00:00:00,"707811","4299992"
"POINT (728786 4372631)","886","3229",CENTRO DE DÍA PARA PERSONAS CON DISCAPACIDAD O DIVERSIDAD FUNCIONAL,CENTRO DE DIA AVAPACE BALADRE,"33","AVAPACE, ASOCIACION VALENCIANA DE AYUDA A LA PARALISIS CEREBRAL","PLAZA JOSE Mª ORENSE, 6",Entidad Privada,"46250",València/Valencia,València,València,PERSONAS CON DISCAPACIDAD,PERSONAS CON DISCAPACIDAD,"790201",ADMINISTRACION@AVAPACE.ORG,"963604110",2009-08-05 00:00:00,"728786","4372631"
"POINT (728875 4372624)","887","3231",CENTROS DE ATENCIÓN TEMPRANA (CAT),CAT  AVAPACE XICOTETS,"70","AVAPACE, ASOCIACION VALENCIANA DE AYUDA A LA PARALISIS CEREBRAL","PLAZA JOSE Mª ORENSE, 6",Entidad Privada,"46250",València/Valencia,València,València,PERSONAS CON DISCAPACIDAD,PERSONAS CON DISCAPACIDAD,"790201",ADMINISTRACION@AVAPACE.ORG,"963611263",2009-09-15 00:00:00,"728875","4372624"
"POINT (740871 4312132)","888","3232",ALBERGUES,ALBERGUE HOGAR SAN FRANCISCO DE ASIS,"36",CENTRO DE ACOGIDA SAN FRANCISCO DE ASIS,"PLA DE VERNISA, 69",Entidad Privada,"46187",València/Valencia,la Safor,Palma de Gandía,POBLACIÓN EN GENERAL Y COLECTIVOS SOCIALMENTE DESFAVORECIDOS,POBLACIÓN EN GENERAL Y COLECTIVOS SOCIALMENTE DESFAVORECIDOS,"1561",franciscanostorgandia@hotmail.com,"962808923",2009-07-20 00:00:00,"740871","4312132"
"POINT (697021 4200626)","889","3236",RESIDENCIAS PARA PERSONAS MAYORES DEPENDIENTES,RESIDENCIA PARA PERSONAS MAYORES DEPENDIENTES SAVIA ORIHUELA,"150","CENTROS RESIDENCIALES SAVIA, SL",C/ CANAL DEL PANAMA Nº 1 A 15,Entidad Privada,"03099",Alacant/Alicante,el Baix Segura/La Vega Baja,Orihuela,PERSONAS MAYORES,PERSONAS MAYORES,"80359",receporihuela@saviacr.com,"966764986",2009-07-03 00:00:00,"697021","4200626"
"POINT (723830 4371422)","890","3239",CENTROS DE DÍA DE PERSONAS MAYORES DEPENDIENTES,CENTRO DE DIA P.M.D. ALBORS,"50",FUNDACION COMUNIDAD VALENCIANA FORTUNY I ALBORS,"C/ JOSE MARIA MORTES LERMA Nº 12, BAJO",Entidad Privada,"46250",València/Valencia,València,València,PERSONAS MAYORES,PERSONAS MAYORES,"790201",INFO@FORTUNY-ALBORS.ORG,"962061600",2010-06-08 00:00:00,"723830","4371422"
"POINT (774515 4297982)","891","3243",CENTROS DE DÍA DE PERSONAS MAYORES DEPENDIENTES,CENTRO DE DIA P.M.D. COMUNIDAD SANTA MARIA DE BETANIA DE JAVEA,"50",COMUNIDAD SANTA MARIA DE BETANIA DE JAVEA,PLAZA DEL CONVENTO Nº 8,Entidad Privada,"03082",Alacant/Alicante,la Marina Alta,Xàbia/Jávea,PERSONAS MAYORES,PERSONAS MAYORES,"27225",martaymariabetania@gmail.com,"965791367",2009-12-10 00:00:00,"774515","4297982"
"POINT (723405 4352844)","892","3249",RESIDENCIAS PARA PERSONAS MAYORES DEPENDIENTES,"RESIDENCIA P.M.D. ""LA VILA""","83",AJUNTAMENT D'ALMUSSAFES,C/ EL ROMANI Nº 10,Entidad Local,"46035",València/Valencia,la Ribera Baixa,Almussafes,PERSONAS MAYORES,PERSONAS MAYORES,"8869",direccion@residenciaalmussafes.com,"960619464",2009-11-13 00:00:00,"723405","4352844"
"POINT (710565 4327140)","893","3250",HOGARES Y CLUBS PARA PERSONAS MAYORES,"CLUB DE CONVIVENCIA DE PERSONAS MAYORES "" TEMPLET PER ALS MAJORS ""","0",AJUNTAMENT DE CARCER,PASSEIG AUSIAS MARCH,Entidad Local,"46084",València/Valencia,la Ribera Alta,Càrcer,PERSONAS MAYORES,PERSONAS MAYORES,"1949",ADMINISTRACIÓN@CACER.NET,"962580016",2009-07-03 00:00:00,"710565","4327140"
"POINT (752385 4269972)","894","3252",CENTROS DE ATENCIÓN TEMPRANA (CAT),"CENTRO ATENCION TEMPRANA ""LA TORRETA""","46",AJUNTAMENT DE BENIDORM,AVDA. DE CIUDAD REAL    Nº  6,Entidad Local,"03031",Alacant/Alicante,la Marina Baixa,Benidorm,PERSONAS CON DISCAPACIDAD,PERSONAS CON DISCAPACIDAD,"66642",LESCRIVA@BENIDORM.ORG,"966803033",2010-10-05 00:00:00,"752385","4269972"
"POINT (720969 4313722)","895","3253",CENTROS DE DÍA DE PERSONAS MAYORES DEPENDIENTES,CENTRO DE DIA P.M.D. SOR MARTINA MUÑOZ,"85",AJUNTAMENT DE BENIGANIM,AVENIDA DE L'ORTISA Nº 29,Entidad Local,"46062",València/Valencia,la Vall d'Albaida,Benigànim,PERSONAS MAYORES,PERSONAS MAYORES,"5912",ramonbolu@gmail.com,"0",2009-09-04 00:00:00,"720969","4313722"
"POINT (738182 4440442)","896","3254",HOGARES Y CLUBS PARA PERSONAS MAYORES,"CLUB DE CONVIVENCIA DE PERSONAS MAYORES ""PISTA JARDIN""","0",AJUNTAMENT DE L'ALCORA,"C/ PAIS VALENCIÀ, 43",Entidad Local,"12005",Castelló/Castellón,l'Alcalatén,l'Alcora,PERSONAS MAYORES,PERSONAS MAYORES,"10535",zero@gva.es,"964362097",2010-05-13 00:00:00,"738182","4440442"
"POINT (694100 4220169)","897","3255",CENTRO OCUPACIONAL PARA PERSONAS CON DISCAPACIDAD O DIVERSIDAD FUNCIONAL,CENTRO OCUPACIONAL ADA,"60",ASOCIACIÓN ADA (ASOCIACIÓN DE PERSONAS CON DISCAPACIDAD ALMORADI),"C/ MENENDEZ PIDAL, S/N",Entidad Privada,"03015",Alacant/Alicante,el Baix Segura/La Vega Baja,Almoradí,PERSONAS CON DISCAPACIDAD,PERSONAS CON DISCAPACIDAD,"20138",CENTRO.ADA.ALMORADI@GMAIL.COM,"965700202",2009-09-11 00:00:00,"694100","4220169"
"POINT (737270 4338480)","898","3256",RESIDENCIAS PARA PERSONAS MAYORES DEPENDIENTES,RESIDENCIA  P. M. D. CENTRO RESIDENCIAL GERONTOLOGICO CAP BLANC,"98",RAMECO S.L.,"C/ PARE QUINTO Nº 17, URB. CAP BLANC",Entidad Privada,"46105",València/Valencia,la Ribera Baixa,Cullera,PERSONAS MAYORES,PERSONAS MAYORES,"22139",INFO@RESIDENCIACAPBLANC.COM,"961746666",2009-09-17 00:00:00,"737270","4338480"
"POINT (692708 4260870)","899","3257",CENTROS DE ATENCIÓN TEMPRANA (CAT),CENTRO DE DESARROLLO INFANTIL Y ATENCION TEMPRANA APANAH-HELIX,"60",ASOCIACION PROVINCIAL DE PERSONAS CON DISCAPACIDAD AUDITIVA Y SUS FAMILIAS - APANAH,"AVDA REINA VICTORIA, 3",Entidad Privada,"03066",Alacant/Alicante,el Vinalopó Mitjà/El Vinalopó Medio,Elda,PERSONAS CON DISCAPACIDAD,PERSONAS CON DISCAPACIDAD,"52745",APANAHCDIAT@YAHOO.ES,"966982249",2009-10-02 00:00:00,"692708","4260870"
"POINT (723132 4375866)","900","3258",CENTROS RESIDENCIALES PARA PERSONAS MAYORES,RESIDENCIA P.M.D. SAN JOSE,"0",INSTITUTO DE RELIGIOSAS DE SAN JOSE DE GERONA COMUNIDAD SAN JOSE,C/ VALENCIA Nº 34,Entidad Privada,"46078",València/Valencia,l'Horta Nord,Burjassot,PERSONAS MAYORES,PERSONAS MAYORES,"37324",direccion.sanjose@irsjg.org,"963645802",2010-03-01 00:00:00,"723132","4375866"
"POINT (710162 4384997)","901","3259",CENTROS DE ATENCIÓN TEMPRANA (CAT),CENTRE D'ATENCIÓ PRIMERENCA CRÉIXER,"50",AJUNTAMENT DE LA POBLA DE VALLBONA,"BLASCO IBAÑEZ, 29",Entidad Local,"46202",València/Valencia,el Camp de Túria,la Pobla de Vallbona,PERSONAS CON DISCAPACIDAD,PERSONAS CON DISCAPACIDAD,"23403",SSOCIALES@LAPOBLADEVALLBONA.ES,"961662906",2012-03-27 00:00:00,"710162","4384997"
"POINT (699172 4330252)","902","3260",CENTROS DE DÍA DE PERSONAS MAYORES DEPENDIENTES,CENTRO DE DIA  PARA PERSONAS MAYORES DEPENDIENTES GUMERSINDA MARTINEZ,"19",AYUNTAMIENTO DE NAVARRES,CALLE LA IGLESIA Nº 55,Entidad Local,"46179",València/Valencia,La Canal de Navarrés,Navarrés,PERSONAS MAYORES,PERSONAS MAYORES,"3056",direccion@residencianavarres.es,"962266164",2009-10-20 00:00:00,"699172","4330252"
"POINT (718416 4248893)","903","3261",TALLER PRELABORAL DE INSERCIÓN SOCIAL,SURCO - CENTRO DE INSERCION SOCIOLABORAL,"0",OBRA SOCIAL SANTA LUISA DE MARILLAC,C/ TORREVIEJA Nº 8,Entidad Privada,"03014",Alacant/Alicante,l'Alacantí,Alacant/Alicante,POBLACIÓN EN GENERAL Y COLECTIVOS SOCIALMENTE DESFAVORECIDOS,POBLACIÓN EN GENERAL Y COLECTIVOS SOCIALMENTE DESFAVORECIDOS,"330525",sedealicante@hijascaridadee.org,"965170517",2010-01-20 00:00:00,"718416","4248893"
"POINT (754357 4430079)","904","3263",RESIDENCIAS PARA PERSONAS MAYORES DEPENDIENTES,RESIDENCIA PARA PERSONAS MAYORES DEPENDIENTES AZAHAR DEL MEDITERRANEO,"120",RESIDENCIAL AZAHAR DEL MEDITERRANEO SLU,"C/ SANT JOAN DE MORO, 3",Entidad Privada,"12040",Castelló/Castellón,la Plana Alta,Castelló de la Plana,PERSONAS MAYORES,PERSONAS MAYORES,"170990",direccion@azahardelmediterraneo.com,"964724934",2010-07-27 00:00:00,"754357","4430079"
"POINT (709603 4386921)","905","3264",VIVIENDA SUPERVISADA PARA PERSONAS CON ENFERMEDAD MENTAL CRÓNICA,VIVIENDA TUTELADA VIURE,"7",VIVIENDA TUTELADA VIURE S.L.,"AVDA. PRINCIPAL, 39 URB. MONTECOLORADO",Entidad Privada,"46202",València/Valencia,el Camp de Túria,la Pobla de Vallbona,PERSONAS CON ENFERMEDAD MENTAL,PERSONAS CON ENFERMEDAD MENTAL,"23403",VIVIENDATUTELADAVIURE@GMAIL.COM,"962764928",2010-03-10 00:00:00,"709603","4386921"
"POINT (723447 4352836)","906","3266",CENTROS DE DÍA DE PERSONAS MAYORES DEPENDIENTES,"CENTRO DE DIA P.M.D. ""LA VILA ""","15",AJUNTAMENT D'ALMUSSAFES,C/ EL ROMANI Nº 10,Entidad Local,"46035",València/Valencia,la Ribera Baixa,Almussafes,PERSONAS MAYORES,PERSONAS MAYORES,"8869",direccion@residenciaalmussafes.com,"960619464",2009-11-13 00:00:00,"723447","4352836"
"POINT (727207 4374236)","907","3267",CENTRO DE ATENCIÓN DIURNA PARA PERSONAS CON DISCAPACIDAD O DIVERSIDAD FUNCIONAL EN SITUACIÓN DE DEPENDENCIA,CENTRO DE DIA PARA PERSONAS CON DAÑO CEREBRAL ADQUIRIDO (DCA) BENIMACLET,"30",ASOCIACIÓN DAÑO CEREBRAL DE VALENCIA,"C/GRESES 21, BAJO",Entidad Privada,"46250",València/Valencia,València,València,PERSONAS CON DISCAPACIDAD,PERSONAS CON DISCAPACIDAD,"790201",,"963612016",2015-07-27 00:00:00,"727207","4374236"
"POINT (711795 4382407)","908","3272",CENTROS DE DÍA DE PERSONAS MAYORES DEPENDIENTES,CENTRO DE DÍA  PARA PERSONAS MAYORES DEPENDIENTES MONTCALET,"48",ENSEMBLE CALET S.L.,C/ ROSALES Nº 10,Entidad Privada,"46116",València/Valencia,el Camp de Túria,l'Eliana,PERSONAS MAYORES,PERSONAS MAYORES,"17591",CENTRODIA@MONTCALET.COM,"962752038",2010-01-13 00:00:00,"711795","4382407"
"POINT (733753 4427372)","909","3273",CENTROS DE DÍA DE PERSONAS MAYORES DEPENDIENTES,CENTRO DE DIA ASOCIACIÓN FAMILIARES DE ENFERMOS DE ALZHEIMER DE ONDA,"30",ASOCIACION DE FAMILIARES DE PERSONAS CON LA ENFERMEDAD DE ALZHEIMER Y OTRAS DEMENCIAS DE CASTELLON,"URB.NUEVA ONDA - C/ LISBOA, S/N",Entidad Privada,"12084",Castelló/Castellón,la Plana Baixa,Onda,PERSONAS MAYORES,PERSONAS MAYORES,"24856",zero@gva.es,"964242080",2010-09-08 00:00:00,"733753","4427372"
"POINT (790720 4479164)","910","3275",CENTROS DE DÍA DE PERSONAS MAYORES DEPENDIENTES,"CENTRO DE DIA P.M.D. ""9 D'OCTUBRE""","16",ORGANISMO AUTONOMO DE CENTROS SOCIALES ESPECIALIZADOS DE BENICARLÓ,"C/ NOU D'OCTUBRE, 25",Entidad Privada,"12027",Castelló/Castellón,el Baix Maestrat,Benicarló,PERSONAS MAYORES,PERSONAS MAYORES,"26486",benicarlooacse@oacse.org,"964462270",2011-06-14 00:00:00,"790720","4479164"
"POINT (746686 4267729)","911","3278",RESIDENCIAS PARA PERSONAS MAYORES DEPENDIENTES,RESIDENCIA PARA PERSONAS MAYORES DEPENDIENTES BALLESOL COSTA BLANCA,"185","INTERCENTROS BALLESOL, S.A.",CALLE TRAMONTANA Nº 2,Entidad Privada,"03139",Alacant/Alicante,la Marina Baixa,la Vila Joiosa/Villajoyosa,PERSONAS MAYORES,PERSONAS MAYORES,"33580",recepcion.lacal@ballesol.es,"965857671",2010-03-22 00:00:00,"746686","4267729"
"POINT (723132 4375866)","912","3279",CENTROS DE DÍA DE PERSONAS MAYORES DEPENDIENTES,CENTRO DE DIA P.M.D. SAN JOSE,"20",INSTITUTO DE RELIGIOSAS DE SAN JOSE DE GERONA COMUNIDAD SAN JOSE,C/ VALENCIA Nº 34,Entidad Privada,"46078",València/Valencia,l'Horta Nord,Burjassot,PERSONAS MAYORES,PERSONAS MAYORES,"37324",,"963645802",2010-03-01 00:00:00,"723132","4375866"
"POINT (753279 4429618)","913","3282",CENTROS DE DÍA DE PERSONAS MAYORES DEPENDIENTES,CENTRO DE DIA P.M.D. CRUZ ROJA,"100",CRUZ ROJA ESPAÑOLA,CAMINO SAN JOSE 10,Entidad Privada,"12040",Castelló/Castellón,la Plana Alta,Castelló de la Plana,PERSONAS MAYORES,PERSONAS MAYORES,"170990",castellon@cruzroja.es,"964724850",2010-07-15 00:00:00,"753279","4429618"
"POINT (729229 4367036)","914","3283",CENTROS DE DÍA DE PERSONAS MAYORES DEPENDIENTES,CENTRO DE DIA  PMD LAPEÑA,"20","SERVICIOS DE MEDICINA Y ENFERMERIA LAPEÑA, S.L.",C/ PORTADORS DE LA VERGE S/N (PINEDO),Entidad Privada,"46250",València/Valencia,València,València,PERSONAS MAYORES,PERSONAS MAYORES,"790201",zero@gva.es,"963249010",2011-07-25 00:00:00,"729229","4367036"
"POINT (708011 4300233)","915","3285",CENTROS DE ATENCIÓN TEMPRANA (CAT),CENTRE D'ATENCIO TEMPRANA TREVOL,"70",MANCOMUNITAT DE MUNICIPIS DE LA VALL D'ALBAIDA,AVDA. SANT FRANCESC NÚM. 8,Entidad Local,"46184",València/Valencia,la Vall d'Albaida,Ontinyent,PERSONAS CON DISCAPACIDAD,PERSONAS CON DISCAPACIDAD,"35534",zero@gva.es,"962911532",2018-11-23 00:00:00,"708011","4300233"
"POINT (748020 4431719)","916","3286",CENTRO OCUPACIONAL PARA PERSONAS CON DISCAPACIDAD O DIVERSIDAD FUNCIONAL,CENTRO OCUPACIONAL AFANIAS CASTELLON,"80",ASOCIACION AFANIAS CASTELLÓN,PARTIDA BOVALAR S/N,Entidad Privada,"12040",Castelló/Castellón,la Plana Alta,Castelló de la Plana,PERSONAS CON DISCAPACIDAD,PERSONAS CON DISCAPACIDAD,"170990",zero@gva.es,"0",2010-10-05 00:00:00,"748020","4431719"
"POINT (758967 4449490)","917","3288",HOGARES Y CLUBS PARA PERSONAS MAYORES,CLUB DE CONVIVENCIA L'ARC ROMA,"0",AJUNTAMENT DE CABANES,"AV. SARAGOSSA, S/N",Entidad Local,"12033",Castelló/Castellón,la Plana Alta,Cabanes,PERSONAS MAYORES,PERSONAS MAYORES,"2966",zero@gva.es,"0",2011-09-06 00:00:00,"758967","4449490"
"POINT (719914 4375302)","918","3289",CENTROS DE DÍA DE PERSONAS MAYORES DEPENDIENTES,CENTRO DE DIA PARA PERSONAS MAYORES DEPENDIENTES EL MOLI,"96",S.M.M.CENTROS DE DIA S.L.,"AVENIDA DEL TESTAR, 4 BAJO",Entidad Privada,"46190",València/Valencia,l'Horta Nord,Paterna,PERSONAS MAYORES,PERSONAS MAYORES,"67854",INFO@CENTREDEDIAELMOLI.COM,"961821880",2010-06-25 00:00:00,"719914","4375302"
"POINT (707611 4424785)","919","3291",CENTROS INTEGRALES DE MAYORES (CIMS) DE TITULARIDAD DE AYUNTAMIENTOS,CENTRO INTEGRAL DE MAYORES DE CAUDIEL,"0",AYUNTAMIENTO DE CAUDIEL,"CALLE SOLEDAD, 1",Entidad Local,"12043",Castelló/Castellón,El Alto Palancia,Caudiel,PERSONAS MAYORES,PERSONAS MAYORES,"673",zero@gva.es,"0",2011-03-08 00:00:00,"707611","4424785"
"POINT (706139 4218218)","920","3292",RESIDENCIAS PARA PERSONAS MAYORES DEPENDIENTES,RESIDENCIA P.M.D. CASAVERDE GUARDAMAR DEL SEGURA,"133","INSTITUTO GERIATRICO MEDITERRANEO, S.L.",C/ PIO BAROJA CON C/ RAFAEL ALBERTI,Entidad Privada,"03076",Alacant/Alicante,el Baix Segura/La Vega Baja,Guardamar del Segura,PERSONAS MAYORES,PERSONAS MAYORES,"15386",direccion.guardamar@grupocasaverde.com,"966726872",2010-06-24 00:00:00,"706139","4218218"
"POINT (729274 4383088)","921","3293",CENTRO OCUPACIONAL PARA PERSONAS CON DISCAPACIDAD O DIVERSIDAD FUNCIONAL,CENTRO OCUPACIONAL REINA SOFIA,"60",CONSORCIO COMARCAL DE SERVICIOS SOCIALES L'HORTA NORD,"C/ MAESTRO RODRIGO, Nº 58, BAJO",Entidad Local,"46164",València/Valencia,l'Horta Nord,Massamagrell,PERSONAS CON DISCAPACIDAD,PERSONAS CON DISCAPACIDAD,"15574",CENTREOCUPACIONALREINASOFIA@HOTMAIL.COM,"960611015",2010-12-01 00:00:00,"729274","4383088"
"POINT (729274 4383088)","922","3294",CENTRO DE DÍA PARA PERSONAS CON DISCAPACIDAD O DIVERSIDAD FUNCIONAL,CENTRO DE DIA REINA SOFIA,"40",CONSORCIO COMARCAL DE SERVICIOS SOCIALES L'HORTA NORD,"C/ MAESTRO RODRIGO, 58",Entidad Local,"46164",València/Valencia,l'Horta Nord,Massamagrell,PERSONAS CON DISCAPACIDAD,PERSONAS CON DISCAPACIDAD,"15574",CENTRODEDIAREINASOFIA@GMAIL.COM,"960611022",2010-12-01 00:00:00,"729274","4383088"
"POINT (744554 4317663)","923","3295",VIVIENDA SUPERVISADA PARA PERSONAS CON ENFERMEDAD MENTAL CRÓNICA,VIVIENDA TUTELADA PIGMALION,"5",CEEM-XERACO S.L.,"C/ JUAN RAMON JIMENEZ, 7-1º-B",Entidad Privada,"46131",València/Valencia,la Safor,Gandia,PERSONAS CON ENFERMEDAD MENTAL,PERSONAS CON ENFERMEDAD MENTAL,"74814",inma@ceemxeraco.com,"962874407",2011-07-22 00:00:00,"744554","4317663"
"POINT (679638 4218272)","924","3299",CENTROS DE ATENCIÓN TEMPRANA (CAT),CENTRO MUNICIPAL DE ATENCION TEMPRANA,"70",AYUNTAMIENTO DE ORIHUELA,"ORIOLET, 20",Entidad Local,"03099",Alacant/Alicante,el Baix Segura/La Vega Baja,Orihuela,PERSONAS CON DISCAPACIDAD,PERSONAS CON DISCAPACIDAD,"80359",zero@gva.es,"0",2016-09-02 00:00:00,"679638","4218272"
"POINT (730788 4336457)","925","3301",CENTROS DE ATENCIÓN TEMPRANA (CAT),CENTRO DE ATENCION TEMPRANA CAVALL BERNAT,"35",AJUNTAMENT DE LLAURI,"C/ GLORIA COLUBI, S/N",Entidad Local,"46155",València/Valencia,la Ribera Baixa,Llaurí,PERSONAS CON DISCAPACIDAD,PERSONAS CON DISCAPACIDAD,"1212",LLAURI-CAT@GVA.ES,"962560294",2011-02-09 00:00:00,"730788","4336457"
"POINT (712502 4381138)","926","3304",RESIDENCIAS PARA PERSONAS MAYORES DEPENDIENTES,Acuna Gestión Asistencial,"54",Acuna Gestión Asistencial S.L.U,C/ RAMON NAVARRETE Nº 2,Entidad Privada,"46116",València/Valencia,el Camp de Túria,l'Eliana,PERSONAS MAYORES,PERSONAS MAYORES,"17591",,"654536459",2010-11-16 00:00:00,"712502","4381138"
"POINT (718810 4254707)","927","3306",CENTROS DE ATENCIÓN TEMPRANA (CAT),CENTRO DE ATENCION TEMPRANA  SAN VICENTE,"35",APSA. ASOCIACION PRO-DEFICIENTES PSIQUICOS DE ALICANTE,"C/ PETRER, 13 LOCALES 8, 9, 10 Y 11",Entidad Privada,"03122",Alacant/Alicante,l'Alacantí,Sant Vicent del Raspeig/San Vicente del Raspeig,PERSONAS CON DISCAPACIDAD,PERSONAS CON DISCAPACIDAD,"56715",DIRCDIAT.SANVI@GMAIL.COM,"966444998",2013-03-28 00:00:00,"718810","4254707"
"POINT (729129 4383002)","928","3307",CENTROS SOCIALES,CENTRO SERVICIOS SOCIALES MASSAMAGRELL,"0",AJUNTAMENT DE MASSAMAGRELL,"C/ RAFALELL, Nº 8",Entidad Local,"46164",València/Valencia,l'Horta Nord,Massamagrell,POBLACIÓN EN GENERAL Y COLECTIVOS SOCIALMENTE DESFAVORECIDOS,POBLACIÓN EN GENERAL Y COLECTIVOS SOCIALMENTE DESFAVORECIDOS,"15574",INFO@MASSAMAGRELL.ES,"961444951",2015-10-28 00:00:00,"729129","4383002"
"POINT (718047 4248308)","929","3309",RESIDENCIAS PARA PERSONAS MAYORES DEPENDIENTES,COLISÉE ALICANTE,"136",LA SALETA CARE SL,CALLE ISLA DE CORFU Nº 6,Entidad Privada,"03014",Alacant/Alicante,l'Alacantí,Alacant/Alicante,PERSONAS MAYORES,PERSONAS MAYORES,"330525",,"966956161",2010-10-08 00:00:00,"718047","4248308"
"POINT (693356 4220187)","930","3310",CENTROS DE ATENCIÓN TEMPRANA (CAT),CENTRO DE ATENCION TEMPRANA ADA,"70",ASOCIACIÓN ADA (ASOCIACIÓN DE PERSONAS CON DISCAPACIDAD ALMORADI),"MIGUEL HERNANDEZ, 28",Entidad Privada,"03015",Alacant/Alicante,el Baix Segura/La Vega Baja,Almoradí,PERSONAS CON DISCAPACIDAD,PERSONAS CON DISCAPACIDAD,"20138",CAT.ALMORADI@GMAIL.COM,"965700652",2010-12-22 00:00:00,"693356","4220187"
"POINT (707417 4293403)","931","3311",HOGARES Y CLUBS PARA PERSONAS MAYORES,CENTRE SOCIO-CULTURAL DE LA TERCERA EDAT,"0",AJUNTAMENT DE BOCAIRENT,"C/ SANTA AGUEDA Nº 23, C",Entidad Local,"46072",València/Valencia,la Vall d'Albaida,Bocairent,PERSONAS MAYORES,PERSONAS MAYORES,"4288",UDPBOCAIRENT@GMAIL.COM,"962350725",2011-02-15 00:00:00,"707417","4293403"
"POINT (719079 4304304)","932","3312",HOGARES Y CLUBS PARA PERSONAS MAYORES,CENTRO DE CONVIVENCIA DE LA TERCERA EDAD,"0",AJUNTAMENT DE BELGIDA,PLAZA COLOMBAIRES Nº 1,Entidad Local,"46047",València/Valencia,la Vall d'Albaida,Bèlgida,PERSONAS MAYORES,PERSONAS MAYORES,"689",zero@gva.es,"962901074",2015-04-01 00:00:00,"719079","4304304"
"POINT (721768 4409412)","933","3314",HOGARES Y CLUBS PARA PERSONAS MAYORES,CENTRO SOCIAL MUNICIPAL PERSONAS MAYORES DE SOT DE FERRER,"0",AYUNTAMIENTO DE SOT DE FERRER,"CALLE VALENCIA 44, BAJO",Entidad Local,"12107",Castelló/Castellón,El Alto Palancia,Sot de Ferrer,PERSONAS MAYORES,PERSONAS MAYORES,"418",zero@gva.es,"0",2012-03-05 00:00:00,"721768","4409412"
"POINT (700075 4307846)","934","3318",HOGARES Y CLUBS PARA PERSONAS MAYORES,"CLUB DE CONVIVENCIA ""CENTRE DE MAJORS DE VALLADA""","0",AJUNTAMENT DE VALLADA,AVDA. REGNE DE VALENCIA S/N,Entidad Local,"46251",València/Valencia,la Costera,Vallada,PERSONAS MAYORES,PERSONAS MAYORES,"3089",zero@gva.es,"962257009",2013-09-12 00:00:00,"700075","4307846"
"POINT (695868 4250910)","935","3325",CENTRO OCUPACIONAL PARA PERSONAS CON DISCAPACIDAD O DIVERSIDAD FUNCIONAL,CENTRO OCUPACIONAL DE NOVELDA,"50","ASOCIACION DE MINUSVÁLIDOS  ""CAPAZ""",C/ BENITO PEREZ GALDOS Nº 5,Entidad Privada,"03093",Alacant/Alicante,el Vinalopó Mitjà/El Vinalopó Medio,Novelda,PERSONAS CON DISCAPACIDAD,PERSONAS CON DISCAPACIDAD,"26054",ASOCIACION_CAPAZ@YAHOO.ES,"965607519",2011-08-05 00:00:00,"695868","4250910"
"POINT (684431 4278992)","936","3326",CENTROS DE DÍA DE PERSONAS MAYORES DEPENDIENTES,CENTRO DE DIA P.M.D. ALZHEIMER,"80",ASOCIACION DE FAMILIARES DE PERSONAS CON ALZHEIMER DE VILLENA Y COMARCA,"CALLE DEL AGUA, 10",Entidad Privada,"03140",Alacant/Alicante,l’Alt Vinalopó/El Alto Vinalopó,Villena,PERSONAS MAYORES,PERSONAS MAYORES,"34163",tsocial.alz@gmail.com,"965806701",2011-02-15 00:00:00,"684431","4278992"
"POINT (721614 4249304)","937","3327",RESIDENCIAS PARA PERSONAS MAYORES DEPENDIENTES,RESIDENCIA DE  PERSONAS MAYORES DEPENDIENTES  GERUSIA,"84","ALZAGA 2001, S.L.",CALLE CRUZ DE PIEDRA Nº 10,Entidad Privada,"03014",Alacant/Alicante,l'Alacantí,Alacant/Alicante,PERSONAS MAYORES,PERSONAS MAYORES,"330525",info@residenciagerusia.com,"966283030",2011-02-25 00:00:00,"721614","4249304"
"POINT (689494 4267628)","938","3328",CENTROS DE DÍA DE PERSONAS MAYORES DEPENDIENTES,CENTRO DE DIA  PARA PERSONAS EN SITUACIÓN DE DEPENDENCIA DE SAX,"50",AYUNTAMIENTO DE SAX,"CALLE VENEZUELA, S/N",Entidad Local,"03123",Alacant/Alicante,l’Alt Vinalopó/El Alto Vinalopó,Sax,PERSONAS MAYORES,PERSONAS MAYORES,"9700",cdsax@senelx.com,"965038420",2011-03-04 00:00:00,"689494","4267628"
"POINT (751768 4430408)","939","3334",CENTROS DE ATENCIÓN TEMPRANA (CAT),"CENTRO DE DESARROLLO INFANTIL Y ATENCIÓN TEMPRANA ""ASPAS CASTELLON-HELIX""","55",ASOCIACIÓN DE FAMILIAS Y PERSONAS SORDAS DE LA PROVINCIA DE CASTELLÓN (ASPAS-CASTELLÓN),"C/ FIGUEROLES, 8, IZDA",Entidad Privada,"12040",Castelló/Castellón,la Plana Alta,Castelló de la Plana,PERSONAS CON DISCAPACIDAD,PERSONAS CON DISCAPACIDAD,"170990",INFO@ASPASCASTELLON.ORG,"964056644",2011-02-21 00:00:00,"751768","4430408"
"POINT (714479 4413990)","940","3336",CENTRO DE REHABILITACIÓN E INTEGRACIÓN SOCIAL PARA ENFERMOS MENTALES CRÓNICOS,"CENTRO DE REHABILITACIÓN E INTEGRACIÓN SOCIAL DE ENFERMOS MENTALES ""ALMAGRÁN""","50",AYUNTAMIENTO DE SEGORBE,"C/ ORFELINO ALMELA, S/N",Entidad Local,"12104",Castelló/Castellón,El Alto Palancia,Segorbe,PERSONAS CON ENFERMEDAD MENTAL,PERSONAS CON ENFERMEDAD MENTAL,"9005",CRIS@SEGORBE.ES,"672105351",2015-02-14 00:00:00,"714479","4413990"
"POINT (727189 4342002)","941","3344",HOGARES Y CLUBS PARA PERSONAS MAYORES,CENTRO SOCIAL HOGAR DEL JUBILADO (EN PROCESO DE REGULARIZACION),"0",AJUNTAMENT DE POLINYA DE XUQUER,PLAZA MAYOR Nº 7,Entidad Local,"46197",València/Valencia,la Ribera Baixa,Polinyà de Xúquer,PERSONAS MAYORES,PERSONAS MAYORES,"2464",zero@gva.es,"0",2013-06-28 00:00:00,"727189","4342002"
"POINT (718249 4371741)","942","3346",VIVIENDA ASISTIDA PARA PERSONAS CON DISCAPACIDAD INTELECTUAL,VIVIENDA TUTELADA ACYPSA II,"7",ASOCIACIÓN DE PADRES DE PERSONAS CON DISCAPACIDAD PSÍQUICA   ACYPSA,SANTA RITA Nº. 52-1º-1º,Entidad Privada,"46021",València/Valencia,l'Horta Sud,Aldaia,PERSONAS CON DISCAPACIDAD,PERSONAS CON DISCAPACIDAD,"31246",zero@gva.es,"961513198",2011-07-05 00:00:00,"718249","4371741"
"POINT (747092 4268558)","943","3348",CENTROS SOCIALES,CENTRO SOCIAL TÁNIT,"0",AJUNTAMENT DE BENIDORM,C/ SECRETARIO BALDOVI Nº 2,Entidad Local,"03031",Alacant/Alicante,la Marina Baixa,Benidorm,POBLACIÓN EN GENERAL Y COLECTIVOS SOCIALMENTE DESFAVORECIDOS,POBLACIÓN EN GENERAL Y COLECTIVOS SOCIALMENTE DESFAVORECIDOS,"66642",zero@gva.es,"0",2013-09-25 00:00:00,"747092","4268558"
"POINT (693327 4262080)","944","3352",RESIDENCIA DE PERSONAS CON DISCAPACIDAD O DIVERSIDAD FUNCIONAL,RESIDENCIA COCEMFE ALICANTE,"40",FUNDACION JUAN CARLOS PEREZ SANTAMARIA,"BISCAIA, 33",Entidad Privada,"03104",Alacant/Alicante,el Vinalopó Mitjà/El Vinalopó Medio,Petrer,PERSONAS CON DISCAPACIDAD,PERSONAS CON DISCAPACIDAD,"34533",,"966951840",2011-05-30 00:00:00,"693327","4262080"
"POINT (704821 4209074)","945","3353",CENTRO DE REHABILITACIÓN E INTEGRACIÓN SOCIAL PARA ENFERMOS MENTALES CRÓNICOS,CRIS ADIEM,"70",ADIEM SENTIT FUNDACIÓN DE LA COMUNITAT VALENCIANA,"AVDA. DE LAS CORTES VALENCIANAS, 83",Entidad Privada,"03133",Alacant/Alicante,el Baix Segura/La Vega Baja,Torrevieja,PERSONAS CON ENFERMEDAD MENTAL,PERSONAS CON ENFERMEDAD MENTAL,"84213",ADIEM@ADIEM.ORG,"966705294",2011-05-31 00:00:00,"704821","4209074"
"POINT (769472 4303730)","946","3354",CENTROS DE ATENCIÓN TEMPRANA (CAT),CENTRO DE DESARROLLO INFANTIL Y ATENCION TEMPRANA MARINA ALTA,"70",ASOCIACION LUDAI,"SAN CRISTOBAL, 18 - 20 BAJO",Entidad Privada,"03063",Alacant/Alicante,la Marina Alta,Dénia,PERSONAS CON DISCAPACIDAD,PERSONAS CON DISCAPACIDAD,"41465",CDIATMARINAALTA@LUDAI.ES,"966184292",2012-07-17 00:00:00,"769472","4303730"
"POINT (724727 4435788)","947","3358",HOGARES Y CLUBS PARA PERSONAS MAYORES,C.C.T.E. SANTO CRISTO,"0",AYUNTAMIENTO DE TOGA,"AVDA. SAN JUAN, S/N",Entidad Local,"12113",Castelló/Castellón,El Alto Mijares,Toga,PERSONAS MAYORES,PERSONAS MAYORES,"98",zero@gva.es,"0",2012-05-02 00:00:00,"724727","4435788"
"POINT (727364 4422124)","948","3359",HOGARES Y CLUBS PARA PERSONAS MAYORES,C.C.T.E. SANT ANTONI - VEO,"0",AYUNTAMIENTO DE ALCUDIA DE VEO,PL. SANT ANTONI Nº 11,Entidad Local,"12006",Castelló/Castellón,la Plana Baixa,Alcudia de Veo,PERSONAS MAYORES,PERSONAS MAYORES,"201",zero@gva.es,"0",2012-03-05 00:00:00,"727364","4422124"
"POINT (725521 4433989)","949","3362",HOGARES Y CLUBS PARA PERSONAS MAYORES,C.C.T.E. AJP SAGANTA,"0",AYUNTAMIENTO DE ESPADILLA,"C/ CAMINO DE AYODAR, S/N",Entidad Local,"12058",Castelló/Castellón,El Alto Mijares,Espadilla,PERSONAS MAYORES,PERSONAS MAYORES,"83",zero@gva.es,"0",2011-12-12 00:00:00,"725521","4433989"
"POINT (707540 4420788)","950","3363",HOGARES Y CLUBS PARA PERSONAS MAYORES,C.C.T.E. JERICA,"0",AYUNTAMIENTO DE JERICA,"PZA. MANUEL NAVARRO Y MARIA SANZ, 1",Entidad Local,"12071",Castelló/Castellón,El Alto Palancia,Jérica,PERSONAS MAYORES,PERSONAS MAYORES,"1574",zero@gva.es,"0",2011-12-19 00:00:00,"707540","4420788"
"POINT (707540 4420788)","951","3364",VIVIENDAS TUTELADAS PARA MAYORES,VIVIENDA TUTELADA DE JERICA,"10",AYUNTAMIENTO DE JERICA,"PZ. MANUEL NAVARRO Y MARIA SANZ, 1",Entidad Local,"12071",Castelló/Castellón,El Alto Palancia,Jérica,PERSONAS MAYORES,PERSONAS MAYORES,"1574",nieves.martinez@jerica.es,"964129177",2011-12-19 00:00:00,"707540","4420788"
"POINT (761298 4479360)","952","3365",HOGARES Y CLUBS PARA PERSONAS MAYORES,"CLUB DE CONVIVENCIA DE T. EDAD ""LA VALLTORTA""","0",AJUNTAMENT DE TIRIG,"C/ ARRABAL DE SANTA BARBARA, 14",Entidad Local,"12111",Castelló/Castellón,l'Alt Maestrat,Tírig,PERSONAS MAYORES,PERSONAS MAYORES,"465",zero@gva.es,"0",2011-12-14 00:00:00,"761298","4479360"
"POINT (729912 4373165)","953","3369",CENTROS DE DÍA DE PERSONAS MAYORES DEPENDIENTES,CENTRO DE DIA PARA PERSONAS MAYORES DEPENDIENTES TRES FORQUES,"85",AJUNTAMENT DE VALENCIA,AVD. TRES FORQUES Nº 87,Entidad Local,"46250",València/Valencia,València,València,PERSONAS MAYORES,PERSONAS MAYORES,"790201",EDMPM_TRESFORQUES@VALENCIA.ES,"962061991",2013-03-20 00:00:00,"729912","4373165"
"POINT (752332 4431728)","954","3370",TALLER PRELABORAL DE INSERCIÓN SOCIAL,"TALLER DE INTEGRACION SOCIAL ""EL FARO""","0",HIJAS DE LA CARIDAD DE SAN VICENTE PAUL PRO. PAMPLONA. CODAD EN OBRA SOCIAL MARILLAC,"AVDA/ TOMBATOSSALS Nº 71, BAJO",Entidad Privada,"12040",Castelló/Castellón,la Plana Alta,Castelló de la Plana,POBLACIÓN EN GENERAL Y COLECTIVOS SOCIALMENTE DESFAVORECIDOS,POBLACIÓN EN GENERAL Y COLECTIVOS SOCIALMENTE DESFAVORECIDOS,"170990",zero@gva.es,"626376261",2013-03-01 00:00:00,"752332","4431728"
"POINT (737451 4439641)","955","3374",CENTROS SOCIALES,CENTRO SOCIAL NUEVAS DEPENDENCIAS,"0",AJUNTAMENT DE L'ALCORA,C/ CARRETERA DE RIBESALBES Nº 4,Entidad Local,"12005",Castelló/Castellón,l'Alcalatén,l'Alcora,POBLACIÓN EN GENERAL Y COLECTIVOS SOCIALMENTE DESFAVORECIDOS,POBLACIÓN EN GENERAL Y COLECTIVOS SOCIALMENTE DESFAVORECIDOS,"10535",zero@gva.es,"964360002",2012-03-22 00:00:00,"737451","4439641"
"POINT (703912 4437620)","956","3378",HOGARES Y CLUBS PARA PERSONAS MAYORES,C.C.T.E. DE FUENTE DE LA REINA,"0",AYUNTAMIENTO DE FUENTE LA REINA,"PL. LA IGLESIA, 3",Entidad Local,"12063",Castelló/Castellón,El Alto Mijares,Fuente la Reina,PERSONAS MAYORES,PERSONAS MAYORES,"46",zero@gva.es,"0",2012-06-28 00:00:00,"703912","4437620"
"POINT (729179 4313511)","957","3379",HOGARES Y CLUBS PARA PERSONAS MAYORES,LLAR DELS JUBILATS,"0",AJUNTAMENT DE LLUTXENT,C/ SANT ANTONI Nº 2,Entidad Local,"46150",València/Valencia,la Vall d'Albaida,Llutxent,PERSONAS MAYORES,PERSONAS MAYORES,"2402",TURISMO@LLUTXENT.ORG,"691646674",2013-02-20 00:00:00,"729179","4313511"
"POINT (747975 4431497)","958","3380",CENTROS DE ATENCIÓN TEMPRANA (CAT),CENTRO DE ATENCIÓN TEMPRANA AFANIAS CASTELLON,"70",ASOCIACION AFANIAS CASTELLÓN,"CUADRA PORTOLES, 1",Entidad Privada,"12040",Castelló/Castellón,la Plana Alta,Castelló de la Plana,PERSONAS CON DISCAPACIDAD,PERSONAS CON DISCAPACIDAD,"170990",FGIL@AFANIASCASTELLON.ORG,"964246887",2012-12-28 00:00:00,"747975","4431497"
"POINT (722105 4341597)","959","3386",CENTROS SOCIALES,CENTRO SOCIAL DE ALGEMESI,"0",AJUNTAMENT D'ALGEMESI,"C/ SANT NICOLAU DE BARI, 58-60",Entidad Local,"46029",València/Valencia,la Ribera Alta,Algemesí,POBLACIÓN EN GENERAL Y COLECTIVOS SOCIALMENTE DESFAVORECIDOS,POBLACIÓN EN GENERAL Y COLECTIVOS SOCIALMENTE DESFAVORECIDOS,"27607",notificacions@algemesi.net,"962019872",2023-06-09 00:00:00,"722105","4341597"
"POINT (738225 4394207)","960","3390",CENTROS DE ATENCIÓN TEMPRANA (CAT),CENTRO DE ATENCIÓN TEMPRANA Y DESARROLLO INFANTIL (ATEMDI),"38",ATEMDI,"C/DAOÍZ, Nº43D",Entidad Privada,"46220",València/Valencia,el Camp de Morvedre,Sagunt/Sagunto,PERSONAS CON DISCAPACIDAD,PERSONAS CON DISCAPACIDAD,"64439",,"962676653",2012-04-17 00:00:00,"738225","4394207"
"POINT (707244 4300229)","961","3392",CENTROS INTEGRALES DE MAYORES (CIMS) DE TITULARIDAD DE AYUNTAMIENTOS,CENTRE INTEGRAL DE MAJORS,"0",AJUNTAMENT D'ONTINYENT,AVINGUDA DE VICENTE GIRONES MORA Nº 18,Entidad Local,"46184",València/Valencia,la Vall d'Albaida,Ontinyent,PERSONAS MAYORES,PERSONAS MAYORES,"35534",zero@gva.es,"962382504",2012-03-22 00:00:00,"707244","4300229"
"POINT (744497 4317482)","962","3400",RESIDENCIA DE PERSONAS CON DISCAPACIDAD O DIVERSIDAD FUNCIONAL,RESIDENCIA COREA AUNA INCLUSIÓ,"20",AUNA INCLUSIÓ,C/ CARDENAL CISNEROS Nº. 8,Entidad Privada,"46131",València/Valencia,la Safor,Gandia,PERSONAS CON DISCAPACIDAD,PERSONAS CON DISCAPACIDAD,"74814",,"962955118",2022-06-10 00:00:00,"744497","4317482"
"POINT (727034 4376959)","963","3401",HOGARES Y CLUBS PARA PERSONAS MAYORES,HOGAR SOCIAL DE JUBILADOS DE ALMÁSSERA,"0",AJUNTAMENT D'ALMASSERA,C/ AUSIAS MARCH S/N,Entidad Local,"46032",València/Valencia,l'Horta Nord,Almàssera,PERSONAS MAYORES,PERSONAS MAYORES,"7297",zero@gva.es,"961853750",2014-02-12 00:00:00,"727034","4376959"
"POINT (733657 4428006)","964","3402",CENTROS DE DÍA DE PERSONAS MAYORES DEPENDIENTES,CENTRO DE DIA PARA PERSONAS MAYORES DEPENDIENTES DE ONDA,"45",AJUNTAMENT D'ONDA,"C/ FRANCESC FERRER PASTOR, S/N",Entidad Local,"12084",Castelló/Castellón,la Plana Baixa,Onda,PERSONAS MAYORES,PERSONAS MAYORES,"24856",centrodedia@onda.es,"964760500",2012-04-26 00:00:00,"733657","4428006"
"POINT (706046 4257009)","965","3405",CENTROS SOCIALES,CENTRO SOCIAL DE AGOST,"0",AJUNTAMENT D'AGOST,AVDA. CONSELL DEL PAIS VALENCIÀ Nº 16-18,Entidad Local,"03002",Alacant/Alicante,l'Alacantí,Agost,POBLACIÓN EN GENERAL Y COLECTIVOS SOCIALMENTE DESFAVORECIDOS,POBLACIÓN EN GENERAL Y COLECTIVOS SOCIALMENTE DESFAVORECIDOS,"4729",zero@gva.es,"0",2012-05-24 00:00:00,"706046","4257009"
"POINT (713925 4335767)","966","3406",HOGARES Y CLUBS PARA PERSONAS MAYORES,CLUB DE CONVIVENCIA,"0",AYUNTAMIENTO DE MASALAVES,C/ VICENTE GINER S/N,Entidad Local,"46162",València/Valencia,la Ribera Alta,Massalavés,PERSONAS MAYORES,PERSONAS MAYORES,"1571",zero@gva.es,"0",2013-09-12 00:00:00,"713925","4335767"
"POINT (719946 4247147)","967","3407",VIVIENDAS TUTELADAS,"VIVIENDA DE CONVIVENCIA E INTEGRACION ""FOGUERER""","5",OBRA SOCIAL SANTA LUISA DE MARILLAC,C/ FOGUERER Nº 29- 3º D,Entidad Privada,"03014",Alacant/Alicante,l'Alacantí,Alacant/Alicante,POBLACIÓN EN GENERAL Y COLECTIVOS SOCIALMENTE DESFAVORECIDOS,POBLACIÓN EN GENERAL Y COLECTIVOS SOCIALMENTE DESFAVORECIDOS,"330525",sedealicante@hijascaridadee.org,"965170517",2013-07-19 00:00:00,"719946","4247147"
"POINT (719946 4247147)","968","3408",VIVIENDAS TUTELADAS,"VIVIENDA DE CONVIVENCIA E INTEGRACION ""LA NUCIA""","5",OBRA SOCIAL SANTA LUISA DE MARILLAC,C/ LA NUCIA Nº 5,Entidad Privada,"03014",Alacant/Alicante,l'Alacantí,Alacant/Alicante,POBLACIÓN EN GENERAL Y COLECTIVOS SOCIALMENTE DESFAVORECIDOS,POBLACIÓN EN GENERAL Y COLECTIVOS SOCIALMENTE DESFAVORECIDOS,"330525",sedealicante@hijascaridadee.org,"965170517",2013-07-19 00:00:00,"719946","4247147"
"POINT (719946 4247147)","969","3409",VIVIENDAS TUTELADAS,"VIVIENDA DE CONVIVENCIA E INTEGRACION ""POETA ZORRILLA""","7",OBRA SOCIAL SANTA LUISA DE MARILLAC,C/ POETA ZORILLA Nº 8 - 4º,Entidad Privada,"03014",Alacant/Alicante,l'Alacantí,Alacant/Alicante,POBLACIÓN EN GENERAL Y COLECTIVOS SOCIALMENTE DESFAVORECIDOS,POBLACIÓN EN GENERAL Y COLECTIVOS SOCIALMENTE DESFAVORECIDOS,"330525",sedealicante@hijascaridadee.org,"965170517",2013-07-19 00:00:00,"719946","4247147"
"POINT (723892 4253538)","970","3411",RESIDENCIA DE PERSONAS CON DISCAPACIDAD O DIVERSIDAD FUNCIONAL,"RESIDENCIA PARA PERSONAS CON DIV. FUNCIONAL PSIQUICA ""SAN JUAN""","44",APSA. ASOCIACION PRO-DEFICIENTES PSIQUICOS DE ALICANTE,C/ ALCALDE VICENT BAEZA Nº 4,Entidad Privada,"03119",Alacant/Alicante,l'Alacantí,Sant Joan d'Alacant,PERSONAS CON DISCAPACIDAD,PERSONAS CON DISCAPACIDAD,"22897",facturacion@asociacionapsa.com,"902005848",2013-02-07 00:00:00,"723892","4253538"
"POINT (723892 4253538)","971","3412",CENTRO OCUPACIONAL PARA PERSONAS CON DISCAPACIDAD O DIVERSIDAD FUNCIONAL,C. OCUPACIONAL SAN JUAN,"50",APSA. ASOCIACION PRO-DEFICIENTES PSIQUICOS DE ALICANTE,C/ ALCALDE VICENT BAEZA Nº 4,Entidad Privada,"03119",Alacant/Alicante,l'Alacantí,Sant Joan d'Alacant,PERSONAS CON DISCAPACIDAD,PERSONAS CON DISCAPACIDAD,"22897",AREARESIDENCIAL@ASOCIACIONAPSA.COM,"902005848",2013-02-07 00:00:00,"723892","4253538"
"POINT (733658 4428076)","972","3414",CENTROS INTEGRALES DE MAYORES (CIMS) DE TITULARIDAD DE AYUNTAMIENTOS,CENTRO INTEGRAL DE MAYORES DE ONDA,"0",AJUNTAMENT D'ONDA,"C/ FRANCESC FERRER PASTOR, S/N",Entidad Local,"12084",Castelló/Castellón,la Plana Baixa,Onda,PERSONAS MAYORES,PERSONAS MAYORES,"24856",zero@gva.es,"964602854",2012-04-26 00:00:00,"733658","4428076"
"POINT (765863 4282296)","973","3416",C. A. RESIDENCIAL PARA PERSONAS EN SITUACIÓN DE DEPENDENCIA,LA SALETA CALP,"40",LA SALETA CARE SL,URBANIZACION PLA ROIG CALLE 1 92 A,Entidad Privada,"03047",Alacant/Alicante,la Marina Alta,Calp,PERSONAS CON ENFERMEDAD MENTAL,PERSONAS CON ENFERMEDAD MENTAL,"19591",,"965838855",2013-02-26 00:00:00,"765863","4282296"
"POINT (725000 4370918)","974","3417",CENTROS DE ATENCIÓN TEMPRANA (CAT),CENTRE D'ATENCIÓ PRIMERENCA DE LA FUNDACIÓ FESORD DE LA COMUNIDAD VALENCIANA,"35",FUNDACION FESORD DE LA COMUNIDAD VALENCIANA,C/ JERONIMO MUÑOZ Nº 30 - 32 BAJO,Entidad Privada,"46250",València/Valencia,València,València,PERSONAS CON DISCAPACIDAD,PERSONAS CON DISCAPACIDAD,"790201",FUNDACION@FESORD.ORG,"963846055",2012-11-21 00:00:00,"725000","4370918"
"POINT (740928 4455449)","975","3418",CENTROS SOCIALES,CENTRO SOCIAL POLIVALENTE (EN PROCESO DE REGULARIZACION),"0",AJUNTAMENT D'ATZENETA DEL MAESTRAT,C/ MOSÉN RICARDO Nº 15,Entidad Local,"12001",Castelló/Castellón,l'Alt Maestrat,Atzeneta del Maestrat,POBLACIÓN EN GENERAL Y COLECTIVOS SOCIALMENTE DESFAVORECIDOS,POBLACIÓN EN GENERAL Y COLECTIVOS SOCIALMENTE DESFAVORECIDOS,"1286",zero@gva.es,"0",2013-05-22 00:00:00,"740928","4455449"
"POINT (712313 4310076)","976","3420",CENTROS DE DÍA DE PERSONAS MAYORES DEPENDIENTES,"CENTRO DE DIA PARA PERSONAS MAYORES DEPENDIENTES ""JUAN BAUTISTA MONPÓ ALBIÑANA""","80",AJUNTAMENT DE L'OLLERIA,C/ JAUME I Nº 23,Entidad Local,"46183",València/Valencia,la Vall d'Albaida,l'Olleria,PERSONAS MAYORES,PERSONAS MAYORES,"8311",johellabng@hotmail.com,"962200949",2012-12-18 00:00:00,"712313","4310076"
"POINT (720124 4247284)","977","3421",VIVIENDA ASISTIDA PARA PERSONAS CON DISCAPACIDAD INTELECTUAL,VIVIENDA TUTELADA ASISTIDA GOMEZ TRENOR PARA PERSONAS CON DISC. INTELECTUAL,"7","SAN RAFAEL, FUNDACIÓN ESTIMA DE LA COMUNITAT VALENCIANA",C/ TOLEDO Nº 50,Entidad Privada,"03014",Alacant/Alicante,l'Alacantí,Alacant/Alicante,PERSONAS CON DISCAPACIDAD,PERSONAS CON DISCAPACIDAD,"330525",FSFB@CSANRAFAEL.ORG,"672136580",2014-04-25 00:00:00,"720124","4247284"
"POINT (723611 4253352)","978","3425",HOGARES Y CLUBS PARA PERSONAS MAYORES,CENTRO MUNICIPALDE MAYORES SALVADOR GOSALBEZ ALBEROLA,"0",AJUNTAMENT DE SANT JOAN D'ALACANT,SAM MIGUEL TARAZONA 16,Entidad Local,"03119",Alacant/Alicante,l'Alacantí,Sant Joan d'Alacant,PERSONAS MAYORES,PERSONAS MAYORES,"22897",CENTRODEMAYORES@SANTJOAND'ALACANT.ES,"966010440",2012-06-21 00:00:00,"723611","4253352"
"POINT (739342 4396049)","979","3426",RESIDENCIAS PARA PERSONAS MAYORES DEPENDIENTES,RESIDENCIA PARA  PERSONAS MAYORES DEPENDIENTES ASIGER PLAYA CANET,"120",ASIGER CENTROS RESIDENCIALES SL,C/ GUILLEM DE CASTRO Nº 2,Entidad Privada,"46082",València/Valencia,el Camp de Morvedre,Canet d'En Berenguer,PERSONAS MAYORES,PERSONAS MAYORES,"6513",asigernovacanet@asiger.com,"962609530",2012-10-04 00:00:00,"739342","4396049"
"POINT (753397 4431124)","980","3429",OTROS CENTROS PARA PERSONAS CON DIVERSIDAD FUNCIONAL,CLUB DE CONVIVENCIA PARA PERSONAS SORDAS,"0",ASOCIACION DE PERSONAS SORDAS VIRGEN DE LIDON DE CASTELLON,"C/ CASTELLDEFELS, 15, BAJO",Entidad Privada,"12040",Castelló/Castellón,la Plana Alta,Castelló de la Plana,PERSONAS CON DISCAPACIDAD,PERSONAS CON DISCAPACIDAD,"170990",zero@gva.es,"964090363",2013-10-23 00:00:00,"753397","4431124"
"POINT (720539 4287299)","981","3430",CENTRO DE REHABILITACIÓN E INTEGRACIÓN SOCIAL PARA ENFERMOS MENTALES CRÓNICOS,C.R.I.S. CRUZ ROJA ALCOY,"50",CRUZ ROJA ESPAÑOLA,"ROIS DE CORELLA, 2",Entidad Privada,"03009",Alacant/Alicante,l'Alcoià,Alcoi/Alcoy,PERSONAS CON ENFERMEDAD MENTAL,PERSONAS CON ENFERMEDAD MENTAL,"59198",SBLANES@CRUZROJA.ES,"965338232",2012-08-21 00:00:00,"720539","4287299"
"POINT (731012 4389660)","982","3431",CENTRO DE REHABILITACIÓN E INTEGRACIÓN SOCIAL PARA ENFERMOS MENTALES CRÓNICOS,C.R.I.S. MAS DE MUR,"50",AJUNTAMENT DE PUÇOL,C/ LES PALMERES Nº. 2,Entidad Local,"46205",València/Valencia,l'Horta Nord,Puçol,PERSONAS CON ENFERMEDAD MENTAL,PERSONAS CON ENFERMEDAD MENTAL,"19438",CRISPUZOL@EULEN.COM,"961466145",2012-09-20 00:00:00,"731012","4389660"
"POINT (716824 4252382)","983","3432",C. A. RESIDENCIAL PARA PERSONAS EN SITUACIÓN DE DEPENDENCIA,ASIGER SAN VICENTE,"60",ASIGER SAN VICENTE SL,"HERNAN CORTES, 12",Entidad Privada,"03122",Alacant/Alicante,l'Alacantí,Sant Vicent del Raspeig/San Vicente del Raspeig,PERSONAS CON ENFERMEDAD MENTAL,PERSONAS CON ENFERMEDAD MENTAL,"56715",ASIGERVISTABELLA@GMAIL.COM,"961572640",2013-04-02 00:00:00,"716824","4252382"
"POINT (731008 4389657)","984","3434",CENTRO DE DÍA PARA PERSONAS CON ENFERMEDAD MENTAL CRÓNICA,CENTRO DE DIA  MAS DE MUR,"20",AJUNTAMENT DE PUÇOL,C/ LES PALMERES Nº. 2,Entidad Local,"46205",València/Valencia,l'Horta Nord,Puçol,PERSONAS CON ENFERMEDAD MENTAL,PERSONAS CON ENFERMEDAD MENTAL,"19438",CRISPUZOL@EULEN.COM,"637474699",2012-09-20 00:00:00,"731008","4389657"
"POINT (720191 4287697)","985","3435",VIVIENDA SUPERVISADA PARA PERSONAS CON ENFERMEDAD MENTAL CRÓNICA,VIVIENDA TUTELADA CRUZ ROJA ALCOY,"4",CRUZ ROJA ESPAÑOLA,AVD. JUAN GIL ALBERT Nº 73 PLANTA 5,Entidad Privada,"03009",Alacant/Alicante,l'Alcoià,Alcoi/Alcoy,PERSONAS CON ENFERMEDAD MENTAL,PERSONAS CON ENFERMEDAD MENTAL,"59198",alcoyalicante@cruzroja.es,"965338956",2012-08-27 00:00:00,"720191","4287697"
"POINT (726793 4374413)","986","3436",CENTROS DE DÍA DE PERSONAS MAYORES DEPENDIENTES,CENTRO DE DIA PMD ALQUERIA LA PURISIMA,"50",AJUNTAMENT DE VALENCIA,AZAGADOR DE ALBORAYA S/N,Entidad Local,"46250",València/Valencia,València,València,PERSONAS MAYORES,PERSONAS MAYORES,"790201",cdpmd_lapurisima@valencia.es,"962082665",2018-03-12 00:00:00,"726793","4374413"
"POINT (792545 4484957)","987","3443",CENTROS DE DÍA DE PERSONAS MAYORES DEPENDIENTES,CENTRO DE DIA P.M.D. VINAROS,"75",AJUNTAMENT DE VINAROS,AVDA. GIL DE ATROCILLO S/N,Entidad Local,"12138",Castelló/Castellón,el Baix Maestrat,Vinaròs,PERSONAS MAYORES,PERSONAS MAYORES,"28290",direcciovinaros@lonada.com,"964867922",2013-11-27 00:00:00,"792545","4484957"
"POINT (713697 4343534)","988","3444",HOGARES Y CLUBS PARA PERSONAS MAYORES,LLAR DEL JUBILAT DE BENIMODO,"0",AJUNTAMENT DE BENIMODO,AVENIDA GERMANÍES Nº 45,Entidad Local,"46063",València/Valencia,la Ribera Alta,Benimodo,PERSONAS MAYORES,PERSONAS MAYORES,"2237",zero@gva.es,"962530606",2015-02-13 00:00:00,"713697","4343534"
"POINT (726567 4402590)","989","3445",CENTROS SOCIALES,CENTRO SOCIAL Y HOGAR DEL JUBILADO,"0",AYUNTAMIENTO DE TORRES TORRES,"C/ VIRGEN, 40",Entidad Local,"46245",València/Valencia,el Camp de Morvedre,Torres Torres,POBLACIÓN EN GENERAL Y COLECTIVOS SOCIALMENTE DESFAVORECIDOS,POBLACIÓN EN GENERAL Y COLECTIVOS SOCIALMENTE DESFAVORECIDOS,"644",TORRESTORRES_ALC@GVA.ES,"962626542",2014-02-20 00:00:00,"726567","4402590"
"POINT (732396 4479324)","990","3446",RESIDENCIAS PARA PERSONAS MAYORES DEPENDIENTES,R.P.M.D. DE VILAFRANCA DEL CID,"64",FUNDACION GERON,C/ STA. TERESA S/N,Entidad Privada,"12129",Castelló/Castellón,els Ports,Vilafranca/Villafranca del Cid,PERSONAS MAYORES,PERSONAS MAYORES,"2289",cediaz@geron.es,"964860718",2013-07-11 00:00:00,"732396","4479324"
"POINT (747720 4424918)","991","3448",CENTROS DE DÍA DE PERSONAS MAYORES DEPENDIENTES,"CENTRO DE DIA DE ALZHEIMER ""MOLI LA VILA""","50",ASOCIACION DE FAMILIARES DE PERSONAS CON LA ENFERMEDAD DE ALZHEIMER Y OTRAS DEMENCIAS DE CASTELLON,AVDA. C. TARANCON ESQ. M CABRERA S/N,Entidad Privada,"12135",Castelló/Castellón,la Plana Baixa,Vila-real,PERSONAS MAYORES,PERSONAS MAYORES,"50252",zero@gva.es,"964243284",2013-01-10 00:00:00,"747720","4424918"
"POINT (734838 4351136)","992","3449",HOGARES Y CLUBS PARA PERSONAS MAYORES,CLUB DE CONVIVENCIA TERCERA EDAD DE EL PERELLO,"0",AJUNTAMENT DE SUECA,C/ LES DUNES Nº 9 ( EL PERELLO ),Entidad Local,"46235",València/Valencia,la Ribera Baixa,Sueca,PERSONAS MAYORES,PERSONAS MAYORES,"28090",PERELLO_SER@CV.GVA.ES,"961771046",2013-12-27 00:00:00,"734838","4351136"
"POINT (711309 4277944)","993","3450",VIVIENDA SUPERVISADA PARA PERSONAS CON DISCAPACIDAD INTELECTUAL,VIVIENDA TUTELADA SAN PASCUAL,"5",ASOCIACION COMARCAL DE PERSONAS CON DISCAPACIDAD INTELECTUAL,C/ PLAÇA DE BOUS Nº 6 - 3º H,Entidad Privada,"03079",Alacant/Alicante,l'Alcoià,Ibi,PERSONAS CON DISCAPACIDAD,PERSONAS CON DISCAPACIDAD,"23365",VIVIENDASANPASCUALIBI@GMAIL.COM,"966277761",2014-05-05 00:00:00,"711309","4277944"
"POINT (703772 4207857)","994","3454",RESIDENCIA DE PERSONAS CON DISCAPACIDAD O DIVERSIDAD FUNCIONAL,RESIDENCIA ORIOL,"28",AYUNTAMIENTO DE ORIHUELA,"AVD. DELFINA VIUDAS ,95",Entidad Local,"03133",Alacant/Alicante,el Baix Segura/La Vega Baja,Torrevieja,PERSONAS CON DISCAPACIDAD,PERSONAS CON DISCAPACIDAD,"84213",oriolorihuela@telefonica.net,"966744731",2014-08-05 00:00:00,"703772","4207857"
"POINT (680765 4218153)","995","3455",CENTRO OCUPACIONAL PARA PERSONAS CON DISCAPACIDAD O DIVERSIDAD FUNCIONAL,CENTRO OCUPACIONAL ORIOL,"45",AYUNTAMIENTO DE ORIHUELA,AVDA. DOCTOR GARCIA ROGEL Nº 13,Entidad Local,"03099",Alacant/Alicante,el Baix Segura/La Vega Baja,Orihuela,PERSONAS CON DISCAPACIDAD,PERSONAS CON DISCAPACIDAD,"80359",CENTROORIOL@ORIHUELA.ES,"966744731",2014-08-05 00:00:00,"680765","4218153"
"POINT (735574 4444341)","996","3456",HOGARES Y CLUBS PARA PERSONAS MAYORES,CLUB  DE JUBILADOS Y PENSIONISTAS SAN MATEO,"0",AJUNTAMENT DE FIGUEROLES,"PL. VILLALONGA, 6",Entidad Local,"12060",Castelló/Castellón,l'Alcalatén,Figueroles,PERSONAS MAYORES,PERSONAS MAYORES,"542",zero@gva.es,"0",2013-05-20 00:00:00,"735574","4444341"
"POINT (741407 4266036)","997","3457",CENTROS DE ATENCIÓN TEMPRANA (CAT),CENTRO DE ATENCIÓN TEMPRANA LA VILA JOIOSA,"70",AJUNTAMENT DE LA VILA JOIOSA,C/ 8 DE MAYO S/N- 2ª PLANTA,Entidad Local,"03139",Alacant/Alicante,la Marina Baixa,la Vila Joiosa/Villajoyosa,PERSONAS CON DISCAPACIDAD,PERSONAS CON DISCAPACIDAD,"33580",SONIA.SANCHEZ@VILLAJOYOSA.COM,"965894212",2014-01-13 00:00:00,"741407","4266036"
"POINT (724308 4252244)","998","3458",VIVIENDA ASISTIDA PARA PERSONAS CON DISCAPACIDAD INTELECTUAL,VIVIENDA TUTELADA FUNDACION LUKAS,"7","FUNDACION LUKAS, AYUDA A LA DISCAPACIDAD","CAMI DE LA PASSIO, 2",Entidad Privada,"03119",Alacant/Alicante,l'Alacantí,Sant Joan d'Alacant,PERSONAS CON DISCAPACIDAD,PERSONAS CON DISCAPACIDAD,"22897",ARANCHA.MARTINEZ@FUNDACIONLUKAS.ORG,"965651883",2015-04-17 00:00:00,"724308","4252244"
"POINT (725123 4372026)","999","3459",VIVIENDA SUPERVISADA PARA PERSONAS CON DISCAPACIDAD INTELECTUAL,VIVIENDA TUTELADA VANNES,"6",ASOC. VALENCIANA PRO-PERSONAS CON DISCAPACIDAD PSIQUICA,PL. VANNES Nº 6 PTA 7,Entidad Privada,"46250",València/Valencia,València,València,PERSONAS CON DISCAPACIDAD,PERSONAS CON DISCAPACIDAD,"790201",ASPRONA@ASPRONA.ES,"963391080",2014-03-10 00:00:00,"725123","4372026"
"POINT (697749 4200299)","1000","3468",CENTRO DE ATENCIÓN DIURNA PARA PERSONAS CON DISCAPACIDAD O DIVERSIDAD FUNCIONAL EN SITUACIÓN DE DEPENDENCIA,"CENTRO ATENCION DIURNA PERSONAS CON DISCAPACIDAD SITUACION DEPENDENCIA ""CENTRO DIA MIGUEL HERNANDEZ""","20","ADIS, ASOCIACION DE PERSONAS CON DIVERSIDAD FUNCIONAL",C/ MIGUEL HERNANDEZ Nº 37,Entidad Privada,"03099",Alacant/Alicante,el Baix Segura/La Vega Baja,Orihuela,PERSONAS CON DISCAPACIDAD,PERSONAS CON DISCAPACIDAD,"80359",ADISCENTRODEDIA@GMAIL.COM,"666704739",2015-05-21 00:00:00,"697749","4200299"
"POINT (686702 4400307)","1001","3473",VIVIENDA SUPERVISADA PARA PERSONAS CON DISCAPACIDAD INTELECTUAL,"VIVIENDA TUTELADA ""LA HOYA""","7",ATENCIÓN A LA DIVERSIDAD LAS SUERTES (A.D.I.S),"C/RONDA DE SAN JUAN, Nº 4 Y 6 BAJO",Entidad Privada,"46258",València/Valencia,La Serranía,Villar del Arzobispo,PERSONAS CON DISCAPACIDAD,PERSONAS CON DISCAPACIDAD,"3565",SUERTESVILLAR@HOTMAIL.COM,"962720074",2015-06-09 00:00:00,"686702","4400307"
"POINT (752940 4296182)","1002","3475",CENTROS DE DÍA DE PERSONAS MAYORES DEPENDIENTES,"CENTRO DE DIA ""CENTRO GERIATRICO BORJA""","12","FONTILLES, FUNDACION DE LA COMUNIDAD VALENCIANA",CARRETERA ORBA- LA VALL DE LAGUART KM.,Entidad Privada,"03137",Alacant/Alicante,la Marina Alta,la Vall de Laguar,PERSONAS MAYORES,PERSONAS MAYORES,"801",egadea@fontilles.org,"965583350",2013-06-20 00:00:00,"752940","4296182"
"POINT (727804 4375626)","1003","3477",HOGARES Y CLUBS PARA PERSONAS MAYORES,HOGAR DEL JUBILADO,"0",AJUNTAMENT D'ALBORAIA,C/ PORTALET Nº 8,Entidad Local,"46013",València/Valencia,l'Horta Nord,Alboraia/Alboraya,PERSONAS MAYORES,PERSONAS MAYORES,"23837",zero@gva.es,"963171700",2013-07-24 00:00:00,"727804","4375626"
"POINT (718146 4349094)","1004","3479",CENTROS INTEGRALES DE MAYORES (CIMS) DE TITULARIDAD DE AYUNTAMIENTOS,CENTRO INTEGRAL DE MAYORES,"0",AJUNTAMENT D'ALGINET,C/ TURÍS S/N,Entidad Local,"46031",València/Valencia,la Ribera Alta,Alginet,PERSONAS MAYORES,PERSONAS MAYORES,"13283",zero@gva.es,"0",2013-12-12 00:00:00,"718146","4349094"
"POINT (728100 4382941)","1005","3481",CENTROS SOCIALES,CENTRO SOCIAL MUSEROS,"0",AJUNTAMENT DE MUSEROS,"AVDA. BLASCO IBAÑEZ, 87",Entidad Local,"46177",València/Valencia,l'Horta Nord,Museros,POBLACIÓN EN GENERAL Y COLECTIVOS SOCIALMENTE DESFAVORECIDOS,POBLACIÓN EN GENERAL Y COLECTIVOS SOCIALMENTE DESFAVORECIDOS,"6252",AJUNTAMENT-DIO@TERRA.ES,"961441680",2015-01-15 00:00:00,"728100","4382941"
"POINT (778433 4459832)","1006","3484",HOGARES Y CLUBS PARA PERSONAS MAYORES,ASSOCIACIO DE JUBILATS I PENSIONISTES SANT BENET,"0",AJUNTAMENT D'ALCALA DE XIVERT,"C/ SABINA, 23 - ALCOSSEBRE",Entidad Local,"12004",Castelló/Castellón,el Baix Maestrat,Alcalà de Xivert,PERSONAS MAYORES,PERSONAS MAYORES,"6893",zero@gva.es,"964143230",2013-07-26 00:00:00,"778433","4459832"
"POINT (732396 4479324)","1007","3485",CENTROS DE DÍA DE PERSONAS MAYORES DEPENDIENTES,CENTRO DE DIA P.M. DEPENDIENTES DE VILAFRANCA DEL CID,"19",FUNDACION GERON,C/ STA. TERESA S/N,Entidad Privada,"12129",Castelló/Castellón,els Ports,Vilafranca/Villafranca del Cid,PERSONAS MAYORES,PERSONAS MAYORES,"2289",cediaz@geron.es,"964860718",2013-07-11 00:00:00,"732396","4479324"
"POINT (692482 4194358)","1008","3488",CENTRO DE ATENCIÓN DIURNA PARA PERSONAS CON DISCAPACIDAD O DIVERSIDAD FUNCIONAL EN SITUACIÓN DE DEPENDENCIA,"CENTRO ATENCION DIURNA PARA PERSONAS CON DISCAPACIDAD EN SITUACION DE DEPENDENCIA ""GREGORIO ORTIZ","30",AYUNTAMIENTO DE PILAR DE LA HORADADA,"C/ CAÑADA DE PRAEZ, S/S",Entidad Local,"03902",Alacant/Alicante,el Baix Segura/La Vega Baja,Pilar de la Horadada,PERSONAS CON DISCAPACIDAD,PERSONAS CON DISCAPACIDAD,"21348",direccioncda@pilardelahoradada.org,"965352225",2015-04-01 00:00:00,"692482","4194358"
"POINT (715154 4319135)","1009","3491",CENTROS DE DÍA DE PERSONAS MAYORES DEPENDIENTES,CENTRO DE DIA DE LA RESIDENCIA P.M.D. SOLIMAR XATIVA,"20",GERIATRIC XATIVA SL,"CALLE ALZIRA, 2",Entidad Privada,"46145",València/Valencia,la Costera,Xàtiva,PERSONAS MAYORES,PERSONAS MAYORES,"28973",,"962287900",2015-02-12 00:00:00,"715154","4319135"
"POINT (733702 4321614)","1010","3492",HOGARES Y CLUBS PARA PERSONAS MAYORES,"CLUB DE CONVIVENCIA ""HOGAR DE JUBILADOS DE BARX""","0",AJUNTAMENT DE BARX,C/ GANDÍA Nº 55,Entidad Local,"46046",València/Valencia,la Safor,Barx,PERSONAS MAYORES,PERSONAS MAYORES,"1280",AJUNTAMENT@BARX.ES,"962807303",2014-07-04 00:00:00,"733702","4321614"
"POINT (721975 4367844)","1011","3495",CENTROS DE DÍA DE PERSONAS MAYORES DEPENDIENTES,CENTRE DE DIA PARA PERSONAS MAYORES DEPENDIENTES DE PICANYA,"35","LLOC DEL MAJOR DE PICANYA, S.L.U","C/ ZENOBIA CAMPRUBÍ, 2",Entidad Privada,"46193",València/Valencia,l'Horta Sud,Picanya,PERSONAS MAYORES,PERSONAS MAYORES,"11281",ADMONCENTREDEDIADEPICANYA@HOTMAIL.COM,"961591182",2015-05-05 00:00:00,"721975","4367844"
"POINT (700804 4239224)","1012","3496",ALBERGUES,CENTRO DE ACOGIDA Y ALOJAMIENTO POLIVALENTE CAUCE DE ELCHE,"31",CARITAS DIOCESANA DE ORIHUELA-ALICANTE,C/ CAUCE Nº 6,Entidad Privada,"03065",Alacant/Alicante,el Baix Vinalopó,Elx/Elche,POBLACIÓN EN GENERAL Y COLECTIVOS SOCIALMENTE DESFAVORECIDOS,POBLACIÓN EN GENERAL Y COLECTIVOS SOCIALMENTE DESFAVORECIDOS,"227659",zero@gva.es,"966667290",2021-11-08 00:00:00,"700804","4239224"
"POINT (724194 4374455)","1013","3497",CENTROS DE DÍA DE PERSONAS MAYORES DEPENDIENTES,CENTRO DE DIA BENICALAP PARA ENFERMOS DE ALZHEIMER Y OTRAS DEMENCIAS,"70",ASOCIACION DE FAMILIARES DE ENFERMOS DE  ALZHEIMER  VALENCIA (AFAV),PLAZA VICENTE ANDRÉS ESTELLES Nº 6,Entidad Privada,"46250",València/Valencia,València,València,PERSONAS MAYORES,PERSONAS MAYORES,"790201",afavalen@gmail.com,"963587958",2014-02-07 00:00:00,"724194","4374455"
"POINT (751768 4430408)","1014","3498",CENTROS SOCIALES,"CENTRO SERVICIOS SOCIALES    ""ZONA CENTRO""","0",AJUNTAMENT DE CASTELLO DE LA PLANA,"C/ COLON , 38, PLANTA BAJA",Entidad Local,"12040",Castelló/Castellón,la Plana Alta,Castelló de la Plana,POBLACIÓN EN GENERAL Y COLECTIVOS SOCIALMENTE DESFAVORECIDOS,POBLACIÓN EN GENERAL Y COLECTIVOS SOCIALMENTE DESFAVORECIDOS,"170990",zero@gva.es,"964355100",2014-09-01 00:00:00,"751768","4430408"
"POINT (723431 4370742)","1015","3499",VIVIENDA SUPERVISADA PARA PERSONAS CON ENFERMEDAD MENTAL CRÓNICA,VIVIENDA TUTELADA VIURE PATRAIX,"7",VIVIENDA TUTELADA VIURE S.L.,"CAMINO NUEVO DE PICAÑA, 3, PTA. 3ª",Entidad Privada,"46250",València/Valencia,València,València,PERSONAS CON ENFERMEDAD MENTAL,PERSONAS CON ENFERMEDAD MENTAL,"790201",viviendatuteladaviure@gmail.com,"960013882",2014-02-12 00:00:00,"723431","4370742"
"POINT (724376 4374910)","1016","3501",ALBERGUES,MULTISERVICIOS ASOCIACION VALENCIANA DE LA CARIDAD - BENICALAP-,"65",ASOCIACION VALENCIANA DE CARIDAD,"AVDA. DEL LEVANTE, U.D., Nº 2",Entidad Privada,"46250",València/Valencia,València,València,POBLACIÓN EN GENERAL Y COLECTIVOS SOCIALMENTE DESFAVORECIDOS,POBLACIÓN EN GENERAL Y COLECTIVOS SOCIALMENTE DESFAVORECIDOS,"790201",zero@gva.es,"0",2016-08-31 00:00:00,"724376","4374910"
"POINT (698728 4250580)","1017","3502",CENTROS INTEGRALES DE MAYORES (CIMS) DE TITULARIDAD DE AYUNTAMIENTOS,CENTRO INTEGRAL DE MAYORES MONFORTE DEL CID,"0",AYUNTAMIENTO DE MONFORTE DEL CID,C/JOAN MIRO Nº 16,Entidad Local,"03088",Alacant/Alicante,el Vinalopó Mitjà/El Vinalopó Medio,Monforte del Cid,PERSONAS MAYORES,PERSONAS MAYORES,"7500",zero@gva.es,"0",2014-05-09 00:00:00,"698728","4250580"
"POINT (729690 4284675)","1018","3506",CENTROS INTEGRALES DE MAYORES (CIMS) DE TITULARIDAD DE AYUNTAMIENTOS,CENTRO INTEGRAL DE MAYORES DE PENAGUILA,"0",AJUNTAMENT DE PENAGUILA,CALLE PARRAL Nº 4,Entidad Local,"03103",Alacant/Alicante,l'Alcoià,Penàguila,PERSONAS MAYORES,PERSONAS MAYORES,"328",zero@gva.es,"965513001",2014-05-13 00:00:00,"729690","4284675"
"POINT (750123 4277911)","1019","3507",RESIDENCIAS PARA PERSONAS MAYORES DEPENDIENTES,R.P.M.D. RESIDENCIA MONTEBELLO,"40",MONTEBELLO SENIOR LIVING SL,CALLE SERRA DE BERNIA Nº 34,Entidad Privada,"03094",Alacant/Alicante,la Marina Baixa,la Nucia,PERSONAS MAYORES,PERSONAS MAYORES,"19967",kundenbetreuung@johanneswerk.es,"966877000",2014-05-13 00:00:00,"750123","4277911"
"POINT (750912 4426100)","1020","3509",RESIDENCIAS PARA PERSONAS MAYORES DEPENDIENTES,RESIDENCIA P.M.D. SANTA Mª ROSA MOLAS,"75",HNAS. Nª SRA. DE LA CONSOLACIÓN - COMUNIDAD EN ALMAZORA,C/ DARREMUR DE LAS HNAS. NTRA. SRA. CONS,Entidad Privada,"12009",Castelló/Castellón,la Plana Alta,Almassora,PERSONAS MAYORES,PERSONAS MAYORES,"25632",residencia.almazora@consolacion.org,"964043297",2014-07-09 00:00:00,"750912","4426100"
"POINT (727308 4372266)","1021","3511",VIVIENDA ASISTIDA PARA PERSONAS CON ENFERMEDAD MENTAL CRÓNICA,VIVIENTA TUTELADA SUPERVISADA PARA ENFERMOS MENTALES VALTURIA SOCIAL II,"7","VALTURIA SOCIAL, S.L.","C/ VICENTE SANCHO TELLO Nº 1, PTS 4ª",Entidad Privada,"46250",València/Valencia,València,València,PERSONAS CON ENFERMEDAD MENTAL,PERSONAS CON ENFERMEDAD MENTAL,"790201",administracion@valturiasocial.es,"663796180",2014-06-16 00:00:00,"727308","4372266"
"POINT (668192 4325211)","1022","3513",CENTRO OCUPACIONAL PARA PERSONAS CON DISCAPACIDAD O DIVERSIDAD FUNCIONAL,RESIDENCIA PARA PERSONAS MAYORES DEPENDIENTES AYORA,"35",AYUNTAMIENTO DE AYORA,C/  TRINQUETE Nº. 29,Entidad Local,"46044",València/Valencia,El Valle de Cofrentes-Ayora,Ayora,PERSONAS CON DISCAPACIDAD,PERSONAS CON DISCAPACIDAD,"5320",,"961890578",2015-01-30 00:00:00,"668192","4325211"
"POINT (668192 4325211)","1023","3513",RESIDENCIAS PARA PERSONAS CON DIVERSIDAD FUNCIONAL PSÍQUICA,RESIDENCIA PARA PERSONAS MAYORES DEPENDIENTES AYORA,"12",AYUNTAMIENTO DE AYORA,C/  TRINQUETE Nº. 29,Entidad Local,"46044",València/Valencia,El Valle de Cofrentes-Ayora,Ayora,PERSONAS CON DISCAPACIDAD,PERSONAS CON DISCAPACIDAD,"5320",,"961890578",2015-01-30 00:00:00,"668192","4325211"
"POINT (668192 4325211)","1024","3513",RESIDENCIAS PARA PERSONAS MAYORES DEPENDIENTES,RESIDENCIA PARA PERSONAS MAYORES DEPENDIENTES AYORA,"63",AYUNTAMIENTO DE AYORA,C/  TRINQUETE Nº. 29,Entidad Local,"46044",València/Valencia,El Valle de Cofrentes-Ayora,Ayora,PERSONAS MAYORES,PERSONAS MAYORES,"5320",,"961890578",2015-01-30 00:00:00,"668192","4325211"
"POINT (708632 4316608)","1025","3514",CENTROS SOCIALES,CENTRO SOCIAL POLIVALENTE DE L'ALCUDIA DE CRESPINS,"0",AJUNTAMENT DE L'ALCUDIA DE CRESPINS,"PADRE SANCHIS, 10",Entidad Local,"46020",València/Valencia,la Costera,l'Alcúdia de Crespins,POBLACIÓN EN GENERAL Y COLECTIVOS SOCIALMENTE DESFAVORECIDOS,POBLACIÓN EN GENERAL Y COLECTIVOS SOCIALMENTE DESFAVORECIDOS,"5181",ACRESPINS_ALC@GVA.ES,"962241714",2016-09-22 00:00:00,"708632","4316608"
"POINT (750300 4277981)","1026","3515",CENTROS DE DÍA DE PERSONAS MAYORES DEPENDIENTES,"CENTRO DE DIA PARA PERSONAS MAYORES DEPENDIENTES ""CENTRO DE DIA LA NUCIA""","40",AJUNTAMENT DE LA NUCIA,AVENIDA CARRETERA Nº 56,Entidad Local,"03094",Alacant/Alicante,la Marina Baixa,la Nucia,PERSONAS MAYORES,PERSONAS MAYORES,"19967",CENTRODEDIALANUNCIA@TERRA.COM,"966896501",2014-07-07 00:00:00,"750300","4277981"
"POINT (718676 4371083)","1027","3516",CENTROS DE DÍA DE PERSONAS MAYORES DEPENDIENTES,CENTRO DE DIA PARA PERSONAS MAYORES DEPENDIENTES CUIDALIS,"42",CENTRE DE SERVEIS ALDAIA S.L.,"C/ VALENCIA Nº 34, D",Entidad Privada,"46021",València/Valencia,l'Horta Sud,Aldaia,PERSONAS MAYORES,PERSONAS MAYORES,"31246",info@cuidalis.com,"609719193",2019-02-13 00:00:00,"718676","4371083"
"POINT (706258 4232885)","1028","3519",CENTROS DE ATENCIÓN TEMPRANA (CAT),CENTRO DE ATENCION TEMPRANA FUNDACION SALUD INFANTIL,"70",FUNDACION PARA LA SALUD INFANTIL DE LA COMUNIDAD VALENCIANA,"PASEO DE LA JUVENTUD, S/N",Entidad Privada,"03065",Alacant/Alicante,el Baix Vinalopó,Elx/Elche,PERSONAS CON DISCAPACIDAD,PERSONAS CON DISCAPACIDAD,"227659",DIRECCION2FUNDACIONSALUDINFANTIL.ORG,"966661529",2016-09-05 00:00:00,"706258","4232885"
"POINT (708596 4392821)","1029","3525",VIVIENDA ASISTIDA PARA PERSONAS CON DISCAPACIDAD INTELECTUAL,VIVIENDA TUTELADA EL MAS DEL MUSSOL,"7",ASSOCIACIO PODEM,"PARCELA, Nº 83, POLIGONO 87",Entidad Privada,"46147",València/Valencia,el Camp de Túria,Llíria,PERSONAS CON DISCAPACIDAD,PERSONAS CON DISCAPACIDAD,"22796",DAVIDLEON05@GMAIL.COM,"634566625",2015-02-19 00:00:00,"708596","4392821"
"POINT (734586 4401958)","1030","3528",RESIDENCIAS PARA PERSONAS MAYORES DEPENDIENTES,RESIDENCIA PARA PERSONAS MAYORES DEPENDIENTES MIRADOR,"83","HISPANIA CARE MIRADOR, SLU",RONDA 9 D'OCTUBRE Nº 35,Entidad Privada,"46103",València/Valencia,el Camp de Morvedre,Quartell,PERSONAS MAYORES,PERSONAS MAYORES,"1538",info@residenciamirador.es,"962636033",2015-01-29 00:00:00,"734586","4401958"
"POINT (700750 4317590)","1031","3529",CENTROS DE DÍA DE PERSONAS MAYORES DEPENDIENTES,CENTRO DE DIA PERSONAS MAYORES DEPENDIENTES SAN RAFAEL,"36",ASOCIACION RESIDENCIA SAN RAFAEL DE ENGUERA,"PASEO HERMANAS MERCEDARIAS, S/N",Entidad Privada,"46118",València/Valencia,La Canal de Navarrés,Enguera,PERSONAS MAYORES,PERSONAS MAYORES,"5027",direccion@residenciasanrafaelenguera.com,"962224032",2017-11-23 00:00:00,"700750","4317590"
"POINT (752350 4429568)","1032","3530",VIVIENDA SUPERVISADA PARA PERSONAS CON ENFERMEDAD MENTAL CRÓNICA,"Centro Residencial de carácter convivencial de apoyo limitado ""Castellón""","6",FUNDACION MANANTIAL,"AVDA/ VALENCIA Nº 34, ESCAL-1, BAJO-2ª",Entidad Privada,"12040",Castelló/Castellón,la Plana Alta,Castelló de la Plana,PERSONAS CON ENFERMEDAD MENTAL,PERSONAS CON ENFERMEDAD MENTAL,"170990",MANANTIAL@FUNDACIONMANANTIAL.ORG,"657011246",2015-02-02 00:00:00,"752350","4429568"
"POINT (734586 4401958)","1033","3531",CENTROS DE DÍA DE PERSONAS MAYORES DEPENDIENTES,CENTRO DE DIA PARA PERSONAS MAYORES DEPENDIENTES MIRADOR,"27","HISPANIA CARE MIRADOR, SLU","RONDA 9 D'OCTUBRE, Nº 35",Entidad Privada,"46103",València/Valencia,el Camp de Morvedre,Quartell,PERSONAS MAYORES,PERSONAS MAYORES,"1538",info@residenciamirador.es,"962363033",2015-01-29 00:00:00,"734586","4401958"
"POINT (704206 4237628)","1034","3532",CENTRO ESPECÍFICO PARA ENFERMOS MENTALES CRÓNICOS (CEEM),CENTRO ESPECIFICO PARA ENFERMOS MENTALES CRONICOS (C.E.E.M.) DE ELCHE,"40",ASOCIACION DE FAMILIARES Y PERSONAS CON ENFERMEDAD MENTAL GRAVE DE LA PROVINCIA DE ALICANTE - ASFEME,"AVDA. ELCHE CLUB DE FÚTBOL, NÚM. 2",Entidad Privada,"03065",Alacant/Alicante,el Baix Vinalopó,Elx/Elche,PERSONAS CON ENFERMEDAD MENTAL,PERSONAS CON ENFERMEDAD MENTAL,"227659",info@asfeme.org,"966636334",2016-08-23 00:00:00,"704206","4237628"
"POINT (704206 4237628)","1035","3533",CENTRO DE DÍA PARA PERSONAS CON ENFERMEDAD MENTAL CRÓNICA,CENTRO DE DIA  PERSONAS CON ENFERMEDAD MENTAL CRONICA DE ELCHE,"20",ASOCIACION DE FAMILIARES Y PERSONAS CON ENFERMEDAD MENTAL GRAVE DE LA PROVINCIA DE ALICANTE - ASFEME,"AVENIDA ELCHE CLUB DE FÚTBOL, NÚM. 2",Entidad Privada,"03065",Alacant/Alicante,el Baix Vinalopó,Elx/Elche,PERSONAS CON ENFERMEDAD MENTAL,PERSONAS CON ENFERMEDAD MENTAL,"227659",info@asfeme.org,"966636334",2016-08-23 00:00:00,"704206","4237628"
"POINT (717118 4325917)","1036","3534",VIVIENDA SUPERVISADA PARA PERSONAS CON ENFERMEDAD MENTAL CRÓNICA PARA LA PROMOCIÓN DE LA AUTONOMÍA Y EL FOMENTO DEL APRENDIZAJE DE LAS ACTIVIDADES DE LA VIDA DIARIA,VIVIENDA TUTELADA BUENDIA,"7",MEBUCE SOCIEDAD LIMITADA,C/ ANGEL Nº. 49,Entidad Privada,"46160",València/Valencia,la Ribera Alta,Manuel,PERSONAS CON ENFERMEDAD MENTAL,PERSONAS CON ENFERMEDAD MENTAL,"2459",info@buendiamentales.com,"962440279",2015-01-13 00:00:00,"717118","4325917"
"POINT (716150 4252700)","1037","3538",CENTRO DE ATENCIÓN DIURNA PARA PERSONAS CON DISCAPACIDAD O DIVERSIDAD FUNCIONAL EN SITUACIÓN DE DEPENDENCIA,CENTRO DE ATENCION DIURNA PARA PERSONAS EN SITUACION DE DEPENDENCIA  ADACEA ALICANTE,"40",ASOCIACION DE DAÑO CEREBRAL ADQUIRIDO DE LA PROVINCIA DE  ALICANTE (ADACEA),"PETRER, LOCAL 2",Entidad Privada,"03122",Alacant/Alicante,l'Alacantí,Sant Vicent del Raspeig/San Vicente del Raspeig,PERSONAS CON DISCAPACIDAD,PERSONAS CON DISCAPACIDAD,"56715",ADACEAALICANTE@GMAIL.COM,"965133906",2015-03-26 00:00:00,"716150","4252700"
"POINT (719946 4247147)","1038","3541",VIVIENDAS TUTELADAS,VIVIENDA DE APOYO A LA INSERCION SOCI-LABORAL DE JOVENES,"7",ASOCIACIÓN CASA OBERTA,AVDA. DE ALCOY Nº 36 - 4º C,Entidad Privada,"03014",Alacant/Alicante,l'Alacantí,Alacant/Alicante,POBLACIÓN EN GENERAL Y COLECTIVOS SOCIALMENTE DESFAVORECIDOS,POBLACIÓN EN GENERAL Y COLECTIVOS SOCIALMENTE DESFAVORECIDOS,"330525",zero@gva.es,"965254362",2017-01-23 00:00:00,"719946","4247147"
"POINT (769580 4303565)","1039","3543",VIVIENDA ASISTIDA PARA PERSONAS CON DISCAPACIDAD INTELECTUAL,VIVIENDA TUTELADA APROSDECO II,"6",ASOCIACION PRO-DISCAPACIDAD INTELECTUAL DE LA COMARCA DE LA MARINA ALTA. APROSDECO,"C/ HERMANOS GAVILA FERRER, 1-1º",Entidad Privada,"03063",Alacant/Alicante,la Marina Alta,Dénia,PERSONAS CON DISCAPACIDAD,PERSONAS CON DISCAPACIDAD,"41465",COLAXARA@TERRA.ES,"0",2015-12-09 00:00:00,"769580","4303565"
"POINT (715119 4319126)","1040","3544",CENTRO ESPECÍFICO PARA ENFERMOS MENTALES CRÓNICOS (CEEM),CENTRO ESPECIFICO DE ENFERMOS MENTALES (CEEM XÁTIVA),"40",FAMILIARES DE ENFERMOS MENT. LA COSTERA AREA 13,CARRETERA ALZIRA 2 A,Entidad Privada,"46145",València/Valencia,la Costera,Xàtiva,PERSONAS CON ENFERMEDAD MENTAL,PERSONAS CON ENFERMEDAD MENTAL,"28973",ACOFEM13@HOTMAIL.COM,"963149094",2015-12-17 00:00:00,"715119","4319126"
"POINT (715119 4319126)","1041","3545",CENTRO DE REHABILITACIÓN E INTEGRACIÓN SOCIAL PARA ENFERMOS MENTALES CRÓNICOS,CENTRO DE REHABILITACIÓN E INTEGRACIÓN SOCIAL DE XÁTIVA,"70",FAMILIARES DE ENFERMOS MENT. LA COSTERA AREA 13,CARRETERA ALCIRA 2 A,Entidad Privada,"46145",València/Valencia,la Costera,Xàtiva,PERSONAS CON ENFERMEDAD MENTAL,PERSONAS CON ENFERMEDAD MENTAL,"28973",ACOFEM13@HOTMAIL.COM,"963149095",2015-12-17 00:00:00,"715119","4319126"
"POINT (718482 4367667)","1042","3547",VIVIENDA SUPERVISADA PARA PERSONAS CON DISCAPACIDAD INTELECTUAL,VIVIENDA TUTELADA GOIG,"6",FUNDACIÓ ESPURNA DE LA C.V.,"C/ STA Mª MAZZARELLO Nº 14, ESC B 3º- 6ª",Entidad Privada,"46244",València/Valencia,l'Horta Sud,Torrent,PERSONAS CON DISCAPACIDAD,PERSONAS CON DISCAPACIDAD,"80762",TORR@ESPURGA.ORG,"961080608",2015-05-19 00:00:00,"718482","4367667"
"POINT (718482 4367667)","1043","3548",VIVIENDA SUPERVISADA PARA PERSONAS CON DISCAPACIDAD INTELECTUAL,VIVIENDA TUTELADA TRESOR,"6",FUNDACIÓ ESPURNA DE LA C.V.,"C/ STA MARIA MAZZRELLO Nº 14 ESC B,PT 4ª",Entidad Privada,"46244",València/Valencia,l'Horta Sud,Torrent,PERSONAS CON DISCAPACIDAD,PERSONAS CON DISCAPACIDAD,"80762",TORRENT@ESPURNA.ORG,"961080608",2015-05-19 00:00:00,"718482","4367667"
"POINT (718482 4367667)","1044","3549",VIVIENDA SUPERVISADA PARA PERSONAS CON DISCAPACIDAD INTELECTUAL,"VIVIENDA TUTELADA ""CARMEN CUESTA I""","6",FUNDACIÓ ESPURNA DE LA C.V.,"C/ MARIA MAZARELLO Nº 14 ESC. B, 2º-5ª",Entidad Privada,"46244",València/Valencia,l'Horta Sud,Torrent,PERSONAS CON DISCAPACIDAD,PERSONAS CON DISCAPACIDAD,"80762",ESPURNA@ESPURNA.ORG,"961080608",2015-05-19 00:00:00,"718482","4367667"
"POINT (718482 4367667)","1045","3550",VIVIENDA SUPERVISADA PARA PERSONAS CON DISCAPACIDAD INTELECTUAL,VIVIENDA TUTELADA CARMEN CUESTA II,"6",FUNDACIÓ ESPURNA DE LA C.V.,C/STA. MARIA MAZARELLO Nº 14 ESC B 3º-7ª,Entidad Privada,"46244",València/Valencia,l'Horta Sud,Torrent,PERSONAS CON DISCAPACIDAD,PERSONAS CON DISCAPACIDAD,"80762",ESPURNA@ESPURNA.ORG,"961080608",2015-05-19 00:00:00,"718482","4367667"
"POINT (718482 4367667)","1046","3551",VIVIENDA SUPERVISADA PARA PERSONAS CON DISCAPACIDAD INTELECTUAL,VIVIENDA TUTELADA CARMEN CUESTA III,"6",FUNDACIÓ ESPURNA DE LA C.V.,"C/ MARIA MARZARELLO Nº 14, ESC B, PTA. 8",Entidad Privada,"46244",València/Valencia,l'Horta Sud,Torrent,PERSONAS CON DISCAPACIDAD,PERSONAS CON DISCAPACIDAD,"80762",ESPUERNA@ESPURNA.ORG,"966910806",2015-05-19 00:00:00,"718482","4367667"
"POINT (718482 4367667)","1047","3552",VIVIENDA SUPERVISADA PARA PERSONAS CON DISCAPACIDAD INTELECTUAL,VIVIENDA TUTELADA CARMEN CUESTA IV,"6",FUNDACIÓ ESPURNA DE LA C.V.,"C/ STA MARIA MAZARELLO Nº14 ESC B, 3ª",Entidad Privada,"46244",València/Valencia,l'Horta Sud,Torrent,PERSONAS CON DISCAPACIDAD,PERSONAS CON DISCAPACIDAD,"80762",TORRENT@ESPURNA.ORG,"961080608",2015-05-19 00:00:00,"718482","4367667"
"POINT (718482 4367667)","1048","3553",VIVIENDA SUPERVISADA PARA PERSONAS CON DISCAPACIDAD INTELECTUAL,"VIVIENDA TUTELADA ""LA LLAR""","6",FUNDACIÓ ESPURNA DE LA C.V.,C/STA MARIA MAZZARELLO Nº 14 ESC B PTA 1,Entidad Privada,"46244",València/Valencia,l'Horta Sud,Torrent,PERSONAS CON DISCAPACIDAD,PERSONAS CON DISCAPACIDAD,"80762",TORRENT@ESPURNA.ORG,"961080608",2015-05-19 00:00:00,"718482","4367667"
"POINT (700463 4317122)","1049","3555",VIVIENDA SUPERVISADA PARA PERSONAS CON DISCAPACIDAD INTELECTUAL,VIVIENDA TUTELADA JOSE MASET,"7",ADISPEC.ASOC.DISC.PSIQ.ENGUERA Y COMARCA,"C/ BAJADA DEL TERRERO Nº 4 ESCALERA B, 3",Entidad Privada,"46118",València/Valencia,La Canal de Navarrés,Enguera,PERSONAS CON DISCAPACIDAD,PERSONAS CON DISCAPACIDAD,"5027",ADISPEC@YAHOO.ES,"962224046",2015-09-10 00:00:00,"700463","4317122"
"POINT (700463 4317122)","1050","3556",VIVIENDA SUPERVISADA PARA PERSONAS CON DISCAPACIDAD INTELECTUAL,VIVIENDA TUTELADA ANGELES PERALES,"6",ADISPEC.ASOC.DISC.PSIQ.ENGUERA Y COMARCA,C/ BAJADA DEL TERRERO Nº 4 ESC B 2ª - 8,Entidad Privada,"46118",València/Valencia,La Canal de Navarrés,Enguera,PERSONAS CON DISCAPACIDAD,PERSONAS CON DISCAPACIDAD,"5027",ADISPEC@YAHOO.ES,"962224046",2015-12-17 00:00:00,"700463","4317122"
"POINT (721557 4373137)","1051","3570",CENTRO OCUPACIONAL PARA PERSONAS CON DISCAPACIDAD O DIVERSIDAD FUNCIONAL,CENTRO OCUPACIONAL MUNICIPAL-2,"50",AJUNTAMENT DE MISLATA,C/ DOLORES IBARRURI S/N,Entidad Local,"46169",València/Valencia,l'Horta Sud,Mislata,PERSONAS CON DISCAPACIDAD,PERSONAS CON DISCAPACIDAD,"42988",zero@gva.es,"963991100",2018-04-03 00:00:00,"721557","4373137"
"POINT (685496 4279096)","1052","3577",VIVIENDA SUPERVISADA PARA PERSONAS CON ENFERMEDAD MENTAL CRÓNICA,Vivienda supervisada la Paz,"4",FUNDACION SANAMENTE DE LA COMUNIDAD VALENCIANA,"AVDA. CONSTITUCIÓN, 149",Entidad Privada,"03140",Alacant/Alicante,l’Alt Vinalopó/El Alto Vinalopó,Villena,PERSONAS CON ENFERMEDAD MENTAL,PERSONAS CON ENFERMEDAD MENTAL,"34163",,"965814735",2015-09-01 00:00:00,"685496","4279096"
"POINT (689075 4256401)","1053","3578",VIVIENDA SUPERVISADA PARA PERSONAS CON DISCAPACIDAD INTELECTUAL,VIVIENDA TUTELADA MANC. INTERMUNICIPAL DEL VALLE DEL VINALOPO,"5",MANCOMUNIDAD INTERMUNICIPAL DEL VALLE DEL VINALOPO,"GUARDERIA, 1, ESC.4, 3º B",Entidad Local,"03089",Alacant/Alicante,el Vinalopó Mitjà/El Vinalopó Medio,Monòver/Monóvar,PERSONAS CON DISCAPACIDAD,PERSONAS CON DISCAPACIDAD,"12272",MOLINET87@YAHOO.ES,"965473110",2015-11-12 00:00:00,"689075","4256401"
"POINT (727477 4372411)","1054","3581",VIVIENDA ASISTIDA PARA PERSONAS CON ENFERMEDAD MENTAL CRÓNICA,VIVIENDA TUTELADA VALTURIA SOCIAL III,"7","VALTURIA SOCIAL, S.L.",C/ CHILE Nº. 17 PTA. 7,Entidad Privada,"46250",València/Valencia,València,València,PERSONAS CON ENFERMEDAD MENTAL,PERSONAS CON ENFERMEDAD MENTAL,"790201",administracion@valturiasocial.es,"663796180",2015-12-02 00:00:00,"727477","4372411"
"POINT (770039 4303570)","1055","3582",VIVIENDA ASISTIDA PARA PERSONAS CON ENFERMEDAD MENTAL CRÓNICA,VIVIENDA TUTELADA SALADAR,"7",INTEGRA MENT S.L.,"PASEO SALADAR, 91-1-1",Entidad Privada,"03063",Alacant/Alicante,la Marina Alta,Dénia,PERSONAS CON ENFERMEDAD MENTAL,PERSONAS CON ENFERMEDAD MENTAL,"41465",lumadecar@hotmail.es,"966270182",2015-12-10 00:00:00,"770039","4303570"
"POINT (722392 4249492)","1056","3585",RESIDENCIAS PARA PERSONAS MAYORES DEPENDIENTES,RESIDENCIA PERSONAS MAYORES DEPENDIENTES VISTASOL 5,"100","CABANAN HOLDING, S.L.",CALLE CONCHA ESPINA Nº 26,Entidad Privada,"03014",Alacant/Alicante,l'Alacantí,Alacant/Alicante,PERSONAS MAYORES,PERSONAS MAYORES,"330525",nilumaly@vistasol5.com,"966109449",2015-12-02 00:00:00,"722392","4249492"
"POINT (654771 4381376)","1057","3586",C. A. RESIDENCIAL PARA PERSONAS EN SITUACIÓN DE DEPENDENCIA,"C. A. RESIDENCIAL PARA PERSONAS CON DISCAPACIDAD ""RESIDENCIA LOS VIÑEDOS II""","40",FUNDACION RESIDENCIA DE ANCIANOS Y C. DE SERV. SOC. DE NTRA. SRA. DEL REMEDIO Y DEL S. C. DE JESUS,"C/ BENIFICENCIA, 31",Entidad Privada,"46249",València/Valencia,La Plana de Utiel-Requena,Utiel,PERSONAS CON DISCAPACIDAD,PERSONAS CON DISCAPACIDAD,"11748",utiel@comunidaddevalencia.com,"962168346",2017-11-06 00:00:00,"654771","4381376"
"POINT (739338 4396067)","1058","3590",C. A. RESIDENCIAL PARA PERSONAS EN SITUACIÓN DE DEPENDENCIA,"C. ATENC RESID. PERSONAS CON DISC. EN SITUACIÓN DE DEP. ""ASIGER VALENTIA""","80",ASIGER VALENTIA S.L.,C/ GUILLEN DE CASTRO Nª 4,Entidad Privada,"46082",València/Valencia,el Camp de Morvedre,Canet d'En Berenguer,PERSONAS CON ENFERMEDAD MENTAL,PERSONAS CON ENFERMEDAD MENTAL,"6513",INFO@ASIGER.COM,"625056769",2017-04-10 00:00:00,"739338","4396067"
"POINT (685882 4277687)","1059","3591",VIVIENDA SUPERVISADA PARA PERSONAS CON DISCAPACIDAD INTELECTUAL,VIVIENDA TUTELADA APADIS II,"5",ASOC. PARA LA ATENCION DE LAS PERSONAS CON DISCAPACIDAD INTELECTUAL DE VILLENA Y COMARCA - APADIS,"TESORO DE VILLENA, 1, 2º F",Entidad Privada,"03140",Alacant/Alicante,l’Alt Vinalopó/El Alto Vinalopó,Villena,PERSONAS CON DISCAPACIDAD,PERSONAS CON DISCAPACIDAD,"34163",DIRECTOR.CENTRO.OCUPACIONAL@APADIS.COM,"965801120",2016-01-21 00:00:00,"685882","4277687"
"POINT (720008 4373589)","1060","3592",RESIDENCIAS PARA PERSONAS CON DIVERSIDAD FUNCIONAL FÍSICA,CENTRO DE TIPOLOGÍA MIXTA DE QUART DE POBLET,"26",AJUNTAMENT DE QUART DE POBLET,"AVENIDA DE MADRID, 8",Entidad Local,"46102",València/Valencia,l'Horta Sud,Quart de Poblet,PERSONAS CON DISCAPACIDAD,PERSONAS CON DISCAPACIDAD,"24776",zero@gva.es,"967596210",2016-05-23 00:00:00,"720008","4373589"
"POINT (720008 4373589)","1061","3592",RESIDENCIAS PARA PERSONAS MAYORES DEPENDIENTES,CENTRO DE TIPOLOGÍA MIXTA DE QUART DE POBLET,"66",AJUNTAMENT DE QUART DE POBLET,"AVENIDA DE MADRID, 8",Entidad Local,"46102",València/Valencia,l'Horta Sud,Quart de Poblet,PERSONAS MAYORES,PERSONAS MAYORES,"24776",zero@gva.es,"967596210",2016-05-23 00:00:00,"720008","4373589"
"POINT (723318 4370643)","1062","3594",VIVIENDA SUPERVISADA PARA PERSONAS CON ENFERMEDAD MENTAL CRÓNICA PARA LA PROMOCIÓN DE LA AUTONOMÍA Y EL FOMENTO DEL APRENDIZAJE DE LAS ACTIVIDADES DE LA VIDA DIARIA,VIVIENDA TUTELADA VIURE AUTONOMÍA,"5",VIVIENDA TUTELADA VIURE S.L.,C/ CAMINO NUEVO DE PICANYA Nº. 3 PTA 1ª,Entidad Privada,"46250",València/Valencia,València,València,PERSONAS CON ENFERMEDAD MENTAL,PERSONAS CON ENFERMEDAD MENTAL,"790201",VIVIENDATUTELADAVIURE@GMAIL.COM,"960013882",2016-02-22 00:00:00,"723318","4370643"
"POINT (726442 4369508)","1063","3595",C. A. RESIDENCIAL PARA PERSONAS EN SITUACIÓN DE DEPENDENCIA,C. ATENCIÓN RESIDENCIAL PARA PERSONAS CON DISC. EN SITUACIÓN DEP. MENT VALENCIA,"25",MENT VALENCIA S.L.,AVDA. AUSIAS MARCH Nº. 101 BAJO,Entidad Privada,"46250",València/Valencia,València,València,PERSONAS CON ENFERMEDAD MENTAL,PERSONAS CON ENFERMEDAD MENTAL,"790201",MENTVALENCIA101@GMAIL.COM,"960914594",2016-02-08 00:00:00,"726442","4369508"
"POINT (711609 4381615)","1064","3600",RESIDENCIAS PARA PERSONAS MAYORES DEPENDIENTES,RESIDENCIA P. M. D. LA SALETA MASIA DEL PILAR L'ELIANA,"88",LA SALETA CARE SL,C/ MARQUESOS DEL TREMOLAR Nº 10,Entidad Privada,"46116",València/Valencia,el Camp de Túria,l'Eliana,PERSONAS MAYORES,PERSONAS MAYORES,"17591",LASALETA@LASALETA.COM,"961366283",2016-04-21 00:00:00,"711609","4381615"
"POINT (744132 4316187)","1065","3602",VIVIENDA SUPERVISADA PARA PERSONAS CON DISCAPACIDAD INTELECTUAL PARA LA PROMOCIÓN DE LA AUTONOMÍA Y EL FOMENTO DEL APRENDIZAJE DE LAS ACTIVIDADES DE LA VIDA DIARIA,"VIVIENDA TUTELADA  SUPERVISADA PARA LA PROMOCIÓN DE LA AUTONOMÍA ""COLLVERT""","7",FUNDACIÓ ESPURNA DE LA C.V.,C/ ROTOVA Nº. 25 PISO 4º. PTA. 30,Entidad Privada,"46131",València/Valencia,la Safor,Gandia,PERSONAS CON DISCAPACIDAD,PERSONAS CON DISCAPACIDAD,"74814",ESPURNA@ESPURNA.ORG,"962965755",2016-08-24 00:00:00,"744132","4316187"
"POINT (744132 4316187)","1066","3603",VIVIENDA SUPERVISADA PARA PERSONAS CON DISCAPACIDAD INTELECTUAL PARA LA PROMOCIÓN DE LA AUTONOMÍA Y EL FOMENTO DEL APRENDIZAJE DE LAS ACTIVIDADES DE LA VIDA DIARIA,"VIVIENDA TUTELADA  ""NORAY""","6",FUNDACIÓ ESPURNA DE LA C.V.,C/ ROTOVA Nº. 25 PISO 5º. PTA 34,Entidad Privada,"46131",València/Valencia,la Safor,Gandia,PERSONAS CON DISCAPACIDAD,PERSONAS CON DISCAPACIDAD,"74814",ESPURNA@ESPURNA.ORG,"962965155",2016-06-02 00:00:00,"744132","4316187"
"POINT (723604 4381984)","1067","3604",VIVIENDA ASISTIDA PARA PERSONAS CON DISCAPACIDAD INTELECTUAL,"VIVIENDA TUTELADA ASISTIDA ""TEA""","7",FUNDACIÓN TEA DE LA CAMUNITAT VALENCIANA,C/ HUELVA Nº. 49,Entidad Privada,"46171",València/Valencia,l'Horta Nord,Montcada/Moncada,PERSONAS CON DISCAPACIDAD,PERSONAS CON DISCAPACIDAD,"21700",INFO@FUNDACIOTEA.ORG,"639235553",2016-06-14 00:00:00,"723604","4381984"
"POINT (688599 4219635)","1068","3606",TALLER PRELABORAL DE INSERCIÓN SOCIAL,TALLER PRELABORAL DE INSERCION SOCIAL (TAPIS) DE RAFAL,"25",MANCOMUNIDAD BAJO SEGURA,"FCO.MARTINEZ MORALES ""PACO EL BUENO"", 11",Entidad Local,"03109",Alacant/Alicante,el Baix Segura/La Vega Baja,Rafal,POBLACIÓN EN GENERAL Y COLECTIVOS SOCIALMENTE DESFAVORECIDOS,POBLACIÓN EN GENERAL Y COLECTIVOS SOCIALMENTE DESFAVORECIDOS,"4218",zero@gva.es,"0",2020-02-28 00:00:00,"688599","4219635"
"POINT (737915 4440311)","1069","3609",CENTROS DE DÍA DE PERSONAS MAYORES DEPENDIENTES,CENTRO DE DIA DE L'ALCORA,"40",AJUNTAMENT DE L'ALCORA,"C/ PAIS VALENCIA, n.º 31",Entidad Local,"12005",Castelló/Castellón,l'Alcalatén,l'Alcora,PERSONAS MAYORES,PERSONAS MAYORES,"10535",,"964360002; 964367054",2020-07-10 00:00:00,"737915","4440311"
"POINT (711609 4381615)","1070","3613",CENTROS DE DÍA DE PERSONAS MAYORES DEPENDIENTES,CENTRO DE DIA P.M.D. LA SALETA MASIA DEL PILAR LA ELIANA,"22",LA SALETA CARE SL,C/ MARQUESOS DEL TREMOLAR Nº 10,Entidad Privada,"46116",València/Valencia,el Camp de Túria,l'Eliana,PERSONAS MAYORES,PERSONAS MAYORES,"17591",LA SALETA@LASALETA.COM,"0",2016-04-21 00:00:00,"711609","4381615"
"POINT (722638 4371996)","1071","3616",CENTROS DE ATENCIÓN TEMPRANA (CAT),"CENTRO DE DESARROLLO INFANTIL Y ATENCION TEMPRANA ""ASINDOWN""","60",FUNDACION ASINDOWN,C/ JOSE MARIA BAYARRI Nº. 6 BAJO,Entidad Privada,"46250",València/Valencia,València,València,PERSONAS CON DISCAPACIDAD,PERSONAS CON DISCAPACIDAD,"790201",ADMINISTRACION@ASINDOWN.ORG,"969834298",2016-07-25 00:00:00,"722638","4371996"
"POINT (654410 4381053)","1072","3618",CENTROS DE ATENCIÓN TEMPRANA (CAT),"CENTRO DE ATENCION TEMPRANA ""CATUR""","38",ASOCIACION COMARCAL DE  ATENCION TEMPRANA UTIEL-REQUENA (ACATUR),C/ DOCTOR ALEJANDRO GARCIA Nº. 27 BAJO,Entidad Privada,"46249",València/Valencia,La Plana de Utiel-Requena,Utiel,PERSONAS CON DISCAPACIDAD,PERSONAS CON DISCAPACIDAD,"11748",zero@gva.es,"649715650",2016-05-31 00:00:00,"654410","4381053"
"POINT (736164 4327910)","1073","3619",CENTRO OCUPACIONAL PARA PERSONAS CON DISCAPACIDAD O DIVERSIDAD FUNCIONAL,CENTRO OCUPACIONAL LA VALLDIGNA,"41",FUNDACIÓ INTEGRA VALLDIGNA DE LA C.V.,PASSEIG DE LEPANT Nº. 26,Entidad Privada,"46238",València/Valencia,la Safor,Tavernes de la Valldigna,PERSONAS CON DISCAPACIDAD,PERSONAS CON DISCAPACIDAD,"17485",E203@TAVERNES.ORG,"626659965",2016-06-03 00:00:00,"736164","4327910"
"POINT (792562 4484896)","1074","3621",CENTROS DE ATENCIÓN TEMPRANA (CAT),CENTRO DE ATENCIÓN TEMPRANA CREIXEM,"70",INSTITUTO VALENCIANO DE SERVICIOS SOCIALES,PARQUE INDIUSTRIAL MEDITERRÁNEO C/E Nº30,Entidad Propia,"12138",Castelló/Castellón,el Baix Maestrat,Vinaròs,PERSONAS CON DISCAPACIDAD,PERSONAS CON DISCAPACIDAD,"28290",CREIXEM@HOTMAIL.COM,"670043678",2016-08-29 00:00:00,"792562","4484896"
"POINT (724863 4371363)","1075","3623",VIVIENDA ASISTIDA PARA PERSONAS CON ENFERMEDAD MENTAL CRÓNICA,"NUEVA VIVIENDA TUTELADA ""VALTURIA-I""","7","VALTURIA SOCIAL, S.L.",C/ MAESTRO SOSA Nº. 1 PTA. 16,Entidad Privada,"46250",València/Valencia,València,València,PERSONAS CON ENFERMEDAD MENTAL,PERSONAS CON ENFERMEDAD MENTAL,"790201",administracion@valturiasocial.es,"653796180",2016-05-25 00:00:00,"724863","4371363"
"POINT (753188 4430429)","1076","3634",VIVIENDA ASISTIDA PARA PERSONAS CON DISCAPACIDAD INTELECTUAL,VIVIENDA TUTELADA AFANIAS,"7",ASOCIACION AFANIAS CASTELLÓN,"C/ RUIZ VILA, Nº 8-5º-10ª",Entidad Privada,"12040",Castelló/Castellón,la Plana Alta,Castelló de la Plana,PERSONAS CON DISCAPACIDAD,PERSONAS CON DISCAPACIDAD,"170990",AFANIAS@AFANIASCASTELLON.ORG,"964259001",2016-09-08 00:00:00,"753188","4430429"
"POINT (724311 4253641)","1077","3635",RESIDENCIAS PARA PERSONAS MAYORES DEPENDIENTES,RESIDENCIA PARA DEPENDIENTES DE FERROVIARIOS,"112",ASOCIACION PARA RESIDENCIAS DE PENSIONISTAS FERROVIARIOS,CALLE LA MAR Nº 83,Entidad Privada,"03119",Alacant/Alicante,l'Alacantí,Sant Joan d'Alacant,PERSONAS MAYORES,PERSONAS MAYORES,"22897",direccioncentros@arpf.es,"965653236",2016-10-14 00:00:00,"724311","4253641"
"POINT (724311 4253641)","1078","3636",CENTROS DE DÍA DE PERSONAS MAYORES DEPENDIENTES,CENTRO DE DIA DE FERROVIARIOS,"50",ASOCIACION PARA RESIDENCIAS DE PENSIONISTAS FERROVIARIOS,CALLE LA MAR Nº 83,Entidad Privada,"03119",Alacant/Alicante,l'Alacantí,Sant Joan d'Alacant,PERSONAS MAYORES,PERSONAS MAYORES,"22897",direccioncentros@arpf.es,"965653236",2016-10-14 00:00:00,"724311","4253641"
"POINT (717686 4367230)","1079","3637",CENTRO OCUPACIONAL PARA PERSONAS CON DISCAPACIDAD O DIVERSIDAD FUNCIONAL,CENTRO OCUPACIONAL ESPURNES TORRENT,"70",FUNDACIÓ ESPURNA DE LA C.V.,"AVD. DE BARCELONA -92, 21",Entidad Privada,"46244",València/Valencia,l'Horta Sud,Torrent,PERSONAS CON DISCAPACIDAD,PERSONAS CON DISCAPACIDAD,"80762",ESPURNA@ESPURNA.ORG,"962965755",2018-03-09 00:00:00,"717686","4367230"
"POINT (683996 4214881)","1080","3639",CENTROS DE ATENCIÓN TEMPRANA (CAT),"CENTRO DE ATENCION TEMPRANA ""ADIS VEGA BAJA""","35","ADIS, ASOCIACION DE PERSONAS CON DIVERSIDAD FUNCIONAL","GENERAL BAÑULS, FRENTE PAR 3º CENTENARIO",Entidad Privada,"03044",Alacant/Alicante,el Baix Segura/La Vega Baja,Bigastro,PERSONAS CON DISCAPACIDAD,PERSONAS CON DISCAPACIDAD,"6724",zero@gva.es,"667469233",2018-03-05 00:00:00,"683996","4214881"
"POINT (744292 4317212)","1081","3640",VIVIENDA SUPERVISADA PARA PERSONAS CON ENFERMEDAD MENTAL CRÓNICA PARA LA PROMOCIÓN DE LA AUTONOMÍA Y EL FOMENTO DEL APRENDIZAJE DE LAS ACTIVIDADES DE LA VIDA DIARIA,"VIVIENDA TUTELADA ""GALATEA""","5",CEEM-XERACO S.L.,C/ PARC DE L' ESTACIO Nº. 2 PSISO 1ª,Entidad Privada,"46131",València/Valencia,la Safor,Gandia,PERSONAS CON ENFERMEDAD MENTAL,PERSONAS CON ENFERMEDAD MENTAL,"74814",INMA@CEEMXERACO.COM,"962892644",2016-11-09 00:00:00,"744292","4317212"
"POINT (685658 4278786)","1082","3642",VIVIENDA SUPERVISADA PARA PERSONAS CON ENFERMEDAD MENTAL CRÓNICA,Vivienda Supervisada Atalaya,"4",FUNDACION SANAMENTE DE LA COMUNIDAD VALENCIANA,"AVDA. CONSTITUCION, 136 - 1º",Entidad Privada,"03140",Alacant/Alicante,l’Alt Vinalopó/El Alto Vinalopó,Villena,PERSONAS CON ENFERMEDAD MENTAL,PERSONAS CON ENFERMEDAD MENTAL,"34163",,"650612057",2016-11-10 00:00:00,"685658","4278786"
"POINT (702423 4206951)","1083","3644",VIVIENDA ASISTIDA PARA PERSONAS CON ENFERMEDAD MENTAL CRÓNICA,VIVIENDA TUTELADA  LA BARRACA,"7",ADIEM SENTIT FUNDACIÓN DE LA COMUNITAT VALENCIANA,"ROSALIA DE CASTRO, Nº 37",Entidad Privada,"03133",Alacant/Alicante,el Baix Segura/La Vega Baja,Torrevieja,PERSONAS CON ENFERMEDAD MENTAL,PERSONAS CON ENFERMEDAD MENTAL,"84213",adiem@adiem.org,"635189543",2016-11-22 00:00:00,"702423","4206951"
"POINT (726055 4374668)","1084","3645",VIVIENDA SUPERVISADA PARA PERSONAS CON ENFERMEDAD MENTAL CRÓNICA PARA LA PROMOCIÓN DE LA AUTONOMÍA Y EL FOMENTO DEL APRENDIZAJE DE LAS ACTIVIDADES DE LA VIDA DIARIA,VIVIENDA TUTELADA SENDA  DE ORRIOLS,"7",RED PSICOSOCIAL S.L.,C/ SENDA DE ORRIOLS Nº. 15,Entidad Privada,"46250",València/Valencia,València,València,PERSONAS CON ENFERMEDAD MENTAL,PERSONAS CON ENFERMEDAD MENTAL,"790201",davidtaroncher@gmail.com,"963067404",2016-10-04 00:00:00,"726055","4374668"
"POINT (692242 4261241)","1085","3649",CENTRO DE REHABILITACIÓN E INTEGRACIÓN SOCIAL PARA ENFERMOS MENTALES CRÓNICOS,C.R.I.S. CRISEM,"50","ASOCIACION DE FAMILIARES DE ENFERMOS MENTALES DE ELDA, PETRER Y COMARCA","C/ MÉDICO JOSÉ PERTEJO SESEÑA, Nº 3",Entidad Privada,"03066",Alacant/Alicante,el Vinalopó Mitjà/El Vinalopó Medio,Elda,PERSONAS CON ENFERMEDAD MENTAL,PERSONAS CON ENFERMEDAD MENTAL,"52745",zero@gva.es,"0",2021-01-26 00:00:00,"692242","4261241"
"POINT (709355 4332085)","1086","3650",VIVIENDA SUPERVISADA PARA PERSONAS CON ENFERMEDAD MENTAL CRÓNICA PARA LA PROMOCIÓN DE LA AUTONOMÍA Y EL FOMENTO DEL APRENDIZAJE DE LAS ACTIVIDADES DE LA VIDA DIARIA,"VIVIENDA TUTELADA ""BUENDIA II""","7",MEBUCE SOCIEDAD LIMITADA,C/ CULLERA Nº. 892,Entidad Privada,"46011",València/Valencia,la Ribera Alta,Alberic,PERSONAS CON ENFERMEDAD MENTAL,PERSONAS CON ENFERMEDAD MENTAL,"10537",buendiaresidencia@hotmail.com,"962441336",2017-01-17 00:00:00,"709355","4332085"
"POINT (670971 4252502)","1087","3651",RESIDENCIAS PARA PERSONAS MAYORES DEPENDIENTES,"RPMD ""RESIDENCIA MAYORES VIDIMAR""","83",MANCOMUNIDAD DE LA VID Y EL MARMOL,"C/ MÉDICO JOSÉ PÉREZ OCHOA, 2",Entidad Privada,"03105",Alacant/Alicante,el Vinalopó Mitjà/El Vinalopó Medio,"Pinós, el/Pinoso",PERSONAS MAYORES,PERSONAS MAYORES,"7627",zero@gva.es,"966970250",2021-11-25 00:00:00,"670971","4252502"
"POINT (729239 4372916)","1088","3652",VIVIENDA ASISTIDA PARA PERSONAS CON ENFERMEDAD MENTAL CRÓNICA,"VIVIENDA TUTELADA ""PAPALLONA""","6",ASOCIACION A.M.B.I.T.,C/ LUCIO DEL VALLE Nº. 14-10ª,Entidad Privada,"46250",València/Valencia,València,València,PERSONAS CON ENFERMEDAD MENTAL,PERSONAS CON ENFERMEDAD MENTAL,"790201",administracion@asociacionambit.org,"963679580",2017-02-17 00:00:00,"729239","4372916"
"POINT (769420 4303177)","1089","3658",VIVIENDA SUPERVISADA PARA PERSONAS CON ENFERMEDAD MENTAL CRÓNICA PARA LA PROMOCIÓN DE LA AUTONOMÍA Y EL FOMENTO DEL APRENDIZAJE DE LAS ACTIVIDADES DE LA VIDA DIARIA,VIVIENDA TUTELADA DENIA 2,"5",INTEGRA MENT S.L.,"PATRICIO FERRANDIZ, 1-1º PTA. 1",Entidad Privada,"03063",Alacant/Alicante,la Marina Alta,Dénia,PERSONAS CON ENFERMEDAD MENTAL,PERSONAS CON ENFERMEDAD MENTAL,"41465",fjmartinez@ayto-denia.es,"619261382",2017-05-08 00:00:00,"769420","4303177"
"POINT (725492 4374575)","1090","3661",VIVIENDA SUPERVISADA PARA PERSONAS CON ENFERMEDAD MENTAL CRÓNICA,VIVIENDA TUTELADA SOM ROGLE-I,"5",SOM ROGLE COOP. V.,AVD. DR. PESET ALEIXANDRE Nº 48 PTA 9ª,Entidad Privada,"46250",València/Valencia,València,València,PERSONAS CON ENFERMEDAD MENTAL,PERSONAS CON ENFERMEDAD MENTAL,"790201",somrogle.coop@gmail.com,"317649765",2017-04-21 00:00:00,"725492","4374575"
"POINT (732732 4343202)","1091","3663",VIVIENDA SUPERVISADA PARA PERSONAS CON ENFERMEDAD MENTAL CRÓNICA,VIVIENDA TUTELADA SASM-I,"6","FUNDACIÓN DE LA COMUNIDAD VALENCIANA SANTOS ANDRÉS, SANTIAGO Y MIGUEL",C/ SEQUER DEL COMTE Nº 2,Entidad Privada,"46235",València/Valencia,la Ribera Baixa,Sueca,PERSONAS CON ENFERMEDAD MENTAL,PERSONAS CON ENFERMEDAD MENTAL,"28090",direccion@fundacionsasm.org,"961703030",2017-04-06 00:00:00,"732732","4343202"
"POINT (732694 4343231)","1092","3664",VIVIENDA SUPERVISADA PARA PERSONAS CON ENFERMEDAD MENTAL CRÓNICA,VIVIENDA TUTELADA SASM-II,"6","FUNDACIÓN DE LA COMUNIDAD VALENCIANA SANTOS ANDRÉS, SANTIAGO Y MIGUEL",C/ SEQUER DEL COMTE Nº. 31,Entidad Privada,"46235",València/Valencia,la Ribera Baixa,Sueca,PERSONAS CON ENFERMEDAD MENTAL,PERSONAS CON ENFERMEDAD MENTAL,"28090",direccion@fundacionsasm.org,"961703030",2017-04-21 00:00:00,"732694","4343231"
"POINT (693746 4261977)","1093","3666",CENTRO DE ATENCIÓN DIURNA PARA PERSONAS CON DISCAPACIDAD O DIVERSIDAD FUNCIONAL EN SITUACIÓN DE DEPENDENCIA,CENTRO DE ATENCION DIURNA SENSE BARRERES,"48",ASOC DE ENFERMEDADES RARAS Y DISCAPACIDAD SENSE BARRERES DE PETRER,"AVDA. FELIPE V, 1",Entidad Privada,"03104",Alacant/Alicante,el Vinalopó Mitjà/El Vinalopó Medio,Petrer,PERSONAS CON DISCAPACIDAD,PERSONAS CON DISCAPACIDAD,"34533",SENSEBARRERES@GMAIL.COM,"966312838",2018-09-11 00:00:00,"693746","4261977"
"POINT (739247 4405649)","1094","3668",HOGARES Y CLUBS PARA PERSONAS MAYORES,CLUB DE CONVIVENCIA DE LA TERCERA EDAD EL SALVADOR,"0",AJUNTAMENT DE LA LLOSA,"C/ CIRCUNVALACIÓN, nº4",Entidad Local,"12074",Castelló/Castellón,la Plana Baixa,la Llosa,PERSONAS MAYORES,PERSONAS MAYORES,"969",zero@gva.es,"0",2022-09-07 00:00:00,"739247","4405649"
"POINT (724787 4372038)","1095","3673",VIVIENDA SUPERVISADA PARA PERSONAS CON DISCAPACIDAD INTELECTUAL,VIVIENDA TUTELADA I HOMBRES,"6","BONA GENT, AMIGOS DE LAS PERSONAS CON DISCAPACIDAD INTELECTUAL",C/ DOCTOR SANCHIS SIVERA Nº. 21 PUERTA 5,Entidad Privada,"46250",València/Valencia,València,València,PERSONAS CON DISCAPACIDAD,PERSONAS CON DISCAPACIDAD,"790201",VTCHICOS.BONAGENT@GMAIL.COM,"963301477",2017-09-21 00:00:00,"724787","4372038"
"POINT (724879 4371180)","1096","3674",VIVIENDA SUPERVISADA PARA PERSONAS CON DISCAPACIDAD INTELECTUAL,VIVIENDA TUTELADA-II MUJERES,"6","BONA GENT, AMIGOS DE LAS PERSONAS CON DISCAPACIDAD INTELECTUAL",C/ CARCAGENTE Nº 4 DUPLICADO PTª. 14,Entidad Privada,"46250",València/Valencia,València,València,PERSONAS CON DISCAPACIDAD,PERSONAS CON DISCAPACIDAD,"790201",VTCHICAS.BONAGENT@GMAIL.COM,"963447712",2017-09-21 00:00:00,"724879","4371180"
"POINT (741303 4265568)","1097","3676",CENTRO OCUPACIONAL PARA PERSONAS CON DISCAPACIDAD O DIVERSIDAD FUNCIONAL,CENTRO OCUPACIONAL LES TALAIES,"80",ORGANISMO AUTONOMO LOCAL PARRA CONCA,"PARTIDA DE TALAIES, S/N",Entidad Local,"03139",Alacant/Alicante,la Marina Baixa,la Vila Joiosa/Villajoyosa,PERSONAS CON DISCAPACIDAD,PERSONAS CON DISCAPACIDAD,"33580",zero@gva.es,"966953104",2009-03-03 00:00:00,"741303","4265568"
"POINT (748063 4424266)","1098","3677",VIVIENDA SUPERVISADA PARA PERSONAS CON ENFERMEDAD MENTAL CRÓNICA,VIVIENDA TUTELADA SUPERVISADA ANA NEBOT,"6",FUNDACION MANANTIAL,"C/ ANA NEBOT LOPEZ, Nº 16",Entidad Privada,"12135",Castelló/Castellón,la Plana Baixa,Vila-real,PERSONAS CON ENFERMEDAD MENTAL,PERSONAS CON ENFERMEDAD MENTAL,"50252",cvalenciana@fundacionmanantial.org,"964537138",2018-07-30 00:00:00,"748063","4424266"
"POINT (748063 4424266)","1099","3679",CENTRO ESPECÍFICO PARA ENFERMOS MENTALES CRÓNICOS (CEEM),CEEM SANTA ANA DE CAIXA RURAL DE VILA-REAL,"28",FUNDACION MANANTIAL,"C/ ANA NEBOT LOPEZ, 16",Entidad Privada,"12135",Castelló/Castellón,la Plana Baixa,Vila-real,PERSONAS CON ENFERMEDAD MENTAL,PERSONAS CON ENFERMEDAD MENTAL,"50252",CVALENCIANA@FUNDACIONMANANTIAL.ORG,"964537138",2017-12-27 00:00:00,"748063","4424266"
"POINT (741303 4265568)","1100","3686",RESIDENCIA DE PERSONAS CON DISCAPACIDAD O DIVERSIDAD FUNCIONAL,RESIDENCIA LES TALAIES,"60",ORGANISMO AUTONOMO LOCAL PARRA CONCA,"PARTIDA DE TALEIES, S/N",Entidad Local,"03139",Alacant/Alicante,la Marina Baixa,la Vila Joiosa/Villajoyosa,PERSONAS CON DISCAPACIDAD,PERSONAS CON DISCAPACIDAD,"33580",rdp_lestalaies@gva.es,"966853104",2009-03-03 00:00:00,"741303","4265568"
"POINT (724330 4371838)","1101","3692",CENTROS DE ATENCIÓN TEMPRANA (CAT),"CENTRO DE ATENCION TEMPRANA ""ALCER-TURIA""","70","ALCER-TURIA, ASOCIACION PARA LA LUCHA CONTRA LAS ENFERMEDADES DEL RIÑON",CALLE CHELVA Nº. 3 BAJO,Entidad Privada,"46250",València/Valencia,València,València,PERSONAS CON DISCAPACIDAD,PERSONAS CON DISCAPACIDAD,"790201",GERENCIA@ALCERTURIA.ORG,"963850402",2018-02-05 00:00:00,"724330","4371838"
"POINT (664375 4372918)","1102","3693",CENTROS DE DÍA DE PERSONAS MAYORES DEPENDIENTES,CENTRO DE DIA PARA PERSONAS MAYORES DEPENDIENTES DE REQUENA,"100",AYUNTAMIENTO DE REQUENA,C/ VENTA DEL MORO Nº 4,Entidad Local,"46213",València/Valencia,La Plana de Utiel-Requena,Requena,PERSONAS MAYORES,PERSONAS MAYORES,"20510",zero@gva.es,"0",2021-07-20 00:00:00,"664375","4372918"
"POINT (752880 4430166)","1103","3695",VIVIENDA ASISTIDA PARA PERSONAS CON ENFERMEDAD MENTAL CRÓNICA,Vivienda Asistida Castelló-Falcó,"7","COMBOIAR, SOCIEDAD LIMITADA","C/ FALCÓ, Nº 12-5º-B",Entidad Privada,"12040",Castelló/Castellón,la Plana Alta,Castelló de la Plana,PERSONAS CON ENFERMEDAD MENTAL,PERSONAS CON ENFERMEDAD MENTAL,"170990",enricblay@gmail.com,"619261321",2017-11-13 00:00:00,"752880","4430166"
"POINT (722106 4372685)","1104","3704",VIVIENDA ASISTIDA PARA PERSONAS CON DISCAPACIDAD INTELECTUAL,VIVIENDA TUTELADA ASISTIDA  MISLATA I,"7",AJUNTAMENT DE MISLATA,C/ DE LA SOLIDARIDAD 6 - PB - PTA. 1,Entidad Local,"46169",València/Valencia,l'Horta Sud,Mislata,PERSONAS CON DISCAPACIDAD,PERSONAS CON DISCAPACIDAD,"42988",ALCALDIA@MISLATA.ES,"963991100",2018-10-19 00:00:00,"722106","4372685"
"POINT (722106 4372685)","1105","3705",VIVIENDA SUPERVISADA PARA PERSONAS CON DISCAPACIDAD INTELECTUAL,VIVIENDA TUTELADA SUPERVISADA MISLATA II,"7",AJUNTAMENT DE MISLATA,C/ DE LA SOLIDARIDAD 6 - 1º - PTA. 1ª,Entidad Local,"46169",València/Valencia,l'Horta Sud,Mislata,PERSONAS CON DISCAPACIDAD,PERSONAS CON DISCAPACIDAD,"42988",ALCALDIA@MISLATA.ES,"963991100",2018-11-05 00:00:00,"722106","4372685"
"POINT (725399 4370337)","1106","3706",CENTROS DE DÍA DE PERSONAS MAYORES DEPENDIENTES,CENTRO DE DIA PERSONAS MAYORES DEPENDIENTES OLTA,"40",CENTRO DE DIA OLTA SLU,C/ OLTA Nº 5 Y 7,Entidad Privada,"46250",València/Valencia,València,València,PERSONAS MAYORES,PERSONAS MAYORES,"790201",zero@gva.es,"0",2022-11-21 00:00:00,"725399","4370337"
"POINT (725145 4373826)","1107","3711",VIVIENDA SUPERVISADA PARA PERSONAS CON DISCAPACIDAD INTELECTUAL,"VVIENDA TUTELADA SUPERVISADA ""AVSPW""","6",ASOCIACION VALENCIANA PARA EL SINDROME DE PRADER WILLI,C/ PERIODISTA LLORENTE Nº. 8 PTA 1ª,Entidad Privada,"46250",València/Valencia,València,València,PERSONAS CON DISCAPACIDAD,PERSONAS CON DISCAPACIDAD,"790201",AVSPW@AVSPW.ORG,"961935781",2017-12-21 00:00:00,"725145","4373826"
"POINT (728803 4259246)","1108","3715",VIVIENDA ASISTIDA PARA PERSONAS CON DISCAPACIDAD INTELECTUAL,VIVIENDA TUTELADA EDUCATEA HOGAR,"7",EDUCATEA PROYECTO DE ATENCION PARA JOVENES CON TRASTORNO DEL ESPECTRO AUTISTA,"PARAJE LA PORCHA, 57",Entidad Privada,"03050",Alacant/Alicante,l'Alacantí,el Campello,PERSONAS CON DISCAPACIDAD,PERSONAS CON DISCAPACIDAD,"27384",zero@gva.es,"662677314",2017-10-02 00:00:00,"728803","4259246"
"POINT (728181 4372548)","1109","3716",CENTROS DE ATENCIÓN TEMPRANA (CAT),"CENTRO DE ATENCION TEMPRANA ""ATTEM-1""","70",ATTEM. ASOCIACIÓN PARA EL TRATAMIENTO DE PERSONAS CON ALTERACIONES DEL DESARROLLO,C/ EXPLORADOR ANDRES Nº. 9 BAJO,Entidad Privada,"46250",València/Valencia,València,València,PERSONAS CON DISCAPACIDAD,PERSONAS CON DISCAPACIDAD,"790201",ROSA.PELLICER@ATTEM.COM,"963559222",2017-11-13 00:00:00,"728181","4372548"
"POINT (747720 4424918)","1110","3718",VIVIENDAS TUTELADAS,VIVIENDA TUTELADA LA LLAR,"6",CASDA ASOCIACION CIUDADANA CONTRA EL SIDA DE CASTELLON,"AVDA/ CEDRE Nº 51, 6º-D,",Entidad Privada,"12135",Castelló/Castellón,la Plana Baixa,Vila-real,POBLACIÓN EN GENERAL Y COLECTIVOS SOCIALMENTE DESFAVORECIDOS,POBLACIÓN EN GENERAL Y COLECTIVOS SOCIALMENTE DESFAVORECIDOS,"50252",casda@casda.es,"0",2018-06-01 00:00:00,"747720","4424918"
"POINT (722440 4376541)","1111","3723",CENTRO OCUPACIONAL PARA PERSONAS CON DISCAPACIDAD O DIVERSIDAD FUNCIONAL,CENTRO OCUPACIONAL COMBOI,"40",EL RENAIXER COOPERATIVA VALENCIANA,C/ AUSIAS MARCH Nº.62,Entidad Privada,"46078",València/Valencia,l'Horta Nord,Burjassot,PERSONAS CON DISCAPACIDAD,PERSONAS CON DISCAPACIDAD,"37324",,"963638265",2021-04-26 00:00:00,"722440","4376541"
"POINT (749973 4270213)","1112","3727",VIVIENDA SUPERVISADA PARA PERSONAS CON ENFERMEDAD MENTAL CRÓNICA PARA LA PROMOCIÓN DE LA AUTONOMÍA Y EL FOMENTO DEL APRENDIZAJE DE LAS ACTIVIDADES DE LA VIDA DIARIA,"VIVIENDA TUTELADA SUPERVISADA PARA LA PROMOCION DE LA AUTONOMIA ""BENIDORM (L'AIGUERA)""","5","COMBOIAR, SOCIEDAD LIMITADA","AVDA. DE CALLOSA D'ENSARRIA, 8 ESC. 6",Entidad Privada,"03031",Alacant/Alicante,la Marina Baixa,Benidorm,PERSONAS CON ENFERMEDAD MENTAL,PERSONAS CON ENFERMEDAD MENTAL,"66642",lumadecar@hotmail.es,"619261321",2017-12-12 00:00:00,"749973","4270213"
"POINT (719978 4287208)","1113","3732",VIVIENDA SUPERVISADA PARA PERSONAS CON ENFERMEDAD MENTAL CRÓNICA PARA LA PROMOCIÓN DE LA AUTONOMÍA Y EL FOMENTO DEL APRENDIZAJE DE LAS ACTIVIDADES DE LA VIDA DIARIA,VIVIENDA TUTELADA SUPERVISADA CRUZ ROJA ESPAÑOLA ALCOY,"6",CRUZ ROJA ESPAÑOLA,"ESCULTOR RIDAURA, 1-4º A",Entidad Privada,"03009",Alacant/Alicante,l'Alcoià,Alcoi/Alcoy,PERSONAS CON ENFERMEDAD MENTAL,PERSONAS CON ENFERMEDAD MENTAL,"59198",alcoyalicante@cruzroja.es,"965332244",2017-12-14 00:00:00,"719978","4287208"
"POINT (695340 4246713)","1114","3735",VIVIENDA ASISTIDA PARA PERSONAS CON DISCAPACIDAD INTELECTUAL,VIVIENDA ASISTIDA LA ESQUINA ESQUINA,"7",ASOCIACIÓN PRO-PERSONAS CON DISCAPACIDAD DE ASPE,"JUAN XXIII, 12",Entidad Privada,"03019",Alacant/Alicante,el Vinalopó Mitjà/El Vinalopó Medio,Aspe,PERSONAS CON DISCAPACIDAD,PERSONAS CON DISCAPACIDAD,"20482",zero@gva.es,"655928906",2018-02-09 00:00:00,"695340","4246713"
"POINT (719355 4248472)","1115","3739",VIVIENDA SUPERVISADA PARA PERSONAS CON ENFERMEDAD MENTAL CRÓNICA,"VIVIENDA TUTELADA SUPERVISADA  ""CASA BENACANTIL""","5",ADIEM SENTIT FUNDACIÓN DE LA COMUNITAT VALENCIANA,"AVDA. DE ALCOY, 48-3 C",Entidad Privada,"03014",Alacant/Alicante,l'Alacantí,Alacant/Alicante,PERSONAS CON ENFERMEDAD MENTAL,PERSONAS CON ENFERMEDAD MENTAL,"330525",adiem@adiem.org,"635189543",2017-12-12 00:00:00,"719355","4248472"
"POINT (680343 4216903)","1116","3740",VIVIENDA SUPERVISADA PARA PERSONAS CON ENFERMEDAD MENTAL CRÓNICA,"VIVIENDA TUTELADA SUPERVISADA ""CASA THADER""","5",ADIEM SENTIT FUNDACIÓN DE LA COMUNITAT VALENCIANA,"DUQUE DE TAMAMES, 28- 1 A",Entidad Privada,"03099",Alacant/Alicante,el Baix Segura/La Vega Baja,Orihuela,PERSONAS CON ENFERMEDAD MENTAL,PERSONAS CON ENFERMEDAD MENTAL,"80359",adiem@adiem.org,"635189543",2017-12-12 00:00:00,"680343","4216903"
"POINT (719355 4248472)","1117","3741",VIVIENDA SUPERVISADA PARA PERSONAS CON ENFERMEDAD MENTAL CRÓNICA,"VIVIENDA TUTELADA SUPERVISADA ""CASA TOSSAL""","5",ADIEM SENTIT FUNDACIÓN DE LA COMUNITAT VALENCIANA,"AVDA. DE ALCOY, 48- 2 C",Entidad Privada,"03014",Alacant/Alicante,l'Alacantí,Alacant/Alicante,PERSONAS CON ENFERMEDAD MENTAL,PERSONAS CON ENFERMEDAD MENTAL,"330525",adiem@adiem.org,"635189543",2017-12-12 00:00:00,"719355","4248472"
"POINT (726081 4372133)","1118","3748",VIVIENDA SUPERVISADA PARA PERSONAS CON ENFERMEDAD MENTAL CRÓNICA PARA LA PROMOCIÓN DE LA AUTONOMÍA Y EL FOMENTO DEL APRENDIZAJE DE LAS ACTIVIDADES DE LA VIDA DIARIA,VIVIENDA TUTELADA SENNDA COLON,"7",RED PSICOSOCIAL S.L.,C/ COLON Nº. 42 PT. 14,Entidad Privada,"46250",València/Valencia,València,València,PERSONAS CON ENFERMEDAD MENTAL,PERSONAS CON ENFERMEDAD MENTAL,"790201",davidtaroncher@sennda.org,"963067404",2018-02-07 00:00:00,"726081","4372133"
"POINT (744133 4316187)","1119","3750",VIVIENDA SUPERVISADA PARA PERSONAS CON DISCAPACIDAD INTELECTUAL,VIVIENDA TUTELADA LLIMERA,"5",FUNDACIÓ ESPURNA DE LA C.V.,C/ ROTOVA Nº. 25 PUERTA 22,Entidad Privada,"46131",València/Valencia,la Safor,Gandia,PERSONAS CON DISCAPACIDAD,PERSONAS CON DISCAPACIDAD,"74814",ESPURNA@ESPURNA.ORG,"962965155",2018-02-07 00:00:00,"744133","4316187"
"POINT (707374 4363316)","1120","3751",CENTRO ESPECÍFICO PARA ENFERMOS MENTALES CRÓNICOS (CEEM),CEEM CENTRO TERAPEUTICO MASÍA DE PAVÍA,"40","CENTRO TERAPEUTICO ""MASIA DE PAVIA"" SLU","URB. MONTE TESORO 6, CALLE 1, Nº 2",Entidad Privada,"46248",València/Valencia,la Ribera Alta,Turís,PERSONAS CON ENFERMEDAD MENTAL,PERSONAS CON ENFERMEDAD MENTAL,"6609",zero@gva.es,"962131123",2022-10-20 00:00:00,"707374","4363316"
"POINT (693034 4259861)","1121","3753",VIVIENDA SUPERVISADA PARA PERSONAS CON ENFERMEDAD MENTAL CRÓNICA,VIVIENDA TUTELADA CLUB DE CAMPO,"7","ASOCIACIÓN DOMUS, CUIDADO AL DEPENDIENTE Y ATENCIÓN AL MENOR","MEDICO ANTONIO PORPETA CLERIGO, 1",Entidad Privada,"03066",Alacant/Alicante,el Vinalopó Mitjà/El Vinalopó Medio,Elda,PERSONAS CON ENFERMEDAD MENTAL,PERSONAS CON ENFERMEDAD MENTAL,"52745",domus.callosa@grupoelcastillo.com,"965815083",2018-03-07 00:00:00,"693034","4259861"
"POINT (724823 4371134)","1122","3754",CENTROS DE ATENCIÓN TEMPRANA (CAT),CENTRO ATENCION TEMPRANA NEURORHB-HOSPITAL VIRGEN DEL CONSUELO,"70",FUNDACION INSTITUTO SALUD Y CEREBRO,C/ CALLOSA DE ENSARRIA Nº 12,Entidad Privada,"46250",València/Valencia,València,València,PERSONAS CON DISCAPACIDAD,PERSONAS CON DISCAPACIDAD,"790201",BELE@NEURORHB.COM,"963177870",2018-09-11 00:00:00,"724823","4371134"
"POINT (716289 4252910)","1123","3756",VIVIENDA SUPERVISADA PARA PERSONAS CON ENFERMEDAD MENTAL CRÓNICA PARA LA PROMOCIÓN DE LA AUTONOMÍA Y EL FOMENTO DEL APRENDIZAJE DE LAS ACTIVIDADES DE LA VIDA DIARIA,VIVIENDA TUTELADA MENTALIA SAN VICENTE,"7",CASTA SALUD S.L.U.,"RIO GUADALQUIVIR, 23",Entidad Privada,"03122",Alacant/Alicante,l'Alacantí,Sant Vicent del Raspeig/San Vicente del Raspeig,PERSONAS CON ENFERMEDAD MENTAL,PERSONAS CON ENFERMEDAD MENTAL,"56715",direccion@mentaliapuerto.com,"963301291",2018-03-07 00:00:00,"716289","4252910"
"POINT (710163 4384995)","1124","3764",CENTRO OCUPACIONAL PARA PERSONAS CON DISCAPACIDAD O DIVERSIDAD FUNCIONAL,CENTRO OCUPACIONAL TRENCADIS,"36",AJUNTAMENT DE LA POBLA DE VALLBONA,C/ BALSCO IBAÑEZ Nº 29 BAJO,Entidad Local,"46202",València/Valencia,el Camp de Túria,la Pobla de Vallbona,PERSONAS CON DISCAPACIDAD,PERSONAS CON DISCAPACIDAD,"23403",zero@gva.es,"962760050",2019-02-06 00:00:00,"710163","4384995"
"POINT (748189 4425632)","1125","3766",CENTROS DE ATENCIÓN TEMPRANA (CAT),CENTRE D'ATENCIÓ PRIMERENCA MARIA DE LUNA,"45",AJUNTAMENT DE VILA-REAL,"C/ MARTÍ L'HUMÀ, S/N",Entidad Local,"12135",Castelló/Castellón,la Plana Baixa,Vila-real,PERSONAS CON DISCAPACIDAD,PERSONAS CON DISCAPACIDAD,"50252",SERVEISSOCIALS@VILA-REAL.ES,"964547168",2019-07-01 00:00:00,"748189","4425632"
"POINT (736599 4411664)","1126","3768",CENTROS DE ATENCIÓN TEMPRANA (CAT),CAT LLIMERES,"35",AJUNTAMENT DE LA VALL D'UIXO,C/ MATILDE BEL,Entidad Local,"12126",Castelló/Castellón,la Plana Baixa,la Vall d'Uixó,PERSONAS CON DISCAPACIDAD,PERSONAS CON DISCAPACIDAD,"31819",EMIGUEL@LAVALLDUIXO.ES,"964960392",2019-05-02 00:00:00,"736599","4411664"
"POINT (729803 4371794)","1127","3769",VIVIENDA SUPERVISADA PARA PERSONAS CON ENFERMEDAD MENTAL CRÓNICA PARA LA PROMOCIÓN DE LA AUTONOMÍA Y EL FOMENTO DEL APRENDIZAJE DE LAS ACTIVIDADES DE LA VIDA DIARIA,VIVIENDA TUTELADA NOVAEDAT BENESTAR  DOCTOR LLUCH,"5",NOVAEDAT BENESTAR SLU,"C/ DOCTOR LLUCH, 31 BAJO",Entidad Privada,"46250",València/Valencia,València,València,PERSONAS CON ENFERMEDAD MENTAL,PERSONAS CON ENFERMEDAD MENTAL,"790201",rplanells@novaedat.es,"607571820",2018-05-16 00:00:00,"729803","4371794"
"POINT (727356 4371811)","1128","3770",CENTROS DE DÍA DE PERSONAS MAYORES DEPENDIENTES,CENTRO DE DIA PERSONAS MAYORES DEPENDIENTES BOSCA,"45",GERIATRICOS AVANZADOS SL,C/ EDUARDO BOSCA Nº 20 BAJO,Entidad Privada,"46250",València/Valencia,València,València,PERSONAS MAYORES,PERSONAS MAYORES,"790201",zero@gva.es,"675128740",2018-11-15 00:00:00,"727356","4371811"
"POINT (714482 4318631)","1129","3771",VIVIENDA SUPERVISADA PARA PERSONAS CON DISCAPACIDAD INTELECTUAL,VIVIENDA TUTELADA ASPROMIVISE,"7",ASPROMIVISE,C/ BAIXADA DE L'ESTACIO Nº. 8 PUERTA 15ª,Entidad Privada,"46145",València/Valencia,la Costera,Xàtiva,PERSONAS CON DISCAPACIDAD,PERSONAS CON DISCAPACIDAD,"28973",zero@gva.es,"962283801",2019-01-11 00:00:00,"714482","4318631"
"POINT (747720 4424918)","1130","3774",VIVIENDAS TUTELADAS,VIVIENDA TUTELADA 2 PARE LLUIS Mª LLOP,"5",CARITAS DIOCESANA DE SEGORBE-CASTELLON,"C/ PARE LLUIS Mª LLOP Nº 38, 3º, 6ª",Entidad Privada,"12135",Castelló/Castellón,la Plana Baixa,Vila-real,POBLACIÓN EN GENERAL Y COLECTIVOS SOCIALMENTE DESFAVORECIDOS,POBLACIÓN EN GENERAL Y COLECTIVOS SOCIALMENTE DESFAVORECIDOS,"50252",acsocial@caritas-sc.org,"0",2018-06-01 00:00:00,"747720","4424918"
"POINT (720703 4333504)","1131","3777",CENTRO DE DÍA PARA PERSONAS CON ENFERMEDAD MENTAL CRÓNICA,CENTRO DE DIA LA RIBERA,"20",FUNDACION MANANTIAL,AVD. LIRA CARCAXEINTINA/ C. ECHEGARAY 12,Entidad Privada,"46083",València/Valencia,la Ribera Alta,Carcaixent,PERSONAS CON ENFERMEDAD MENTAL,PERSONAS CON ENFERMEDAD MENTAL,"20520",MANANTIAL@FUNDACIONMANANTIAL.ORG,"655585937",2019-01-11 00:00:00,"720703","4333504"
"POINT (720703 4333504)","1132","3778",CENTRO DE REHABILITACIÓN E INTEGRACIÓN SOCIAL PARA ENFERMOS MENTALES CRÓNICOS,CENTRO DE REHABILITACION E INTEGRACION SOCIAL (CRIS) LA RIBERA,"70",FUNDACION MANANTIAL,calle LIRA CARCAIXENTINA / C. ECHEGARAY,Entidad Privada,"46083",València/Valencia,la Ribera Alta,Carcaixent,PERSONAS CON ENFERMEDAD MENTAL,PERSONAS CON ENFERMEDAD MENTAL,"20520",MANANTIAL@FUNDACIONMANANTIAL.ORG,"655588937",2019-01-14 00:00:00,"720703","4333504"
"POINT (723132 4364093)","1133","3779",CENTROS DE ATENCIÓN TEMPRANA (CAT),CENTRO DE ATENCIÓN TEMPRANA DE ALBAL,"35","AVAPACE, ASOCIACION VALENCIANA DE AYUDA A LA PARALISIS CEREBRAL","C/MAESTRO RAMÓN SANCHÍS ROVIRA, 7",Entidad Privada,"46007",València/Valencia,l'Horta Sud,Albal,PERSONAS CON DISCAPACIDAD,PERSONAS CON DISCAPACIDAD,"16136",CAT@ALBAL.ES,"961220500",2018-04-16 00:00:00,"723132","4364093"
"POINT (708162 4387831)","1134","3780",CENTROS DE DÍA DE PERSONAS MAYORES DEPENDIENTES,CENTRO DE DIA ANEXO A RESIDENCIA P.M.D. SANTOS REYES DE BENISANO,"12",PARROQUIA SANTOS REYES DE BENISANO,DOCTOR JOSE LIZANDRA 15,Entidad Privada,"46067",València/Valencia,el Camp de Túria,Benissanó,PERSONAS MAYORES,PERSONAS MAYORES,"2226",residenciasantosreyes@gmail.com,"962780801",2018-03-29 00:00:00,"708162","4387831"
"POINT (710218 4334057)","1135","3783",VIVIENDA SUPERVISADA PARA PERSONAS CON ENFERMEDAD MENTAL CRÓNICA,VIVIENDA TUTELADA BUENDIA III,"7",MEBUCE SOCIEDAD LIMITADA,C/ PICASO Nº. 41,Entidad Privada,"46011",València/Valencia,la Ribera Alta,Alberic,PERSONAS CON ENFERMEDAD MENTAL,PERSONAS CON ENFERMEDAD MENTAL,"10537","buendiaresidencia@hotmail,com","962440276",2018-06-06 00:00:00,"710218","4334057"
"POINT (714983 4318316)","1136","3785",VIVIENDA SUPERVISADA PARA PERSONAS CON ENFERMEDAD MENTAL CRÓNICA PARA LA PROMOCIÓN DE LA AUTONOMÍA Y EL FOMENTO DEL APRENDIZAJE DE LAS ACTIVIDADES DE LA VIDA DIARIA,NOVAEDAT BENESTAR VIVIENDA TUTELADA XATIVA,"7",NOVAEDAT BENESTAR SLU,C/ ARDIACA Nº 18,Entidad Privada,"46145",València/Valencia,la Costera,Xàtiva,PERSONAS CON ENFERMEDAD MENTAL,PERSONAS CON ENFERMEDAD MENTAL,"28973",rplanells@novaedat.es,"607571520",2018-05-29 00:00:00,"714983","4318316"
"POINT (744152 4438352)","1137","3789",HOGARES Y CLUBS PARA PERSONAS MAYORES,CLUB DE CONVIVENCIA HOGAR DEL PENSIONISTA SAN JUAN BAUTISTA,"0",AJUNTAMENT DE SANT JOAN DE MORO,C/ SAN MIGUEL S/N,Entidad Local,"12902",Castelló/Castellón,la Plana Alta,Sant Joan de Moró,PERSONAS MAYORES,PERSONAS MAYORES,"3043",zero@gva.es,"0",2022-04-08 00:00:00,"744152","4438352"
"POINT (719758 4375972)","1138","3791",VIVIENDA SUPERVISADA PARA PERSONAS CON ENFERMEDAD MENTAL CRÓNICA PARA LA PROMOCIÓN DE LA AUTONOMÍA Y EL FOMENTO DEL APRENDIZAJE DE LAS ACTIVIDADES DE LA VIDA DIARIA,VIVIENDA TUTELADA ANEM,"7","VIVIENDA TUTELADA ANEM, SL","C/ MALLENT I MERI, Nº61, BAJO",Entidad Privada,"46190",València/Valencia,l'Horta Nord,Paterna,PERSONAS CON ENFERMEDAD MENTAL,PERSONAS CON ENFERMEDAD MENTAL,"67854",viviendatuteladaanem@gmail.com,"674309495",2018-09-11 00:00:00,"719758","4375972"
"POINT (719750 4375986)","1139","3792",VIVIENDA SUPERVISADA PARA PERSONAS CON ENFERMEDAD MENTAL CRÓNICA PARA LA PROMOCIÓN DE LA AUTONOMÍA Y EL FOMENTO DEL APRENDIZAJE DE LAS ACTIVIDADES DE LA VIDA DIARIA,VIVIENDA TUTELADA ANEM AUTONOMA,"5","VIVIENDA TUTELADA ANEM, SL",C/ VIRGEN DEL PILAR Nº. 43 PRIMER PISO,Entidad Privada,"46190",València/Valencia,l'Horta Nord,Paterna,PERSONAS CON ENFERMEDAD MENTAL,PERSONAS CON ENFERMEDAD MENTAL,"67854",viviendatuteladaanem@gmail.com,"674309495",2019-02-15 00:00:00,"719750","4375986"
"POINT (716141 4252669)","1140","3794",CENTROS DE ATENCIÓN TEMPRANA (CAT),CDIAT ANDA,"70",ASOCIACION DE NIÑOS Y JOVENES CON DISCAPACIDAD DE ALICANTE (ANDA),"PASAJE DE TIBI, 6",Entidad Privada,"03122",Alacant/Alicante,l'Alacantí,Sant Vicent del Raspeig/San Vicente del Raspeig,PERSONAS CON DISCAPACIDAD,PERSONAS CON DISCAPACIDAD,"56715",info@andalicante.org,"670362082",2021-01-15 00:00:00,"716141","4252669"
"POINT (693688 4261831)","1141","3797",VIVIENDAS CON APOYO PARA PERSONAS CON DISCAPACIDAD FÍSICA,"VIVIENDA CON APOYO ""PETRER 1""","4",FUNDACION JUAN CARLOS PEREZ SANTAMARIA,"ELX, 1 ESC. A -2º C",Entidad Privada,"03104",Alacant/Alicante,el Vinalopó Mitjà/El Vinalopó Medio,Petrer,PERSONAS CON DISCAPACIDAD,PERSONAS CON DISCAPACIDAD,"34533",zero@gva.es,"966951840",2018-09-25 00:00:00,"693688","4261831"
"POINT (749824 4419438)","1142","3802",CENTROS DE ATENCIÓN TEMPRANA (CAT),CENTRO DE ATENCIÓN TEMPRANA CAP BORRIANA,"35",AJUNTAMENT DE BORRIANA,"AVGDA. CORTS VALENCIANES, 1",Entidad Local,"12032",Castelló/Castellón,la Plana Baixa,Borriana/Burriana,PERSONAS CON DISCAPACIDAD,PERSONAS CON DISCAPACIDAD,"34643",zero@gva.es,"964510062",2022-02-16 00:00:00,"749824","4419438"
"POINT (794677 4485844)","1143","3804",VIVIENDA ASISTIDA PARA PERSONAS CON ENFERMEDAD MENTAL CRÓNICA,VIVIENDA TUTELADA SANT VALENT,"7",INTEGRA MENT S.L.,"PLAÇA SANT VALENT, Nº 14-4º",Entidad Privada,"12138",Castelló/Castellón,el Baix Maestrat,Vinaròs,PERSONAS CON ENFERMEDAD MENTAL,PERSONAS CON ENFERMEDAD MENTAL,"28290",integrament.info@gmail.com,"619261321",2018-09-14 00:00:00,"794677","4485844"
"POINT (747744 4424160)","1144","3807",CENTRO DE REHABILITACIÓN E INTEGRACIÓN SOCIAL PARA ENFERMOS MENTALES CRÓNICOS,CRIS CIUDAD DE VILA-REAL,"70",FUNDACION MANANTIAL,"C/ CARDENAL TARANCÓN, 31-39",Entidad Privada,"12135",Castelló/Castellón,la Plana Baixa,Vila-real,PERSONAS CON ENFERMEDAD MENTAL,PERSONAS CON ENFERMEDAD MENTAL,"50252",MANANTIAL@FUNDACIONMANANTIAL.ORG,"964537138",2019-02-06 00:00:00,"747744","4424160"
"POINT (708660 4380218)","1145","3812",VIVIENDA ASISTIDA PARA PERSONAS CON ENFERMEDAD MENTAL CRÓNICA,VIVIENDA TUTELADA AVANTZA RIBARROJA,"7",AVANTZA VIVIENDAS TUTELADAS SL,AV. DE LA PAZ Nº 1 PUERTA 6,Entidad Privada,"46214",València/Valencia,el Camp de Túria,Riba-roja de Túria,PERSONAS CON ENFERMEDAD MENTAL,PERSONAS CON ENFERMEDAD MENTAL,"21521",miguelpallares58@gmail.com,"607881636",2018-09-11 00:00:00,"708660","4380218"
"POINT (717139 4245204)","1146","3815",CENTROS DE ATENCIÓN TEMPRANA (CAT),CENTRO DE ATENCION TEMPRANA MONDALUA,"70",ASOCIACION ALICANTINA DE ATENCION TEMPRANA,"JOSE DE CABO PALOMARES, 37 LOCAL 3",Entidad Privada,"03014",Alacant/Alicante,l'Alacantí,Alacant/Alicante,PERSONAS CON DISCAPACIDAD,PERSONAS CON DISCAPACIDAD,"330525",zero@gva.es,"965061505",2019-03-26 00:00:00,"717139","4245204"
"POINT (708250 4380180)","1147","3828",VIVIENDA ASISTIDA PARA PERSONAS CON ENFERMEDAD MENTAL CRÓNICA,VIVIENDA TUTELADA INTEGRA VALENCIA 1,"7",INTEGRA VALENCIA VIVIENDAS TUTELADAS S.L.,CRTRA DE VILAMARXANT Nº. 115 - 4º-15ª,Entidad Privada,"46214",València/Valencia,el Camp de Túria,Riba-roja de Túria,PERSONAS CON ENFERMEDAD MENTAL,PERSONAS CON ENFERMEDAD MENTAL,"21521",MACACHIBO@HOTMAIL.COM,"663796180",2018-09-11 00:00:00,"708250","4380180"
"POINT (736879 4411073)","1148","3843",VIVIENDAS TUTELADAS,VIVIENDA TUTELADA INMIGRANTES CRUZ ROJA VALL D'UIXÓ -3,"5",CRUZ ROJA ESPAÑOLA,"URBANIZACIÓN SEGARRA BLQ-B ESC-2, PISO1,",Entidad Privada,"12126",Castelló/Castellón,la Plana Baixa,la Vall d'Uixó,PERSONAS MIGRANTES,PERSONAS MIGRANTES,"31819",zero@gva.es,"0",2019-04-08 00:00:00,"736879","4411073"
"POINT (701407 4237993)","1149","3847",VIVIENDA SUPERVISADA PARA PERSONAS CON DISCAPACIDAD INTELECTUAL,VIVIENDA TUTELADA APSA ELCHE 1,"5",APSA. ASOCIACION PRO-DEFICIENTES PSIQUICOS DE ALICANTE,"ANTON ASENSIO, 4-2º PISO V",Entidad Privada,"03065",Alacant/Alicante,el Baix Vinalopó,Elx/Elche,PERSONAS CON DISCAPACIDAD,PERSONAS CON DISCAPACIDAD,"227659",APSA@ASOCIACIONAPSA.COM,"965257112",2018-12-18 00:00:00,"701407","4237993"
"POINT (719400 4247730)","1150","3848",VIVIENDA SUPERVISADA PARA PERSONAS CON DISCAPACIDAD INTELECTUAL,VIVIENDA TUTELADA APSA ALICANTE,"5",APSA. ASOCIACION PRO-DEFICIENTES PSIQUICOS DE ALICANTE,"SARGENTO VAILLO, 20 -1º D",Entidad Privada,"03014",Alacant/Alicante,l'Alacantí,Alacant/Alicante,PERSONAS CON DISCAPACIDAD,PERSONAS CON DISCAPACIDAD,"330525",zero@gva.es,"902005848",2018-12-18 00:00:00,"719400","4247730"
"POINT (719307 4247088)","1151","3849",VIVIENDA SUPERVISADA PARA PERSONAS CON ENFERMEDAD MENTAL CRÓNICA PARA LA PROMOCIÓN DE LA AUTONOMÍA Y EL FOMENTO DEL APRENDIZAJE DE LAS ACTIVIDADES DE LA VIDA DIARIA,"VIVIENDA TUTELADA SUPERVISADA  ""EL ARREBOL II""","5",LOBNA,"PINTOR CABRERA, 4-1º D",Entidad Privada,"03014",Alacant/Alicante,l'Alacantí,Alacant/Alicante,PERSONAS CON ENFERMEDAD MENTAL,PERSONAS CON ENFERMEDAD MENTAL,"330525",info@elarrebol.es,"674807961",2019-02-15 00:00:00,"719307","4247088"
"POINT (723854 4380786)","1152","3850",VIVIENDA ASISTIDA PARA PERSONAS CON ENFERMEDAD MENTAL CRÓNICA,VIVIENDA TUTELADA NOVAEDAT MONCADA,"7",NOVAEDAT BENESTAR SLU,C/ RAMBLETA Nº. 15,Entidad Privada,"46171",València/Valencia,l'Horta Nord,Montcada/Moncada,PERSONAS CON ENFERMEDAD MENTAL,PERSONAS CON ENFERMEDAD MENTAL,"21700",rplanells@novaedat.es,"963393090",2019-01-11 00:00:00,"723854","4380786"
"POINT (683392 4220427)","1153","3851",VIVIENDA SUPERVISADA PARA PERSONAS CON ENFERMEDAD MENTAL CRÓNICA PARA LA PROMOCIÓN DE LA AUTONOMÍA Y EL FOMENTO DEL APRENDIZAJE DE LAS ACTIVIDADES DE LA VIDA DIARIA,VIVIENDA TUTELADA VIDESALUD,"7",VIDESALUD DISCAPACITADOS S.L.,"CAMINO DE LA ESCORRATA, S/N",Entidad Privada,"03111",Alacant/Alicante,el Baix Segura/La Vega Baja,Redován,PERSONAS CON ENFERMEDAD MENTAL,PERSONAS CON ENFERMEDAD MENTAL,"7765",info@videsalud.es,"0",2019-02-15 00:00:00,"683392","4220427"
"POINT (719561 4285728)","1154","3852",CENTRO DE DÍA PARA PERSONAS CON DISCAPACIDAD O DIVERSIDAD FUNCIONAL,"CENTRO DE ATENCIÓN DIURNA PARA PERSONAS EN SITUACIÓN DE DEPENDENCIA ""FONT ROJA-AIN""","40",A.I.N. ASOCIACION INTEGRACION DEL NIÑO,"EL CAMI, 40",Entidad Privada,"03009",Alacant/Alicante,l'Alcoià,Alcoi/Alcoy,PERSONAS CON DISCAPACIDAD,PERSONAS CON DISCAPACIDAD,"59198",AINALCOY@HOTMAIL.COM,"965545590",2019-01-14 00:00:00,"719561","4285728"
"POINT (706495 4389813)","1155","3862",CENTROS DE ATENCIÓN TEMPRANA (CAT),"CENTRO DE ATENCIÓN TEMPRANA ""CREIXENT LLIRIA""","70",ASOCIACIÓN DE NEURODESARROLLO INFANTO-JUVENIL CREIXENT LLIRIA,PLAZA MARINES Nº. 3 BAJO,Entidad Privada,"46147",València/Valencia,el Camp de Túria,Llíria,PERSONAS CON DISCAPACIDAD,PERSONAS CON DISCAPACIDAD,"22796",BEATRIZCREIXENT@GMAIL.COM,"610873364",2019-10-23 00:00:00,"706495","4389813"
"POINT (722683 4375910)","1156","3863",CENTROS DE ATENCIÓN TEMPRANA (CAT),CENTRO DE ATENCION TEMPRANA ANDIAT,"35",ASOCIACION DE NEURODESARROLLO INFANTIL Y ATENCION TEMPRANA,C/ BERNAT Y BALDOVI Nº. 1,Entidad Privada,"46078",València/Valencia,l'Horta Nord,Burjassot,PERSONAS CON DISCAPACIDAD,PERSONAS CON DISCAPACIDAD,"37324",zero@gva.es,"656368152",2019-11-15 00:00:00,"722683","4375910"
"POINT (738511 4394910)","1157","3865",VIVIENDA ASISTIDA PARA PERSONAS CON ENFERMEDAD MENTAL CRÓNICA,VIVIENDA TUTELADA MORVEDRE ARMONÍA,"7",INTEGRA VALENCIA VIVIENDAS TUTELADAS S.L.,C/ VENT DE PONENT Nº. 20 PUERTA 12,Entidad Privada,"46220",València/Valencia,el Camp de Morvedre,Sagunt/Sagunto,PERSONAS CON ENFERMEDAD MENTAL,PERSONAS CON ENFERMEDAD MENTAL,"64439",social.ap.1991@gmail.com,"667732892",2019-02-14 00:00:00,"738511","4394910"
"POINT (717036 4367393)","1158","3866",CENTROS DE ATENCIÓN TEMPRANA (CAT),"CENTRO DE ATENCION TEMPRANA ""NEURODES""","70",ASOCIACION NEURODES,AVENIDA DEL VEDAT Nº. 140 PUERTA 10,Entidad Privada,"46244",València/Valencia,l'Horta Sud,Torrent,PERSONAS CON DISCAPACIDAD,PERSONAS CON DISCAPACIDAD,"80762",ASOCNEURODES@GMAIL.COM,"610825481",2019-11-15 00:00:00,"717036","4367393"
"POINT (680827 4218123)","1159","3869",VIVIENDAS TUTELADAS,PISO DE ACOGIDA PARA INMIGRANTES VEGA BAJA ACOGE,"6",VEGA BAJA ACOGE,C/ ENSEÑANZA Nº 4 - 3º F - IZQ.-BLOQUE B,Entidad Privada,"03099",Alacant/Alicante,el Baix Segura/La Vega Baja,Orihuela,PERSONAS MIGRANTES,PERSONAS MIGRANTES,"80359",,"966745731",2020-07-01 00:00:00,"680827","4218123"
"POINT (753431 4430203)","1160","3875",C. A. DIURNA PARA PERSONAS EN SITUACIÓN DE DEPENDENCIA,CENTRE DE DIA AFDEM,"20",ASO.FAMIL.PARA DERECHOS DEL ENFER.MENTAL (AFDEM),"C/OBISPO SALINAS, 12-BAJO",Entidad Privada,"12040",Castelló/Castellón,la Plana Alta,Castelló de la Plana,PERSONAS CON ENFERMEDAD MENTAL,PERSONAS CON ENFERMEDAD MENTAL,"170990",AFDEM.CS@HOTMAIL.COM,"964232245",2019-03-26 00:00:00,"753431","4430203"
"POINT (753001 4430455)","1161","3879",RESIDENCIA DE PERSONAS CON DISCAPACIDAD O DIVERSIDAD FUNCIONAL,RESIDENCIA APNAC,"22",ASOCIACION DE PADRES DE PERSONAS CON  AUTISMO DE CASTELLON (APNAC),GRAN VIA TARREGA MONTEBLANCO,Entidad Privada,"12040",Castelló/Castellón,la Plana Alta,Castelló de la Plana,PERSONAS CON DISCAPACIDAD,PERSONAS CON DISCAPACIDAD,"170990",apnac1@gmail.com,"619800902",2021-03-02 00:00:00,"753001","4430455"
"POINT (753001 4430455)","1162","3880",CENTRO DE DÍA PARA PERSONAS CON DISCAPACIDAD O DIVERSIDAD FUNCIONAL,CENTRO DE DIA APNAC,"6",ASOCIACION DE PADRES DE PERSONAS CON  AUTISMO DE CASTELLON (APNAC),GRAN VIA TÁRREGA MONTEBLANCO,Entidad Privada,"12040",Castelló/Castellón,la Plana Alta,Castelló de la Plana,PERSONAS CON DISCAPACIDAD,PERSONAS CON DISCAPACIDAD,"170990",apnac1@gmail.com,"619800902",2021-03-02 00:00:00,"753001","4430455"
"POINT (718476 4248924)","1163","3881",ALBERGUES,CENTRO ATENCIÓN PERSONAS SIN HOGAR CARITAS VERITAS,"14",CARITAS DIOCESANA DE ORIHUELA-ALICANTE,C/ SUIZA Nº 27 ESQ. CALLE BUSOT Nº 4,Entidad Privada,"03014",Alacant/Alicante,l'Alacantí,Alacant/Alicante,POBLACIÓN EN GENERAL Y COLECTIVOS SOCIALMENTE DESFAVORECIDOS,POBLACIÓN EN GENERAL Y COLECTIVOS SOCIALMENTE DESFAVORECIDOS,"330525",zero@gva.es,"0",2021-11-08 00:00:00,"718476","4248924"
"POINT (738659 4393478)","1164","3882",VIVIENDA ASISTIDA PARA PERSONAS CON ENFERMEDAD MENTAL CRÓNICA,VIVIENDA TUTELADA NOVAEDAT PUERTO DE SAGUNTO (ASISTIDA),"7",NOVAEDAT BENESTAR SLU,AVD. JUAN TORRES CASADA Nº. 60,Entidad Privada,"46220",València/Valencia,el Camp de Morvedre,Sagunt/Sagunto,PERSONAS CON ENFERMEDAD MENTAL,PERSONAS CON ENFERMEDAD MENTAL,"64439",JMIRO@NOVAEDAT.ES,"963393090",2019-02-25 00:00:00,"738659","4393478"
"POINT (725733 4372816)","1165","3884",CENTROS SOCIALES,"CENTRO MUNICIPAL DE SERVICIOS SOCIALES ""LA SAIDIA""","0",AJUNTAMENT DE VALENCIA,"C/ SARRIÓ, NÚM. 14",Entidad Local,"46250",València/Valencia,València,València,POBLACIÓN EN GENERAL Y COLECTIVOS SOCIALMENTE DESFAVORECIDOS,POBLACIÓN EN GENERAL Y COLECTIVOS SOCIALMENTE DESFAVORECIDOS,"790201",zero@gva.es,"0",2020-11-23 00:00:00,"725733","4372816"
"POINT (737234 4411924)","1166","3885",VIVIENDA SUPERVISADA PARA PERSONAS CON DISCAPACIDAD INTELECTUAL,VIVIENDA TUTELADA AFANIAD,"7",ASOCIACION DE FAMILIARES CON NIÑOS Y ADULTOS DISCAPACITADOS DE VALL D'UXO (AFANIAD),"C/ BURRIANA, Nº 10-1º",Entidad Privada,"12126",Castelló/Castellón,la Plana Baixa,la Vall d'Uixó,PERSONAS CON DISCAPACIDAD,PERSONAS CON DISCAPACIDAD,"31819",zero@gva.es,"964665763",2019-11-15 00:00:00,"737234","4411924"
"POINT (719946 4247147)","1167","3895",VIVIENDAS TUTELADAS,VIVIENDA TUTELADA PARA PERSONAS SIN HOGAR C/ DOCTOR NIETO Nº 42 - 5º E,"4",CARITAS DIOCESANA DE ORIHUELA-ALICANTE,C/ DOCTOR NIETO Nº 42 - 5º E,Entidad Privada,"03014",Alacant/Alicante,l'Alacantí,Alacant/Alicante,POBLACIÓN EN GENERAL Y COLECTIVOS SOCIALMENTE DESFAVORECIDOS,POBLACIÓN EN GENERAL Y COLECTIVOS SOCIALMENTE DESFAVORECIDOS,"330525",zero@gva.es,"0",2020-11-11 00:00:00,"719946","4247147"
"POINT (720389 4248424)","1168","3896",VIVIENDAS TUTELADAS,VIVIENDA TUTELADA PARA JOVENES INMIGRANTES C/ DOCTOR NIETO Nº 42 - 8º E,"5",CARITAS DIOCESANA DE ORIHUELA-ALICANTE,C/ DOCTOR NIETO Nº 42 - 8º E,Entidad Privada,"03014",Alacant/Alicante,l'Alacantí,Alacant/Alicante,PERSONAS MIGRANTES,PERSONAS MIGRANTES,"330525",,"657863444",2022-06-10 00:00:00,"720389","4248424"
"POINT (770030 4303796)","1169","3897",VIVIENDA ASISTIDA PARA PERSONAS CON ENFERMEDAD MENTAL CRÓNICA,VIVIENDA TUTELADA SANT TELM,"7",INTEGRA MENT S.L.,"TEMPLE DE SANT TELM, 23",Entidad Privada,"03063",Alacant/Alicante,la Marina Alta,Dénia,PERSONAS CON ENFERMEDAD MENTAL,PERSONAS CON ENFERMEDAD MENTAL,"41465",administracion@integra-ment.com,"619261321",2019-02-25 00:00:00,"770030","4303796"
"POINT (717228 4246125)","1170","3898",CENTRO DE DÍA PARA PERSONAS CON ENFERMEDAD MENTAL CRÓNICA,"CENTRO DE DIA PARA PERSONAS CON ENFERMEDAD MENTAL ""SENTIT""","20",ADIEM SENTIT FUNDACIÓN DE LA COMUNITAT VALENCIANA,"CALLE DE LOS TRANSPORTES, 4",Entidad Privada,"03014",Alacant/Alicante,l'Alacantí,Alacant/Alicante,PERSONAS CON ENFERMEDAD MENTAL,PERSONAS CON ENFERMEDAD MENTAL,"330525",zero@gva.es,"966705294",2020-05-02 00:00:00,"717228","4246125"
"POINT (719623 4287101)","1171","3904",VIVIENDA SUPERVISADA PARA PERSONAS CON ENFERMEDAD MENTAL CRÓNICA,VIVIENDA SUPERVISADA 3,"6",CRUZ ROJA ESPAÑOLA,"C/ CALDERON, Nº 4, 2º",Entidad Privada,"03009",Alacant/Alicante,l'Alcoià,Alcoi/Alcoy,PERSONAS CON ENFERMEDAD MENTAL,PERSONAS CON ENFERMEDAD MENTAL,"59198",alcoyalicante@cruzroja.es,"965332244",2019-02-25 00:00:00,"719623","4287101"
"POINT (720259 4287404)","1172","3905",VIVIENDA SUPERVISADA PARA PERSONAS CON ENFERMEDAD MENTAL CRÓNICA,VIVIENDA SUPERVISADA 4,"6",CRUZ ROJA ESPAÑOLA,"AVDA. HISPANIDAD, Nº 35, PISO 2º",Entidad Privada,"03009",Alacant/Alicante,l'Alcoià,Alcoi/Alcoy,PERSONAS CON ENFERMEDAD MENTAL,PERSONAS CON ENFERMEDAD MENTAL,"59198",alcoyalicante@cruzroja.es,"965332244",2019-02-25 00:00:00,"720259","4287404"
"POINT (718570 4371606)","1173","3908",CENTROS OCUPACIONALES PARA ENFERMOS MENTALES,"CENTRO OCUPACIONAL ""DOCTORA MARIA HUERTAS""","35",ASOCIACION ALBERO ARTESANOS,C/ ELS ANGELS Nº. 26 BAJO,Entidad Privada,"46021",València/Valencia,l'Horta Sud,Aldaia,PERSONAS CON ENFERMEDAD MENTAL,PERSONAS CON ENFERMEDAD MENTAL,"31246",CORREO@ALBEROARTESANOS.ORG,"961293880",2019-06-21 00:00:00,"718570","4371606"
"POINT (744372 4316940)","1174","3916",ALBERGUES,CENTRO DE ATENCION INTEGRAL PARA PERSONAS SIN HOGAR SAN FRANCISCO DE BORJA,"14",CARITAS INTERPARROQUIAL GANDIA,"C/ DUQUE CARLOS, Nº 15",Entidad Privada,"46131",València/Valencia,la Safor,Gandia,POBLACIÓN EN GENERAL Y COLECTIVOS SOCIALMENTE DESFAVORECIDOS,POBLACIÓN EN GENERAL Y COLECTIVOS SOCIALMENTE DESFAVORECIDOS,"74814",zero@gva.es,"962873364",2021-05-14 00:00:00,"744372","4316940"
"POINT (744372 4316940)","1175","3917",VIVIENDAS TUTELADAS,"PISO DE ACOGIDA C/ SAN RAFAEL, Nº 51-2º-5ª","3",CARITAS INTERPARROQUIAL GANDIA,"C/ SAN RAFAEL, Nº 51-2º-5ª",Entidad Privada,"46131",València/Valencia,la Safor,Gandia,POBLACIÓN EN GENERAL Y COLECTIVOS SOCIALMENTE DESFAVORECIDOS,POBLACIÓN EN GENERAL Y COLECTIVOS SOCIALMENTE DESFAVORECIDOS,"74814",zero@gva.es,"962873364",2021-01-21 00:00:00,"744372","4316940"
"POINT (714665 4413752)","1176","3920",CENTROS DE ATENCIÓN TEMPRANA (CAT),CENTRO DE ATENCION TEMPRANA DE CRUZ ROJA EN SEGORBE,"35",CRUZ ROJA ESPAÑOLA,"C/ ALBASET, Nº 7-BAJO",Entidad Privada,"12104",Castelló/Castellón,El Alto Palancia,Segorbe,PERSONAS CON DISCAPACIDAD,PERSONAS CON DISCAPACIDAD,"9005",CASTELLON@CRUZROJA.ES,"964724852",2019-07-23 00:00:00,"714665","4413752"
"POINT (728200 4371664)","1177","3922",VIVIENDA SUPERVISADA PARA PERSONAS CON ENFERMEDAD MENTAL CRÓNICA PARA LA PROMOCIÓN DE LA AUTONOMÍA Y EL FOMENTO DEL APRENDIZAJE DE LAS ACTIVIDADES DE LA VIDA DIARIA,VIVIENDA TUTELADA MENTALIA AVENIDA PUERTO,"5",CASTA SALUD S.L.U.,AVENIDO DEL PUERTO Nº. 152 PUERTA 4,Entidad Privada,"46250",València/Valencia,València,València,PERSONAS CON ENFERMEDAD MENTAL,PERSONAS CON ENFERMEDAD MENTAL,"790201",direccion@mentaliapuerto.com,"963301237",2019-05-02 00:00:00,"728200","4371664"
"POINT (718066 4371354)","1178","3923",VIVIENDA SUPERVISADA PARA PERSONAS CON ENFERMEDAD MENTAL CRÓNICA,"VIVIENDA TUTELADA SUPERVISADA ""LA LLUM""","7",VIVIENDA SUPERVISADA LA LLUMCOOP.V.,C/ PICANYA Nª. 22,Entidad Privada,"46021",València/Valencia,l'Horta Sud,Aldaia,PERSONAS CON ENFERMEDAD MENTAL,PERSONAS CON ENFERMEDAD MENTAL,"31246",viviendalallum@gmail.com,"649144862",2019-03-06 00:00:00,"718066","4371354"
"POINT (718727 4246659)","1179","3931",VIVIENDA SUPERVISADA PARA PERSONAS CON ENFERMEDAD MENTAL CRÓNICA PARA LA PROMOCIÓN DE LA AUTONOMÍA Y EL FOMENTO DEL APRENDIZAJE DE LAS ACTIVIDADES DE LA VIDA DIARIA,VIVIENDA TUTELADA SUPERVISADA FUNDACION SALUD Y COMUNIDAD,"5",FUNDACIÓN SALUD Y COMUNIDAD,"C/ DOCTOR JUST, 24-26, PISO 1 CENTRE",Entidad Privada,"03014",Alacant/Alicante,l'Alacantí,Alacant/Alicante,PERSONAS CON ENFERMEDAD MENTAL,PERSONAS CON ENFERMEDAD MENTAL,"330525",coord.viviendasmalicante@fsyc.org,"965299118",2019-05-23 00:00:00,"718727","4246659"
"POINT (725198 4374371)","1180","3932",CENTRO OCUPACIONAL PARA PERSONAS CON DISCAPACIDAD O DIVERSIDAD FUNCIONAL,CENTRO OCUPACIONAL LUZ VERDE,"40","ASOCIACION DE PADRES DE ALUMNOS DEL CENTRO OCUPACIONAL ""LUZ VERDE""",C/ VICENTE PERIS Nº. 5,Entidad Privada,"46250",València/Valencia,València,València,PERSONAS CON DISCAPACIDAD,PERSONAS CON DISCAPACIDAD,"790201",COLUZVERDE@GMAIL.COM,"963493647",2020-01-09 00:00:00,"725198","4374371"
"POINT (719745 4251844)","1181","3933",VIVIENDA SUPERVISADA PARA PERSONAS CON ENFERMEDAD MENTAL CRÓNICA,VIVIENDA TUTELADA VILLAFRANQUEZA,"7","ASOCIACIÓN DOMUS, CUIDADO AL DEPENDIENTE Y ATENCIÓN AL MENOR","FRAY FRANCISCO GUIJARRO, 6",Entidad Privada,"03014",Alacant/Alicante,l'Alacantí,Alacant/Alicante,PERSONAS CON ENFERMEDAD MENTAL,PERSONAS CON ENFERMEDAD MENTAL,"330525",zero@gva.es,"0",2019-03-05 00:00:00,"719745","4251844"
"POINT (747888 4431475)","1182","3935",CENTROS DE ATENCIÓN TEMPRANA (CAT),CENTRO DE ATENCIÓN TEMPRANA AFANIAS II,"45",ASOCIACION AFANIAS CASTELLÓN,CUADRA PORTOLES 1,Entidad Privada,"12040",Castelló/Castellón,la Plana Alta,Castelló de la Plana,PERSONAS CON DISCAPACIDAD,PERSONAS CON DISCAPACIDAD,"170990",FGIL@AFANIASCASTELLON.ORG,"964246887",2019-07-08 00:00:00,"747888","4431475"
"POINT (725733 4372816)","1183","3936",VIVIENDAS TUTELADAS,"VIVIENDA SEMITUTELADA PARA INMIGRANTES C/ GUILLEM DE CASTRO, 106-22ª","7",CRUZ ROJA ESPAÑOLA,"C/ GUILLEM DE CASTRO, 106-22ª",Entidad Privada,"46250",València/Valencia,València,València,PERSONAS MIGRANTES,PERSONAS MIGRANTES,"790201",zero@gva.es,"963802244",2021-04-01 00:00:00,"725733","4372816"
"POINT (715338 4341463)","1184","3938",VIVIENDAS TUTELADAS,"VIVIENDA SEMITUTELADA PARA INMIGRANTES PLAZA DE LA GENERALITAT, 13-10ª","6",CRUZ ROJA ESPAÑOLA,"PLAZA DE LA GENERALITAT, 13-10ª",Entidad Privada,"46019",València/Valencia,la Ribera Alta,l'Alcúdia,PERSONAS MIGRANTES,PERSONAS MIGRANTES,"11820",zero@gva.es,"963802244",2021-05-14 00:00:00,"715338","4341463"
"POINT (693025 4259769)","1185","3952",CENTROS DE ATENCIÓN TEMPRANA (CAT),CENTRO ATENCIÓN TEMPRANA  FUNREDIS,"35",FUNDACIÓN DE LA C.V. PARA LA REHABILITACIÓN E INTEGRACIÓN SOCIOLABORAL DE PERSONAS CON DISCAPACIDAD,"MEDICO JOSE FERREIRA QUINTANA, 27",Entidad Privada,"03066",Alacant/Alicante,el Vinalopó Mitjà/El Vinalopó Medio,Elda,PERSONAS CON DISCAPACIDAD,PERSONAS CON DISCAPACIDAD,"52745",zero@gva.es,"666998951",2022-04-05 00:00:00,"693025","4259769"
"POINT (733063 4342951)","1186","3955",RESIDENCIA DE PERSONAS CON DISCAPACIDAD O DIVERSIDAD FUNCIONAL,RESIDENCIA PER A PERSONES AMB DISCAPACITAT DE SUECA,"42",AJUNTAMENT DE SUECA,C/ MATEMATIC MARÇAL S/N,Entidad Local,"46235",València/Valencia,la Ribera Baixa,Sueca,PERSONAS CON DISCAPACIDAD,PERSONAS CON DISCAPACIDAD,"28090",sueca_toc@gva.es,"961711460",2019-05-02 00:00:00,"733063","4342951"
"POINT (733063 4342951)","1187","3956",CENTRO DE DÍA PARA PERSONAS CON DISCAPACIDAD O DIVERSIDAD FUNCIONAL,CENTRE DE DIA MUNICIPAL DE SUECA,"40",AJUNTAMENT DE SUECA,C/ MATEMATIC MARÇAL S/N,Entidad Local,"46235",València/Valencia,la Ribera Baixa,Sueca,PERSONAS CON DISCAPACIDAD,PERSONAS CON DISCAPACIDAD,"28090",SUECA_TOC@GVA.ES,"961711460",2019-05-02 00:00:00,"733063","4342951"
"POINT (733063 4342951)","1188","3957",CENTRO OCUPACIONAL PARA PERSONAS CON DISCAPACIDAD O DIVERSIDAD FUNCIONAL,CENTRE OCUPACIONAL MUNICIPAL DE SUECA- 1,"40",AJUNTAMENT DE SUECA,C/ MATEMATIC MARÇAL S/N,Entidad Local,"46235",València/Valencia,la Ribera Baixa,Sueca,PERSONAS CON DISCAPACIDAD,PERSONAS CON DISCAPACIDAD,"28090",SUECA_TOC@GVA.ES,"961711460",2019-05-02 00:00:00,"733063","4342951"
"POINT (707650 4240879)","1189","3962",CENTROS DE ATENCIÓN TEMPRANA (CAT),CENTRO ATENCION TEMPRANA FUNDACION SALUD INFANTIL II,"70",FUNDACION PARA LA SALUD INFANTIL DE LA COMUNIDAD VALENCIANA,"ILICITANO AUSENTE, 8",Entidad Privada,"03065",Alacant/Alicante,el Baix Vinalopó,Elx/Elche,PERSONAS CON DISCAPACIDAD,PERSONAS CON DISCAPACIDAD,"227659",zero@gva.es,"966661529",2020-02-13 00:00:00,"707650","4240879"
"POINT (719946 4247147)","1190","3964",VIVIENDAS TUTELADAS,VIVIENDA TUTELADA DE APOYO A LA INSERCION SOCIO-LABORAL DE JOVENES (CASA OBERTA),"4",ASOCIACIÓN CASA OBERTA,"AVDA. DE ALCOPY Nº 36-38 , 2º B",Entidad Privada,"03014",Alacant/Alicante,l'Alacantí,Alacant/Alicante,POBLACIÓN EN GENERAL Y COLECTIVOS SOCIALMENTE DESFAVORECIDOS,POBLACIÓN EN GENERAL Y COLECTIVOS SOCIALMENTE DESFAVORECIDOS,"330525",zero@gva.es,"965254362",2020-12-04 00:00:00,"719946","4247147"
"POINT (724647 4371649)","1191","3965",CENTRO DE ATENCIÓN DIURNA PARA PERSONAS CON DISCAPACIDAD O DIVERSIDAD FUNCIONAL EN SITUACIÓN DE DEPENDENCIA,CENTRO DE DIA PARA T.E.A. VALENCIA,"30",FUNDACIÓN DE XIQUET A MAJOR DE LA COMUNITAT VALENCIANA,"AVDA. PEREZ GALDOS, 38",Entidad Privada,"46250",València/Valencia,València,València,PERSONAS CON DISCAPACIDAD,PERSONAS CON DISCAPACIDAD,"790201",zero@gva.es,"0",2019-04-17 00:00:00,"724647","4371649"
"POINT (707787 4299844)","1192","3975",CENTRO DE DÍA PARA PERSONAS CON ENFERMEDAD MENTAL CRÓNICA,"CENTRE DE DIA ""ADIEM-ONTINYENT""","15","ADIEM, ASOCIACION PARA LA DEFENSA E INTEGRACION DEL ENFERMO MENTAL",CALLE SAN IGNACI Nº. 34,Entidad Privada,"46184",València/Valencia,la Vall d'Albaida,Ontinyent,PERSONAS CON ENFERMEDAD MENTAL,PERSONAS CON ENFERMEDAD MENTAL,"35534",crisdir@adiemontinyent.org,"677475834",2021-02-04 00:00:00,"707787","4299844"
"POINT (725733 4372816)","1193","3976",VIVIENDAS TUTELADAS,PISO ACOGIDA FUNDACION APIP-ACAM C/VISITACION 9-8 VALENCIA,"4",FUNDACION APIP-ACAM,"C/VISITACION, NUM 9, 8ª",Entidad Privada,"46250",València/Valencia,València,València,PERSONAS MIGRANTES,PERSONAS MIGRANTES,"790201",zero@gva.es,"963924156",2020-11-10 00:00:00,"725733","4372816"
"POINT (725733 4372816)","1194","3978",VIVIENDAS TUTELADAS,"PISO ACOGIDA FUND.APIP-ACAM C/ALQUERIA DE BENIMASSOT, 14 VALENCIA","4",FUNDACION APIP-ACAM,"C/ALQUERIA DE BENIMASSOT, Nº 14, 5ª",Entidad Privada,"46250",València/Valencia,València,València,PERSONAS MIGRANTES,PERSONAS MIGRANTES,"790201",zero@gva.es,"963924156",2020-11-10 00:00:00,"725733","4372816"
"POINT (725733 4372816)","1195","3979",VIVIENDAS TUTELADAS,"PISO ACOGIDA FUND.APIP-ACAM C/MARIANO BELENGUER MALLOL, 17 VALENCIA","4",FUNDACION APIP-ACAM,"C/MARIANO BELENGUER MALLOL, Nº 17-4ª",Entidad Privada,"46250",València/Valencia,València,València,PERSONAS MIGRANTES,PERSONAS MIGRANTES,"790201",zero@gva.es,"963924156",2020-11-10 00:00:00,"725733","4372816"
"POINT (725733 4372816)","1196","3981",VIVIENDAS TUTELADAS,VIVIENDA TUTELADA PESONAS MIGRANTES PZA. PEDAGOGO PESTALOZZI,"4",FUNDACION APIP-ACAM,"PLAZA PEDAGOGO PESTALOZZI, Nº 3, 6ª",Entidad Privada,"46250",València/Valencia,València,València,PERSONAS MIGRANTES,PERSONAS MIGRANTES,"790201",zero@gva.es,"963924156",2020-11-18 00:00:00,"725733","4372816"
"POINT (753001 4430455)","1197","3983",VIVIENDAS TUTELADAS,VIVIENDA TUTELADA-2 LA LLAR PRIMER,"1",FUNDACIÓN SALUD Y COMUNIDAD,"C/ JOSÉ ESPRONCEDA Nº 29, 2º-G",Entidad Privada,"12040",Castelló/Castellón,la Plana Alta,Castelló de la Plana,POBLACIÓN EN GENERAL Y COLECTIVOS SOCIALMENTE DESFAVORECIDOS,POBLACIÓN EN GENERAL Y COLECTIVOS SOCIALMENTE DESFAVORECIDOS,"170990",dir.castello@fsyc.org,"963777390",2020-01-20 00:00:00,"753001","4430455"
"POINT (721668 4368061)","1198","3986",VIVIENDA SUPERVISADA PARA PERSONAS CON ENFERMEDAD MENTAL CRÓNICA PARA LA PROMOCIÓN DE LA AUTONOMÍA Y EL FOMENTO DEL APRENDIZAJE DE LAS ACTIVIDADES DE LA VIDA DIARIA,VIVIENDA TUTELADA NOVAEDAT PICANYA,"7",NOVAEDAT BENESTAR SLU,C/ MARIE CURIE Nº. 19,Entidad Privada,"46193",València/Valencia,l'Horta Sud,Picanya,PERSONAS CON ENFERMEDAD MENTAL,PERSONAS CON ENFERMEDAD MENTAL,"11281",egost@novaedat.es,"963393090",2019-06-21 00:00:00,"721668","4368061"
"POINT (723833 4380389)","1199","3987",VIVIENDA SUPERVISADA PARA PERSONAS CON ENFERMEDAD MENTAL CRÓNICA PARA LA PROMOCIÓN DE LA AUTONOMÍA Y EL FOMENTO DEL APRENDIZAJE DE LAS ACTIVIDADES DE LA VIDA DIARIA,"VIVIENDA TUTELADA ""SIQUEM-II"" (SUPERVISADA PROMOCIÓN AUTONOMIA Y FOMENTO DEL APRENDIZAJE)","5","MAIDES, FUNDACION MARE DE DEU DELS INNOCENTS I DESAMPARATS",C/ FERMNANDO EL CATOLICO Nº. 13 PUERTA 1,Entidad Privada,"46171",València/Valencia,l'Horta Nord,Montcada/Moncada,PERSONAS CON ENFERMEDAD MENTAL,PERSONAS CON ENFERMEDAD MENTAL,"21700",maidesfundacion@gmail.com,"300084152",2020-01-02 00:00:00,"723833","4380389"
"POINT (725899 4374250)","1200","3988",ALBERGUES,ALBERGUE SANT JOAN DE DÉU,"50",SANT JOAN DE DEU SERVEIS SOCIALS VALENCIA HOSPITALARIOS DE SAN JUAN DE DIOS-PROV DE ARAGON,"C/ LUZ CASANOVA, 8",Entidad Privada,"46250",València/Valencia,València,València,POBLACIÓN EN GENERAL Y COLECTIVOS SOCIALMENTE DESFAVORECIDOS,POBLACIÓN EN GENERAL Y COLECTIVOS SOCIALMENTE DESFAVORECIDOS,"790201",zero@gva.es,"963665070",2021-11-05 00:00:00,"725899","4374250"
"POINT (725733 4372816)","1201","3991",VIVIENDAS TUTELADAS,VIVIENDA TUTELADA PARA MUJERES C/ COFRENTES,"4",SANT JOAN DE DEU SERVEIS SOCIALS VALENCIA HOSPITALARIOS DE SAN JUAN DE DIOS-PROV DE ARAGON,"C/ COFRENTES, 4-1ª",Entidad Privada,"46250",València/Valencia,València,València,POBLACIÓN EN GENERAL Y COLECTIVOS SOCIALMENTE DESFAVORECIDOS,POBLACIÓN EN GENERAL Y COLECTIVOS SOCIALMENTE DESFAVORECIDOS,"790201",zero@gva.es,"963665070",2020-11-05 00:00:00,"725733","4372816"
"POINT (717228 4246125)","1202","3996",CENTRO DE REHABILITACIÓN E INTEGRACIÓN SOCIAL PARA ENFERMOS MENTALES CRÓNICOS,CRIS SENTIT,"70",ADIEM SENTIT FUNDACIÓN DE LA COMUNITAT VALENCIANA,"TRANSPORTES, 4",Entidad Privada,"03014",Alacant/Alicante,l'Alacantí,Alacant/Alicante,PERSONAS CON ENFERMEDAD MENTAL,PERSONAS CON ENFERMEDAD MENTAL,"330525",zero@gva.es,"966705294",2020-05-02 00:00:00,"717228","4246125"
"POINT (725733 4372816)","1203","3997",VIVIENDAS TUTELADAS,VIVIENDA TUTELADA PARA HOMBRES C/ ALBORAYA,"4",SANT JOAN DE DEU SERVEIS SOCIALS VALENCIA HOSPITALARIOS DE SAN JUAN DE DIOS-PROV DE ARAGON,"C/ ALBORAYA, Nº 76-1ª",Entidad Privada,"46250",València/Valencia,València,València,POBLACIÓN EN GENERAL Y COLECTIVOS SOCIALMENTE DESFAVORECIDOS,POBLACIÓN EN GENERAL Y COLECTIVOS SOCIALMENTE DESFAVORECIDOS,"790201",zero@gva.es,"963665070",2020-11-05 00:00:00,"725733","4372816"
"POINT (725733 4372816)","1204","3998",VIVIENDAS TUTELADAS,VIVIENDA SOCIAL AVDA CONSTITUCIÓN,"4",SANT JOAN DE DEU SERVEIS SOCIALS VALENCIA HOSPITALARIOS DE SAN JUAN DE DIOS-PROV DE ARAGON,"AVDA CONSTITUCIÓN, Nº 119-24ª",Entidad Privada,"46250",València/Valencia,València,València,POBLACIÓN EN GENERAL Y COLECTIVOS SOCIALMENTE DESFAVORECIDOS,POBLACIÓN EN GENERAL Y COLECTIVOS SOCIALMENTE DESFAVORECIDOS,"790201",zero@gva.es,"963665070",2020-11-19 00:00:00,"725733","4372816"
"POINT (725668 4374996)","1205","3999",VIVIENDAS TUTELADAS,VIVIENDA SOCIAL C/ MARQUES DE MONTORTAL,"5",SANT JOAN DE DEU SERVEIS SOCIALS VALENCIA HOSPITALARIOS DE SAN JUAN DE DIOS-PROV DE ARAGON,"C/ MARQUES DE MONTORTAL, Nº 44-7ª",Entidad Privada,"46250",València/Valencia,València,València,POBLACIÓN EN GENERAL Y COLECTIVOS SOCIALMENTE DESFAVORECIDOS,POBLACIÓN EN GENERAL Y COLECTIVOS SOCIALMENTE DESFAVORECIDOS,"790201",zero@gva.es,"963665070",2021-11-22 00:00:00,"725668","4374996"
"POINT (725733 4372816)","1206","4000",VIVIENDAS TUTELADAS,VIVIENDA TUTELADA PLAZA STA. CRUZ,"2",SANT JOAN DE DEU SERVEIS SOCIALS VALENCIA HOSPITALARIOS DE SAN JUAN DE DIOS-PROV DE ARAGON,"PLAZA SANTA CRUZ, 2 PTA. 3",Entidad Privada,"46250",València/Valencia,València,València,POBLACIÓN EN GENERAL Y COLECTIVOS SOCIALMENTE DESFAVORECIDOS,POBLACIÓN EN GENERAL Y COLECTIVOS SOCIALMENTE DESFAVORECIDOS,"790201",zero@gva.es,"963665070",2020-10-19 00:00:00,"725733","4372816"
"POINT (725733 4372816)","1207","4001",VIVIENDAS TUTELADAS,"VIVIENDA SOCIAL PLAZA STA. CRUZ Nº 2, PLANTA 3, PTA. 5","2",SANT JOAN DE DEU SERVEIS SOCIALS VALENCIA HOSPITALARIOS DE SAN JUAN DE DIOS-PROV DE ARAGON,"PLAZA SANTA CRUZ, 2 PTA. 5",Entidad Privada,"46250",València/Valencia,València,València,POBLACIÓN EN GENERAL Y COLECTIVOS SOCIALMENTE DESFAVORECIDOS,POBLACIÓN EN GENERAL Y COLECTIVOS SOCIALMENTE DESFAVORECIDOS,"790201",zero@gva.es,"963665070",2020-10-19 00:00:00,"725733","4372816"
"POINT (725733 4372816)","1208","4002",VIVIENDAS TUTELADAS,VIVIENDA SOCIAL SAN JUAN DE DIOS,"3",SANT JOAN DE DEU SERVEIS SOCIALS VALENCIA HOSPITALARIOS DE SAN JUAN DE DIOS-PROV DE ARAGON,"C/SAN JUAN DE DIOS, 7 PTA.19",Entidad Privada,"46250",València/Valencia,València,València,POBLACIÓN EN GENERAL Y COLECTIVOS SOCIALMENTE DESFAVORECIDOS,POBLACIÓN EN GENERAL Y COLECTIVOS SOCIALMENTE DESFAVORECIDOS,"790201",zero@gva.es,"963665070",2021-07-06 00:00:00,"725733","4372816"
"POINT (725733 4372816)","1209","4003",VIVIENDAS TUTELADAS,"VIVIENDA SOCIAL AVDA. PORTUGAL, Nº 59, PTA. 9","3",SANT JOAN DE DEU SERVEIS SOCIALS VALENCIA HOSPITALARIOS DE SAN JUAN DE DIOS-PROV DE ARAGON,"AVDA. PORTUGAL, 59 PTA.9",Entidad Privada,"46250",València/Valencia,València,València,POBLACIÓN EN GENERAL Y COLECTIVOS SOCIALMENTE DESFAVORECIDOS,POBLACIÓN EN GENERAL Y COLECTIVOS SOCIALMENTE DESFAVORECIDOS,"790201",zero@gva.es,"963665070",2020-10-20 00:00:00,"725733","4372816"
"POINT (725733 4372816)","1210","4005",VIVIENDAS TUTELADAS,VIVIENDA SOCIAL ENRIQUE NAVARRO,"3",SANT JOAN DE DEU SERVEIS SOCIALS VALENCIA HOSPITALARIOS DE SAN JUAN DE DIOS-PROV DE ARAGON,"C/ENRIQUE NAVARRO, 27 PTA.8",Entidad Privada,"46250",València/Valencia,València,València,POBLACIÓN EN GENERAL Y COLECTIVOS SOCIALMENTE DESFAVORECIDOS,POBLACIÓN EN GENERAL Y COLECTIVOS SOCIALMENTE DESFAVORECIDOS,"790201",zero@gva.es,"963665070",2021-07-06 00:00:00,"725733","4372816"
"POINT (725733 4372816)","1211","4007",VIVIENDAS TUTELADAS,VIVIENDA SOCIAL MINISTRO LUIS MAYANS,"3",SANT JOAN DE DEU SERVEIS SOCIALS VALENCIA HOSPITALARIOS DE SAN JUAN DE DIOS-PROV DE ARAGON,"MINISTRO LUIS MAYANS, 9 PTA. 29",Entidad Privada,"46250",València/Valencia,València,València,POBLACIÓN EN GENERAL Y COLECTIVOS SOCIALMENTE DESFAVORECIDOS,POBLACIÓN EN GENERAL Y COLECTIVOS SOCIALMENTE DESFAVORECIDOS,"790201",zero@gva.es,"963665070",2021-07-06 00:00:00,"725733","4372816"
"POINT (724057 4380594)","1212","4008",VIVIENDA SUPERVISADA PARA PERSONAS CON ENFERMEDAD MENTAL CRÓNICA,"VIVIENDA TUTELADA  ""NUEVA VILAFARELL""","7","MAIDES, FUNDACION MARE DE DEU DELS INNOCENTS I DESAMPARATS",C/ DOCTOR MOLINER Nº 16,Entidad Privada,"46171",València/Valencia,l'Horta Nord,Montcada/Moncada,PERSONAS CON ENFERMEDAD MENTAL,PERSONAS CON ENFERMEDAD MENTAL,"21700",maidesfundacion@gmail.com,"659766358",2020-01-02 00:00:00,"724057","4380594"
"POINT (725733 4372816)","1213","4011",VIVIENDAS TUTELADAS,VIVIENDA TUTELADA PERSONAS SIN HOGAR C/ ALBORAYA,"3",SANT JOAN DE DEU SERVEIS SOCIALS VALENCIA HOSPITALARIOS DE SAN JUAN DE DIOS-PROV DE ARAGON,"CALLE ALBORAYA, 53-4ª",Entidad Privada,"46250",València/Valencia,València,València,POBLACIÓN EN GENERAL Y COLECTIVOS SOCIALMENTE DESFAVORECIDOS,POBLACIÓN EN GENERAL Y COLECTIVOS SOCIALMENTE DESFAVORECIDOS,"790201",zero@gva.es,"963665070",2020-11-11 00:00:00,"725733","4372816"
"POINT (753001 4430455)","1214","4013",CENTRO DE DÍA PARA PERSONAS CON DISCAPACIDAD O DIVERSIDAD FUNCIONAL,CENTRO DE DÍA FUNDACIÓN SINDROME DE DOWN DE CASTELLON,"20","FUNDACION ""SINDROME DE DOWN""","C/ REPUBLICA ARGENTINA, 12",Entidad Privada,"12040",Castelló/Castellón,la Plana Alta,Castelló de la Plana,PERSONAS CON DISCAPACIDAD,PERSONAS CON DISCAPACIDAD,"170990",,"964251427",2020-08-10 00:00:00,"753001","4430455"
"POINT (769270 4303474)","1215","4016",VIVIENDA SUPERVISADA PARA PERSONAS CON ENFERMEDAD MENTAL CRÓNICA,VIVIENDA TUTELADA CERVANTES,"5",AMADEM. ORGANIZACIÓN NO GUBERNAMENTAL POR LA SALUD MENTAL. MARINA ALTA,"GERMANS GAVILA FERRER, 1 -2º",Entidad Privada,"03063",Alacant/Alicante,la Marina Alta,Dénia,PERSONAS CON ENFERMEDAD MENTAL,PERSONAS CON ENFERMEDAD MENTAL,"41465",viviendatutelada@gmail.com,"966469120",2020-02-27 00:00:00,"769270","4303474"
"POINT (722900 4338131)","1216","4017",RESIDENCIAS PARA PERSONAS MAYORES DEPENDIENTES,RESIDENCIA PARA PERSONAS MAYORES DEPENDIENTES LA RIBERA,"150",AMAVECA CENTRO DE MAYORES SL,AVD DE PACO CABANES EL GENOVES 2,Entidad Privada,"46017",València/Valencia,la Ribera Alta,Alzira,PERSONAS MAYORES,PERSONAS MAYORES,"44488",,"677434507",2022-01-04 00:00:00,"722900","4338131"
"POINT (726277 4370844)","1217","4019",VIVIENDA SUPERVISADA PARA PERSONAS CON ENFERMEDAD MENTAL CRÓNICA PARA LA PROMOCIÓN DE LA AUTONOMÍA Y EL FOMENTO DEL APRENDIZAJE DE LAS ACTIVIDADES DE LA VIDA DIARIA,VIVIENDA TUTELADA SENNDA RUSSAFA,"7",RED PSICOSOCIAL S.L.,C/ FRAY JUAN MONZÓ Nº. 36,Entidad Privada,"46250",València/Valencia,València,València,PERSONAS CON ENFERMEDAD MENTAL,PERSONAS CON ENFERMEDAD MENTAL,"790201",DAVIDTARONCHER@SENNDA.ORG,"963067404",2020-01-02 00:00:00,"726277","4370844"
"POINT (725032 4367225)","1218","4020",CENTROS DE DÍA DE PERSONAS MAYORES DEPENDIENTES,CENTRO DE DIA PERSONAS MAYORES DEPENDIENTES NOVAEDAT SEDAVI,"17",NOVAEDAT SEDAVI S.L.,AVDA. DEL PAÍS VALENCIANO Nº 18,Entidad Privada,"46223",València/Valencia,l'Horta Sud,Sedaví,PERSONAS MAYORES,PERSONAS MAYORES,"10172",mdiaz@novaedat.es,"963750506",2020-12-04 00:00:00,"725032","4367225"
"POINT (721736 4336738)","1219","4021",VIVIENDA SUPERVISADA PARA PERSONAS CON ENFERMEDAD MENTAL CRÓNICA PARA LA PROMOCIÓN DE LA AUTONOMÍA Y EL FOMENTO DEL APRENDIZAJE DE LAS ACTIVIDADES DE LA VIDA DIARIA,VIVIENDA TUTELADA NOVAEDAT ALZIRA,"7",NOVAEDAT BENESTAR SLU,C/ REIS CATOLICS Nº. 122,Entidad Privada,"46017",València/Valencia,la Ribera Alta,Alzira,PERSONAS CON ENFERMEDAD MENTAL,PERSONAS CON ENFERMEDAD MENTAL,"44488",rplanells@novaedat.es,"963393090",2019-11-22 00:00:00,"721736","4336738"
"POINT (725733 4372816)","1220","4025",CENTROS DE ACOGIDA PARA EX-RECLUSOS,ALBERGUE ESPAI,"11",ASOCIACION A.M.B.I.T.,"C/ ALTA DEL MAR, Nº 80 BAJO",Entidad Privada,"46250",València/Valencia,València,València,POBLACIÓN EN GENERAL Y COLECTIVOS SOCIALMENTE DESFAVORECIDOS,POBLACIÓN EN GENERAL Y COLECTIVOS SOCIALMENTE DESFAVORECIDOS,"790201",zero@gva.es,"960633060",2020-10-27 00:00:00,"725733","4372816"
"POINT (702590 4205666)","1221","4026",CENTROS DE ATENCIÓN TEMPRANA (CAT),CENTRO DE ATENCION TEMPRANA  APANEE,"70",ASOCIACION DE PADRES DE ALUMNOS CON NECESIDADES EDUCATIVAS ESPECIALES,"RAFAL, 19",Entidad Privada,"03133",Alacant/Alicante,el Baix Segura/La Vega Baja,Torrevieja,PERSONAS CON DISCAPACIDAD,PERSONAS CON DISCAPACIDAD,"84213",zero@gva.es,"965706277",2020-06-30 00:00:00,"702590","4205666"
"POINT (683417 4220537)","1222","4030",VIVIENDA SUPERVISADA PARA PERSONAS CON DISCAPACIDAD INTELECTUAL,V.T. COPERNICA,"7","ASISTENCIA EN MULTICAPACIDADES, S.L.","JUAN XXIII, 4",Entidad Privada,"03111",Alacant/Alicante,el Baix Segura/La Vega Baja,Redován,PERSONAS CON DISCAPACIDAD,PERSONAS CON DISCAPACIDAD,"7765",,"659404627",2020-02-27 00:00:00,"683417","4220537"
"POINT (722628 4364046)","1223","4031",CENTRO DE DÍA PARA PERSONAS CON DISCAPACIDAD O DIVERSIDAD FUNCIONAL,CENTRO DE DIA DOCTORA ANNA LLUCH,"35","AVAPACE, ASOCIACION VALENCIANA DE AYUDA A LA PARALISIS CEREBRAL",C/ PALMERA Nº. 23,Entidad Privada,"46007",València/Valencia,l'Horta Sud,Albal,PERSONAS CON DISCAPACIDAD,PERSONAS CON DISCAPACIDAD,"16136",LLETICIA.RICART@ALBAL.ES,"963604437",2020-02-18 00:00:00,"722628","4364046"
"POINT (727439 4375356)","1224","4032",VIVIENDA SUPERVISADA PARA PERSONAS CON ENFERMEDAD MENTAL CRÓNICA PARA LA PROMOCIÓN DE LA AUTONOMÍA Y EL FOMENTO DEL APRENDIZAJE DE LAS ACTIVIDADES DE LA VIDA DIARIA,VIENDA TUTELADA SENNDA NOVA MARITIM,"7",RED PSICOSOCIAL S.L.,C/ PINTOR VALERO Nº. 50 PUERTA 20,Entidad Privada,"46013",València/Valencia,l'Horta Nord,Alboraia/Alboraya,PERSONAS CON ENFERMEDAD MENTAL,PERSONAS CON ENFERMEDAD MENTAL,"23837",zero@gva.es,"638044929",2019-12-05 00:00:00,"727439","4375356"
"POINT (707463 4299511)","1225","4033",VIVIENDA SUPERVISADA PARA PERSONAS CON ENFERMEDAD MENTAL CRÓNICA PARA LA PROMOCIÓN DE LA AUTONOMÍA Y EL FOMENTO DEL APRENDIZAJE DE LAS ACTIVIDADES DE LA VIDA DIARIA,VIVIENDA TUTELADA NOVAEDAT ONTINYENT,"7",NOVAEDAT BENESTAR SLU,C/ PARA FERRAN ALCINA Nº. 1 PUETA 1,Entidad Privada,"46184",València/Valencia,la Vall d'Albaida,Ontinyent,PERSONAS CON ENFERMEDAD MENTAL,PERSONAS CON ENFERMEDAD MENTAL,"35534",rplanells@novaedat.es,"963390923",2019-11-15 00:00:00,"707463","4299511"
"POINT (727214 4374338)","1226","4034",VIVIENDA ASISTIDA PARA PERSONAS CON ENFERMEDAD MENTAL CRÓNICA,VIVIENDA TUTELADA MUSSOL,"5","EULEN, SERVICIOS SOCIOSANITARIOS, S.A.",AVD. VALLADOLID Nº. 40 ESC. B PUERTA 20,Entidad Privada,"46250",València/Valencia,València,València,PERSONAS CON ENFERMEDAD MENTAL,PERSONAS CON ENFERMEDAD MENTAL,"790201",zero@gva.es,"659034048",2020-10-30 00:00:00,"727214","4374338"
"POINT (728423 4371518)","1227","4035",VIVIENDA SUPERVISADA PARA PERSONAS CON ENFERMEDAD MENTAL CRÓNICA PARA LA PROMOCIÓN DE LA AUTONOMÍA Y EL FOMENTO DEL APRENDIZAJE DE LAS ACTIVIDADES DE LA VIDA DIARIA,VIVIENDA TUTELADA CREU DEL GRAU,"5",CASTA SALUD S.L.U.,C/ JUAN BAUTISTA MARCO Nº. 2 PUERTA 2,Entidad Privada,"46250",València/Valencia,València,València,PERSONAS CON ENFERMEDAD MENTAL,PERSONAS CON ENFERMEDAD MENTAL,"790201",direccion.puerto@mentaliasalud.es,"963301291",2019-10-02 00:00:00,"728423","4371518"
"POINT (728834 4371442)","1228","4036",VIVIENDA SUPERVISADA PARA PERSONAS CON ENFERMEDAD MENTAL CRÓNICA PARA LA PROMOCIÓN DE LA AUTONOMÍA Y EL FOMENTO DEL APRENDIZAJE DE LAS ACTIVIDADES DE LA VIDA DIARIA,VIVIENDA TUTELADA MENTALIA MARITIMO I,"5",CASTA SALUD S.L.U.,AVNIDA DEL PUERTO Nº. 248 PUERTA 3ª,Entidad Privada,"46250",València/Valencia,València,València,PERSONAS CON ENFERMEDAD MENTAL,PERSONAS CON ENFERMEDAD MENTAL,"790201",direccion.puerto@mentaliasalud.es,"963307837",2019-09-30 00:00:00,"728834","4371442"
"POINT (752696 4429482)","1229","4037",VIVIENDA SUPERVISADA PARA PERSONAS CON ENFERMEDAD MENTAL CRÓNICA PARA LA PROMOCIÓN DE LA AUTONOMÍA Y EL FOMENTO DEL APRENDIZAJE DE LAS ACTIVIDADES DE LA VIDA DIARIA,VIVIENDA TUTELADA L'AURO LORIEN,"7",ASOCIACIÓN L'AURO,"AVDA. CASALDUCH, Nº 53, 5ºA",Entidad Privada,"12040",Castelló/Castellón,la Plana Alta,Castelló de la Plana,PERSONAS CON ENFERMEDAD MENTAL,PERSONAS CON ENFERMEDAD MENTAL,"170990",wachapinga@yahoo.es,"669348225",2019-09-30 00:00:00,"752696","4429482"
"POINT (729538 4371396)","1230","4038",VIVIENDA SUPERVISADA PARA PERSONAS CON ENFERMEDAD MENTAL CRÓNICA PARA LA PROMOCIÓN DE LA AUTONOMÍA Y EL FOMENTO DEL APRENDIZAJE DE LAS ACTIVIDADES DE LA VIDA DIARIA,VIVIENDA TUTELADA ORONELLA  (PROMOCION AUTONOMÍA),"5",ASOCIACION A.M.B.I.T.,C/ DOCTOR JUAN JOSE DOMINE Nº. 10 PT 20,Entidad Privada,"46250",València/Valencia,València,València,PERSONAS CON ENFERMEDAD MENTAL,PERSONAS CON ENFERMEDAD MENTAL,"790201",zero@gva.es,"960633060",2020-03-03 00:00:00,"729538","4371396"
"POINT (722525 4377479)","1231","4043",VIVIENDA SUPERVISADA PARA PERSONAS CON DISCAPACIDAD INTELECTUAL,VIVIENDA TUTELADA PINTOR PINAZO (SUPERVISADA),"7","COOPERATIVA VALENCIANA ""KOYNOS""",CALLE TENOR ALONSO Nº. 55 PUERTA 8,Entidad Privada,"46135",València/Valencia,l'Horta Nord,Godella,PERSONAS CON DISCAPACIDAD,PERSONAS CON DISCAPACIDAD,"13029",koynos@koynos.org,"963630107",2020-02-13 00:00:00,"722525","4377479"
"POINT (725733 4372816)","1232","4044",CENTRO DE DÍA PARA PERSONAS CON DISCAPACIDAD O DIVERSIDAD FUNCIONAL,CENTRO DE DIA MULTIDISCIPLINAR CUIDISCAP,"21",CUIDISCAP COOP.V.,GENERAL ELIO S/N  (JARDINES DE VIVEROS),Entidad Privada,"46250",València/Valencia,València,València,PERSONAS CON DISCAPACIDAD,PERSONAS CON DISCAPACIDAD,"790201",zero@gva.es,"609229857",2020-07-03 00:00:00,"725733","4372816"
"POINT (760330 4301427)","1233","4047",C. A. RESIDENCIAL PARA PERSONAS EN SITUACIÓN DE DEPENDENCIA,C.A.R. NOVAEDAT LA MARINA,"40",NOVAEDAT BENESTAR SLU,"AVDA. VERGEL, 11 BAJO",Entidad Privada,"03026",Alacant/Alicante,la Marina Alta,Beniarbeig,PERSONAS CON ENFERMEDAD MENTAL,PERSONAS CON ENFERMEDAD MENTAL,"1917",MTURRO@NOVAEDAT.ES,"963393090",2020-04-30 00:00:00,"760330","4301427"
"POINT (750746 4431107)","1234","4048",VIVIENDAS TUTELADAS,VIVIENDA TUTELADA CASTELLON,"6",FUNDACION APIP-ACAM,"C/ JOSÉ BERTOMEU GIMENO Nº 5, PISO 2-B",Entidad Privada,"12040",Castelló/Castellón,la Plana Alta,Castelló de la Plana,PERSONAS MIGRANTES,PERSONAS MIGRANTES,"170990",zero@gva.es,"0",2020-09-28 00:00:00,"750746","4431107"
"POINT (700326 4236957)","1235","4057",CENTROS DE ATENCIÓN TEMPRANA (CAT),CENTRO DE ATENCIÓN TEMPRANA DE ASPANIAS II,"35",ASPANIAS A FAVOR DE PERSONAS CON DISCAPACIDAD,C/JOSEFINA MANRESA Nº 120 PLANTA BAJA,Entidad Privada,"03065",Alacant/Alicante,el Baix Vinalopó,Elx/Elche,PERSONAS CON DISCAPACIDAD,PERSONAS CON DISCAPACIDAD,"227659",zero@gva.es,"0",2021-10-05 00:00:00,"700326","4236957"
"POINT (690520 4365119)","1236","4060",CENTROS DE ATENCIÓN TEMPRANA (CAT),"CENTRO DE ATENCIÓN TEMPRANA ""BUÑOL""","35",ASOCIACION DE BUÑOL DE ATENCION TEMPRANA ABAT,AVD. DE LA MUSICA Nº. 12 BAJO,Entidad Privada,"46077",València/Valencia,La Hoya de Buñol,Buñol,PERSONAS CON DISCAPACIDAD,PERSONAS CON DISCAPACIDAD,"9618",zero@gva.es,"960649151",2020-01-09 00:00:00,"690520","4365119"
"POINT (725733 4372816)","1237","4062",ALBERGUES,ALBERGUES PARA PERSONAS SIN HOGAR C/ ALMUDAINA,"20",CARITAS DIOCESANA DE VALENCIA,"C/ ALMUDAINA, Nº 15 BAJO",Entidad Privada,"46250",València/Valencia,València,València,POBLACIÓN EN GENERAL Y COLECTIVOS SOCIALMENTE DESFAVORECIDOS,POBLACIÓN EN GENERAL Y COLECTIVOS SOCIALMENTE DESFAVORECIDOS,"790201",zero@gva.es,"963919205",2020-11-19 00:00:00,"725733","4372816"
"POINT (725451 4372795)","1238","4063",VIVIENDAS TUTELADAS,VIVIENDA SIUN,"7",CARITAS DIOCESANA DE VALENCIA,"C/ DANZAS, Nº 7",Entidad Privada,"46250",València/Valencia,València,València,PERSONAS MIGRANTES,PERSONAS MIGRANTES,"790201",zero@gva.es,"963919205",2020-10-08 00:00:00,"725451","4372795"
"POINT (728319 4372462)","1239","4064",VIVIENDAS TUTELADAS,VIVIENDA EXPLORADOR,"6",CARITAS DIOCESANA DE VALENCIA,"C/ EXPLORADOR ANDRES, Nº32-21ª",Entidad Privada,"46250",València/Valencia,València,València,PERSONAS MIGRANTES,PERSONAS MIGRANTES,"790201",zero@gva.es,"963919205",2020-10-08 00:00:00,"728319","4372462"
"POINT (725345 4374651)","1240","4065",VIVIENDAS TUTELADAS,VIVIENDA BENEJACAM,"6",CARITAS DIOCESANA DE VALENCIA,"C/ FELIX DEL RIO, Nº 1 ESC. G-6ª",Entidad Privada,"46250",València/Valencia,València,València,PERSONAS MIGRANTES,PERSONAS MIGRANTES,"790201",zero@gva.es,"963919205",2020-10-08 00:00:00,"725345","4374651"
"POINT (727710 4373294)","1241","4066",VIVIENDAS TUTELADAS,VIVIENDA EXIT,"6",CARITAS DIOCESANA DE VALENCIA,"C/ FRAY LUIS COLOMER, Nº 7-3ª",Entidad Privada,"46250",València/Valencia,València,València,PERSONAS MIGRANTES,PERSONAS MIGRANTES,"790201",zero@gva.es,"963919205",2020-10-08 00:00:00,"727710","4373294"
"POINT (727840 4371803)","1242","4067",VIVIENDAS TUTELADAS,VIVIENDA PUERTO,"4",CARITAS DIOCESANA DE VALENCIA,AVDA. PUERTO Nº 87-3ª,Entidad Privada,"46250",València/Valencia,València,València,PERSONAS MIGRANTES,PERSONAS MIGRANTES,"790201",zero@gva.es,"963919205",2020-10-08 00:00:00,"727840","4371803"
"POINT (717935 4368684)","1243","4068",VIVIENDA ASISTIDA PARA PERSONAS CON ENFERMEDAD MENTAL CRÓNICA,VIVIENDA TUTELADA SUPERVISADA LA RIBERA I,"7",CENTRO TERAPEUTICO LA RIBERA S.L.U.,"C/ VALENCIA  Nº. 67, PTA. 1 Y 3",Entidad Privada,"46244",València/Valencia,l'Horta Sud,Torrent,PERSONAS CON ENFERMEDAD MENTAL,PERSONAS CON ENFERMEDAD MENTAL,"80762",zero@gva.es,"961182566",2020-05-22 00:00:00,"717935","4368684"
"POINT (718170 4368349)","1244","4070",VIVIENDA SUPERVISADA PARA PERSONAS CON ENFERMEDAD MENTAL CRÓNICA PARA LA PROMOCIÓN DE LA AUTONOMÍA Y EL FOMENTO DEL APRENDIZAJE DE LAS ACTIVIDADES DE LA VIDA DIARIA,VIVIENDA TUTELADA ROGER DE LAURIA I (PROMOCION AUT. Y FOMENTO DEL APRENDIZAJE,"5","CENTRO TERAPEUTICO ROGER DE LAURIA, S.L.U.",C/ HERNANDEZ MALILLOS N. 26 PUERTA 2,Entidad Privada,"46244",València/Valencia,l'Horta Sud,Torrent,PERSONAS CON ENFERMEDAD MENTAL,PERSONAS CON ENFERMEDAD MENTAL,"80762",zero@gva.es,"961182666",2021-06-08 00:00:00,"718170","4368349"
"POINT (718147 4368873)","1245","4072",VIVIENDA ASISTIDA PARA PERSONAS CON ENFERMEDAD MENTAL CRÓNICA,VIVIENDA TUTELADA LA TORRE I,"6","GESTION SOCIAL DE CENTROS RESIDENCIALES, S.L.U.",C/ JESUS N. 8 PUERT 8,Entidad Privada,"46244",València/Valencia,l'Horta Sud,Torrent,PERSONAS CON ENFERMEDAD MENTAL,PERSONAS CON ENFERMEDAD MENTAL,"80762",despacho4amparo@gmail.com,"961182666",2020-09-30 00:00:00,"718147","4368873"
"POINT (774585 4298052)","1246","4074",VIVIENDA ASISTIDA PARA PERSONAS CON ENFERMEDAD MENTAL CRÓNICA,VIVIENDA TUTELADA XÀBIA BELLA II,"6","CENTRO TERAPEUTICO XABIA BELLA, S.L.U.","C/ EN FINESTRAT, 13 BAJO",Entidad Privada,"03082",Alacant/Alicante,la Marina Alta,Xàbia/Jávea,PERSONAS CON ENFERMEDAD MENTAL,PERSONAS CON ENFERMEDAD MENTAL,"27225",zero@gva.es,"961182666",2020-05-05 00:00:00,"774585","4298052"
"POINT (703558 4237847)","1247","4075",RESIDENCIA DE PERSONAS CON DISCAPACIDAD O DIVERSIDAD FUNCIONAL,RESIDENCIA DE PARÁLISIS CEREBRAL O CON GRAVES PROBLEMAS MOTORES ASPANIAS,"30",ASPANIAS A FAVOR DE PERSONAS CON DISCAPACIDAD,"C/ ARQUITECTO SANTIAGO PEREZ ARACIL, 3",Entidad Privada,"03065",Alacant/Alicante,el Baix Vinalopó,Elx/Elche,PERSONAS CON DISCAPACIDAD,PERSONAS CON DISCAPACIDAD,"227659",coordinacion_ts@aspanias.es,"966656318",2024-08-07 00:00:00,"703558","4237847"
"POINT (717934 4368403)","1248","4076",VIVIENDA ASISTIDA PARA PERSONAS CON ENFERMEDAD MENTAL CRÓNICA,"VIVIENDA TUTELADA ""AVANTZA TORRENT""","7","AMURA VIVIENDAS TUTELADAS, S.L.",C/ RAMON Y CAJAL Nº. 32 PUERTA 2,Entidad Privada,"46244",València/Valencia,l'Horta Sud,Torrent,PERSONAS CON ENFERMEDAD MENTAL,PERSONAS CON ENFERMEDAD MENTAL,"80762",zero@gva.es,"666760637",2020-08-05 00:00:00,"717934","4368403"
"POINT (718170 4368349)","1249","4079",VIVIENDAS TUTELADAS,HOGAR SAN MARTIN DE PORRES,"4",FUNDACION HOGARES SAN MARTIN DE PORRES DE LA COMUNIDAD VALENCIANA,"C/ SAN  ALFREDO, Nº 22",Entidad Privada,"46244",València/Valencia,l'Horta Sud,Torrent,POBLACIÓN EN GENERAL Y COLECTIVOS SOCIALMENTE DESFAVORECIDOS,POBLACIÓN EN GENERAL Y COLECTIVOS SOCIALMENTE DESFAVORECIDOS,"80762",,"961560631",2020-10-30 00:00:00,"718170","4368349"
"POINT (701407 4237993)","1250","4084",VIVIENDAS TUTELADAS,PISO ACOGIDA ELCHE ACOGE 2,"10",FUNDACION ELCHE ACOGE DE LA COMUNIDAD VALENCIANA,C/ JOSE Mª CASTAÑO MARTINEZ Nº 25 - 5 B,Entidad Privada,"03065",Alacant/Alicante,el Baix Vinalopó,Elx/Elche,PERSONAS MIGRANTES,PERSONAS MIGRANTES,"227659",,"965426172",2021-10-08 00:00:00,"701407","4237993"
"POINT (701407 4237993)","1251","4084",VIVIENDAS TUTELADAS,PISO ACOGIDA ELCHE ACOGE 2,"10",FUNDACION ELCHE ACOGE DE LA COMUNIDAD VALENCIANA,C/ JOSE Mª CASTAÑO MARTINEZ Nº 25 - 5 B,Entidad Privada,"03065",Alacant/Alicante,el Baix Vinalopó,Elx/Elche,POBLACIÓN EN GENERAL Y COLECTIVOS SOCIALMENTE DESFAVORECIDOS,POBLACIÓN EN GENERAL Y COLECTIVOS SOCIALMENTE DESFAVORECIDOS,"227659",,"965426172",2021-10-08 00:00:00,"701407","4237993"
"POINT (701407 4237993)","1252","4085",VIVIENDAS TUTELADAS,PISO ACOGIDA ELCHE ACOGE 1,"12",FUNDACION ELCHE ACOGE DE LA COMUNIDAD VALENCIANA,"AVDA COMUNIDAD VALENCIANA Nº 55 - ESC 1, 3ª PLANTA, PTA 3",Entidad Privada,"03065",Alacant/Alicante,el Baix Vinalopó,Elx/Elche,PERSONAS MIGRANTES,PERSONAS MIGRANTES,"227659",,"965426172",2021-09-23 00:00:00,"701407","4237993"
"POINT (701407 4237993)","1253","4085",VIVIENDAS TUTELADAS,PISO ACOGIDA ELCHE ACOGE 1,"12",FUNDACION ELCHE ACOGE DE LA COMUNIDAD VALENCIANA,"AVDA COMUNIDAD VALENCIANA Nº 55 - ESC 1, 3ª PLANTA, PTA 3",Entidad Privada,"03065",Alacant/Alicante,el Baix Vinalopó,Elx/Elche,POBLACIÓN EN GENERAL Y COLECTIVOS SOCIALMENTE DESFAVORECIDOS,POBLACIÓN EN GENERAL Y COLECTIVOS SOCIALMENTE DESFAVORECIDOS,"227659",,"965426172",2021-09-23 00:00:00,"701407","4237993"
"POINT (722845 4338171)","1254","4086",CENTROS DE DÍA DE PERSONAS MAYORES DEPENDIENTES,CENTRO DE DIA PARA PERSONAS MAYORES DEPENDIENTES LA RIBERA,"30",AMAVECA CENTRO DE MAYORES SL,"AV DEL DEL DRET DE ASOCIACIÓN, NÚM 1",Entidad Privada,"46017",València/Valencia,la Ribera Alta,Alzira,PERSONAS MAYORES,PERSONAS MAYORES,"44488",zero@gva.es,"677434507",2022-01-27 00:00:00,"722845","4338171"
"POINT (686113 4278354)","1255","10001",CENTROS ESPECIALIZADOS DE ATENCIÓN A LOS MAYORES,CEAM VILLENA,"0",GENERALITAT VALENCIANA,"COLON, 1",Entidad Propia,"03140",Alacant/Alicante,l’Alt Vinalopó/El Alto Vinalopó,Villena,PERSONAS MAYORES,PERSONAS MAYORES,"34163",CEAM_VILLENA@GVA.ES,"965823900",,"686113","4278354"
"POINT (724312 4248594)","1256","10002",RESIDENCIA DE PERSONAS CON DISCAPACIDAD O DIVERSIDAD FUNCIONAL,"C.A.M.P. ""STA. FAZ""","90",GENERALITAT VALENCIANA,"C/ MARE NOSTRUM, 9",Entidad Propia,"03014",Alacant/Alicante,l'Alacantí,Alacant/Alicante,PERSONAS CON DISCAPACIDAD,PERSONAS CON DISCAPACIDAD,"330525",CAMPSANTAFAZ@GVA.ES,"965262811",1982-12-31 00:00:00,"724312","4248594"
"POINT (749936 4302933)","1257","10003",CENTROS ESPECIALIZADOS DE ATENCIÓN A LOS MAYORES,CEAM  PEGO,"0",GENERALITAT VALENCIANA,"PASEO DE CERVANTES, 6",Entidad Propia,"03102",Alacant/Alicante,la Marina Alta,Pego,PERSONAS MAYORES,PERSONAS MAYORES,"10158",CEAM_PEGO@GVA.ES,"965533820",,"749936","4302933"
"POINT (719392 4286224)","1258","10004",RESIDENCIAS PARA PERSONAS MAYORES DEPENDIENTES,"RESIDENCIA Y CENTRO DE DIA P.M.D. ""PINTOR EMILIO SALA""","145",GENERALITAT VALENCIANA,"ORBERA, 2",Entidad Propia,"03009",Alacant/Alicante,l'Alcoià,Alcoi/Alcoy,PERSONAS MAYORES,PERSONAS MAYORES,"59198",PINTORSALA_RTE@GVA.ES,"965543711",1977-12-31 00:00:00,"719392","4286224"
"POINT (720101 4249994)","1259","10005",RESIDENCIAS PARA PERSONAS MAYORES DEPENDIENTES,"RESIDENCIA P.M.D. ""ALACANT""","206",GENERALITAT VALENCIANA,"CRONISTA VICENTE MARTINEZ, 1",Entidad Propia,"03014",Alacant/Alicante,l'Alacantí,Alacant/Alicante,PERSONAS MAYORES,PERSONAS MAYORES,"330525",RTE_ALICANTE@GVA.ES,"965179375",1987-12-31 00:00:00,"720101","4249994"
"POINT (704292 4206499)","1260","10006",RESIDENCIAS PARA PERSONAS MAYORES DEPENDIENTES,RESIDENCIA P.M.D. MAESTRO FRANCISCO CASANOVAS TALLARDÁ,"214",GENERALITAT VALENCIANA,"MAESTRO FCO. CASANOVA, 26",Entidad Propia,"03133",Alacant/Alicante,el Baix Segura/La Vega Baja,Torrevieja,PERSONAS MAYORES,PERSONAS MAYORES,"84213",,"965710700",1977-12-31 00:00:00,"704292","4206499"
"POINT (719292 4246520)","1261","10008",CENTROS ESPECIALIZADOS DE ATENCIÓN A LOS MAYORES,CEAM PARQUE GALICIA,"0",GENERALITAT VALENCIANA,"ARZOBISPO LOACES, 26",Entidad Propia,"03014",Alacant/Alicante,l'Alacantí,Alacant/Alicante,PERSONAS MAYORES,PERSONAS MAYORES,"330525",CEAM_PGALICIA@GVA.ES,"965938000",,"719292","4246520"
"POINT (720106 4248320)","1262","10009",CENTROS ESPECIALIZADOS DE ATENCIÓN A LOS MAYORES,CEAM PIO XII,"0",GENERALITAT VALENCIANA,"Calle Nou D'Octubre, 68",Entidad Propia,"03014",Alacant/Alicante,l'Alacantí,Alacant/Alicante,PERSONAS MAYORES,PERSONAS MAYORES,"330525",CEAM_PIOXII@GVA.ES,"965938010",,"720106","4248320"
"POINT (691361 4235218)","1263","10010",CENTROS ESPECIALIZADOS DE ATENCIÓN A LOS MAYORES,CEAM CREVILLENTE,"0",GENERALITAT VALENCIANA,"CONDE DE ALTAMIRA, 1",Entidad Propia,"03059",Alacant/Alicante,el Baix Vinalopó,Crevillent,PERSONAS MAYORES,PERSONAS MAYORES,"28691",CEAM_CREVILLENTE@GVA.ES,"966912640",2014-09-08 00:00:00,"691361","4235218"
"POINT (703314 4241583)","1264","10011",CENTROS ESPECIALIZADOS DE ATENCIÓN A LOS MAYORES,CEAM  ELX,"0",GENERALITAT VALENCIANA,"PASEO DE LA ESTACION, 10",Entidad Propia,"03065",Alacant/Alicante,el Baix Vinalopó,Elx/Elche,PERSONAS MAYORES,PERSONAS MAYORES,"227659",CEAM_ELCHE@GVA.ES,"966912700",2014-09-08 00:00:00,"703314","4241583"
"POINT (692604 4261571)","1265","10012",CENTROS ESPECIALIZADOS DE ATENCIÓN A LOS MAYORES,CEAM  ELDA,"0",GENERALITAT VALENCIANA,"DEPOSITO VIEJO, 2",Entidad Propia,"03066",Alacant/Alicante,el Vinalopó Mitjà/El Vinalopó Medio,Elda,PERSONAS MAYORES,PERSONAS MAYORES,"52745",CEAM_ELDA@GVA.ES,"966957760",,"692604","4261571"
"POINT (711095 4277681)","1266","10013",CENTROS ESPECIALIZADOS DE ATENCIÓN A LOS MAYORES,CEAM  IBI,"0",GENERALITAT VALENCIANA,"JUAN CARLOS I, S/N",Entidad Propia,"03079",Alacant/Alicante,l'Alcoià,Ibi,PERSONAS MAYORES,PERSONAS MAYORES,"23365",CEAM_IBI@GVA.ES,"965533900",,"711095","4277681"
"POINT (679690 4217532)","1267","10014",CENTROS ESPECIALIZADOS DE ATENCIÓN A LOS MAYORES,CEAM ORIHUELA,"0",GENERALITAT VALENCIANA,"HOSPITAL, 7",Entidad Propia,"03099",Alacant/Alicante,el Baix Segura/La Vega Baja,Orihuela,PERSONAS MAYORES,PERSONAS MAYORES,"80359",CEAM_ORIHUELA@GVA.ES,"966748490",,"679690","4217532"
"POINT (694473 4262056)","1268","10015",CENTROS ESPECIALIZADOS DE ATENCIÓN A LOS MAYORES,CEAM PETRER,"0",GENERALITAT VALENCIANA,"HUERTAS, 4",Entidad Propia,"03104",Alacant/Alicante,el Vinalopó Mitjà/El Vinalopó Medio,Petrer,PERSONAS MAYORES,PERSONAS MAYORES,"34533",CEAM_PETRER@GVA.ES,"966957750",,"694473","4262056"
"POINT (720101 4249994)","1269","10016",HOGARES Y CLUBS PARA PERSONAS MAYORES,HOGAR ANEXO RESIDENCIA DE TERCERA EDAD ALICANTE,"0",GENERALITAT VALENCIANA,"VICENTE MARTINEZ MORELLA, 1",Entidad Propia,"03014",Alacant/Alicante,l'Alacantí,Alacant/Alicante,PERSONAS MAYORES,PERSONAS MAYORES,"330525",zero@gva.es,"965249650",,"720101","4249994"
"POINT (704292 4206499)","1270","10017",HOGARES Y CLUBS PARA PERSONAS MAYORES,HOGAR ANEXO RESIDEN.  TORREVIEJA,"0",GENERALITAT VALENCIANA,"MAESTRO FCO. CASANOVA, 26",Entidad Propia,"03133",Alacant/Alicante,el Baix Segura/La Vega Baja,Torrevieja,PERSONAS MAYORES,PERSONAS MAYORES,"84213",zero@gva.es,"965710700",,"704292","4206499"
"POINT (717122 4246425)","1271","10018",CENTROS DE VALORACIÓN Y ORIENTACION (CENTROS BASE),CENTRO DE VALORACIÓN Y ORIENTACIÓN DE DISCAPACIDADES ALACANT,"0",GENERALITAT VALENCIANA,"C/ FERNANDO MADROÑAL, 52",Entidad Propia,"03014",Alacant/Alicante,l'Alacantí,Alacant/Alicante,PERSONAS CON DISCAPACIDAD,PERSONAS CON DISCAPACIDAD,"330525",zero@gva.es,"965934751",1987-12-31 00:00:00,"717122","4246425"
"POINT (753520 4430332)","1272","10019",CENTROS ESPECIALIZADOS DE ATENCIÓN A LOS MAYORES,CEAM MAR - CASTELLON,"0",GENERALITAT VALENCIANA,"AVDA. DEL MAR, 31",Entidad Propia,"12040",Castelló/Castellón,la Plana Alta,Castelló de la Plana,PERSONAS MAYORES,PERSONAS MAYORES,"170990",CEAM_MAR@GVA.ES,"964334070",,"753520","4430332"
"POINT (752609 4429755)","1273","10020",CENTROS ESPECIALIZADOS DE ATENCIÓN A LOS MAYORES,CEAM CONSTITUCION,"0",GENERALITAT VALENCIANA,"PZA. DE LA CONSTITUCION, 3",Entidad Propia,"12040",Castelló/Castellón,la Plana Alta,Castelló de la Plana,PERSONAS MAYORES,PERSONAS MAYORES,"170990",CEAM_CONSTITUCION@GVA.ES,"964558370",,"752609","4429755"
"POINT (743410 4415231)","1274","10021",CENTROS ESPECIALIZADOS DE ATENCIÓN A LOS MAYORES,CEAM NULES,"0",GENERALITAT VALENCIANA,"SAN BLAS, 17",Entidad Propia,"12082",Castelló/Castellón,la Plana Baixa,Nules,PERSONAS MAYORES,PERSONAS MAYORES,"13305",CEAM_NULES@GVA.ES,"964334020",,"743410","4415231"
"POINT (714706 4414030)","1275","10022",CENTROS ESPECIALIZADOS DE ATENCIÓN A LOS MAYORES,CEAM SEGORBE,"0",GENERALITAT VALENCIANA,"GLORIETA DOCTOR CARLOS PAU, S/N",Entidad Propia,"12104",Castelló/Castellón,El Alto Palancia,Segorbe,PERSONAS MAYORES,PERSONAS MAYORES,"9005",CEAM_SEGORBE@GVA.ES,"964336820",1983-12-31 00:00:00,"714706","4414030"
"POINT (754154 4429936)","1276","10023",CENTROS DE VALORACIÓN Y ORIENTACION (CENTROS BASE),CENTRO DE VALORACIÓN Y ORIENTACIÓN DE DISCAPACIDADES CASTELLON DE LA PLANA,"0",GENERALITAT VALENCIANA,"AV. HERMANOS BOU, 81",Entidad Propia,"12040",Castelló/Castellón,la Plana Alta,Castelló de la Plana,PERSONAS CON DISCAPACIDAD,PERSONAS CON DISCAPACIDAD,"170990",zero@gva.es,"964726200",,"754154","4429936"
"POINT (712905 4345128)","1277","10024",RESIDENCIAS PARA PERSONAS MAYORES DEPENDIENTES,RESIDENCIA P.M.D. DE CARLET,"356",GENERALITAT VALENCIANA,"CAMINO DE LOS DEPOSITOS, 32",Entidad Propia,"46085",València/Valencia,la Ribera Alta,Carlet,PERSONAS MAYORES,PERSONAS MAYORES,"15384",RESIDENCIA_CARLET@GVA.ES,"962718740",1987-12-31 00:00:00,"712905","4345128"
"POINT (721627 4336641)","1278","10025",CENTROS ESPECIALIZADOS DE ATENCIÓN A LOS MAYORES,CEAM ALZIRA,"0",GENERALITAT VALENCIANA,"ESCUELAS PIAS, 5",Entidad Propia,"46017",València/Valencia,la Ribera Alta,Alzira,PERSONAS MAYORES,PERSONAS MAYORES,"44488",CEAM_ALZIRA@GVA.ES,"962469840",,"721627","4336641"
"POINT (723475 4364622)","1279","10026",CENTROS ESPECIALIZADOS DE ATENCIÓN A LOS MAYORES,CEAM CATARROJA,"0",GENERALITAT VALENCIANA,"CARRER TORRENT, 2",Entidad Propia,"46094",València/Valencia,l'Horta Sud,Catarroja,PERSONAS MAYORES,PERSONAS MAYORES,"27728",CEAM_CATARROJA@GVA.ES,"961207810",,"723475","4364622"
"POINT (708317 4300264)","1280","10027",CENTROS ESPECIALIZADOS DE ATENCIÓN A LOS MAYORES,CEAM ONTINYENT,"0",GENERALITAT VALENCIANA,PASSEIG DE LES GERMANIES S/N,Entidad Propia,"46184",València/Valencia,la Vall d'Albaida,Ontinyent,PERSONAS MAYORES,PERSONAS MAYORES,"35534",CEAM_ONTINYENT@GVA.ES,"962989280",,"708317","4300264"
"POINT (719895 4375801)","1281","10028",CENTROS ESPECIALIZADOS DE ATENCIÓN A LOS MAYORES,CEAM PATERNA,"0",GENERALITAT VALENCIANA,"DE LAS ERAS, 11",Entidad Propia,"46190",València/Valencia,l'Horta Nord,Paterna,PERSONAS MAYORES,PERSONAS MAYORES,"67854",CEAM_PATERNA@GVA.ES,"961207820",,"719895","4375801"
"POINT (738298 4393645)","1282","10029",CENTROS ESPECIALIZADOS DE ATENCIÓN A LOS MAYORES,CEAM PUERTO DE SAGUNTO,"0",GENERALITAT VALENCIANA,"AVDA. NUEVE DE OCTUBRE, 48",Entidad Propia,"46220",València/Valencia,el Camp de Morvedre,Sagunt/Sagunto,PERSONAS MAYORES,PERSONAS MAYORES,"64439",CEAM_PTSAGUNTO@GVA.ES,"962617900",,"738298","4393645"
"POINT (733233 4395804)","1283","10030",CENTROS ESPECIALIZADOS DE ATENCIÓN A LOS MAYORES,CEAM SAGUNTO,"0",GENERALITAT VALENCIANA,"PZA. DEL HOSPITAL, 10",Entidad Propia,"46220",València/Valencia,el Camp de Morvedre,Sagunt/Sagunto,PERSONAS MAYORES,PERSONAS MAYORES,"64439",CEAM_SAGUNTO@GVA.ES,"962617890",,"733233","4395804"
"POINT (729527 4372582)","1284","10031",CENTROS ESPECIALIZADOS DE ATENCIÓN A LOS MAYORES,CEAM CABAÑAL,"0",GENERALITAT VALENCIANA,"PINTOR FERRANDIS, 4",Entidad Propia,"46250",València/Valencia,València,València,PERSONAS MAYORES,PERSONAS MAYORES,"790201",CEAM_CABANYAL@GVA.ES,"961271990",,"729527","4372582"
"POINT (725998 4370696)","1285","10032",CENTROS ESPECIALIZADOS DE ATENCIÓN A LOS MAYORES,CEAM DR.WAKSMAN,"0",GENERALITAT VALENCIANA,"AVDA. DOCTOR WAKSMAN, 20",Entidad Propia,"46250",València/Valencia,València,València,PERSONAS MAYORES,PERSONAS MAYORES,"790201",CEAM_WAKSMAN@GVA.ES,"961271970",,"725998","4370696"
"POINT (728700 4371440)","1286","10033",CENTROS ESPECIALIZADOS DE ATENCIÓN A LOS MAYORES,CEAM ISLAS CANARIAS,"0",GENERALITAT VALENCIANA,"NOGUERA, 3",Entidad Propia,"46250",València/Valencia,València,València,PERSONAS MAYORES,PERSONAS MAYORES,"790201",CEAM_CANARIAS@GVA.ES,"961207840",,"728700","4371440"
"POINT (726325 4372092)","1287","10034",CENTROS ESPECIALIZADOS DE ATENCIÓN A LOS MAYORES,CEAM JORGE JUAN,"0",GENERALITAT VALENCIANA,"JORGE JUAN, 24",Entidad Propia,"46250",València/Valencia,València,València,PERSONAS MAYORES,PERSONAS MAYORES,"790201",CEAM_JORGEJUAN@GVA.ES,"961207675",,"726325","4372092"
"POINT (717480 4367672)","1288","10035",CENTROS ESPECIALIZADOS DE ATENCIÓN A LOS MAYORES,CEAM TORRENT,"0",GENERALITAT VALENCIANA,"CAJA DE AHORROS, 4",Entidad Propia,"46244",València/Valencia,l'Horta Sud,Torrent,PERSONAS MAYORES,PERSONAS MAYORES,"80762",CEAM_TORRENT@GVA.ES,"961207830",,"717480","4367672"
"POINT (743858 4317035)","1289","10045",CENTROS ESPECIALIZADOS DE ATENCIÓN A LOS MAYORES,CEAM GANDIA,"0",GENERALITAT VALENCIANA,"AVDA. REPUBLICA ARGENTINA, 52",Entidad Propia,"46131",València/Valencia,la Safor,Gandia,PERSONAS MAYORES,PERSONAS MAYORES,"74814",CEAM_GANDIA@GVA.ES,"962826790",,"743858","4317035"
"POINT (724561 4371862)","1290","10046",CENTROS DE VALORACIÓN Y ORIENTACION (CENTROS BASE),CENTRO DE VALORACIÓN Y ORIENTACIÓN DE DISCAPACIDADES VALENCIA,"0",GENERALITAT VALENCIANA,"C/ SAN JOSE DE CALASANZ, 30",Entidad Propia,"46250",València/Valencia,València,València,PERSONAS CON DISCAPACIDAD,PERSONAS CON DISCAPACIDAD,"790201",zero@gva.es,"963989550",,"724561","4371862"
"POINT (737277 4338290)","1291","10047",CENTROS ESPECIALIZADOS DE ATENCIÓN A LOS MAYORES,CEAM CULLERA,"0",GENERALITAT VALENCIANA,"DE LA BEGA, 14",Entidad Propia,"46105",València/Valencia,la Ribera Baixa,Cullera,PERSONAS MAYORES,PERSONAS MAYORES,"22139",CEAM_CULLERA@GVA.ES,"961719435",,"737277","4338290"
"POINT (752724 4429875)","1292","10049",RESIDENCIAS PARA PERSONAS MAYORES DEPENDIENTES,"RESIDENCIA P.M.D. ""LLEDO""","39",GENERALITAT VALENCIANA,"JOVER, 12",Entidad Propia,"12040",Castelló/Castellón,la Plana Alta,Castelló de la Plana,PERSONAS MAYORES,PERSONAS MAYORES,"170990",RESIDENCIA3EDAD_LLEDO@GVA.ES,"964376538",1987-12-31 00:00:00,"752724","4429875"
"POINT (747678 4424538)","1293","10051",CENTROS ESPECIALIZADOS DE ATENCIÓN A LOS MAYORES,CEAM VILA-REAL,"0",GENERALITAT VALENCIANA,"GAMBOA, 29",Entidad Propia,"12135",Castelló/Castellón,la Plana Baixa,Vila-real,PERSONAS MAYORES,PERSONAS MAYORES,"50252",CEAM_VILA-REAL@GVA.ES,"964334080",,"747678","4424538"
"POINT (750586 4282318)","1294","10052",CENTROS ESPECIALIZADOS DE ATENCIÓN A LOS MAYORES,CEAM  CALLOSA DE ENSARRIA,"0",GENERALITAT VALENCIANA,"AUSIAS MARCH, 5",Entidad Propia,"03048",Alacant/Alicante,la Marina Baixa,Callosa d'en Sarrià,PERSONAS MAYORES,PERSONAS MAYORES,"7146",CEAM_CALLOSA@GVA.ES,"966870650",,"750586","4282318"
"POINT (748901 4420127)","1295","10053",RESIDENCIAS PARA PERSONAS MAYORES DEPENDIENTES,RESIDENCIA Y CENTRO DE DIA  P.M.D. DE BURRIANA,"182",GENERALITAT VALENCIANA,"ALBERT EINSTEIN, 1",Entidad Propia,"12032",Castelló/Castellón,la Plana Baixa,Borriana/Burriana,PERSONAS MAYORES,PERSONAS MAYORES,"34643",recepcion_bur@gva.es,"964336640",1989-12-31 00:00:00,"748901","4420127"
"POINT (718340 4371446)","1296","10056",OTROS CENTROS DE POBLACION EN GENERAL,B. ACCION PREFERENTE DEL CRISTO,"0",GENERALITAT VALENCIANA,"JUAN RAMON JIMENEZ, 34",Entidad Propia,"46021",València/Valencia,l'Horta Sud,Aldaia,POBLACIÓN EN GENERAL Y COLECTIVOS SOCIALMENTE DESFAVORECIDOS,POBLACIÓN EN GENERAL Y COLECTIVOS SOCIALMENTE DESFAVORECIDOS,"31246",SERVICIOSSOCIALES@BARRIODELCRISTO.ES,"961501582",,"718340","4371446"
"POINT (718407 4371327)","1297","10074",RESIDENCIAS PARA PERSONAS MAYORES DEPENDIENTES,RESIDENCIA P.M.D. DE ALDAIA,"48",GENERALITAT VALENCIANA,"ERAS, 24",Entidad Propia,"46021",València/Valencia,l'Horta Sud,Aldaia,PERSONAS MAYORES,PERSONAS MAYORES,"31246",aldaia_rte@gva.es,"961511081",1987-12-31 00:00:00,"718407","4371327"
"POINT (724048 4366933)","1298","10075",RESIDENCIAS PARA PERSONAS MAYORES DEPENDIENTES,RESIDENCIA P.M.D. DE BENETUSER,"28",GENERALITAT VALENCIANA,"MAYOR, 28",Entidad Propia,"46054",València/Valencia,l'Horta Sud,Benetússer,PERSONAS MAYORES,PERSONAS MAYORES,"14505",RTE_BENETUSSER@GVA.ES,"961207750",1987-12-31 00:00:00,"724048","4366933"
"POINT (722618 4360460)","1299","10076",RESIDENCIAS PARA PERSONAS MAYORES DEPENDIENTES,RESIDENCIA P.M.D. DE SILLA,"49",GENERALITAT VALENCIANA,"AVDA. DE LA PLANA, 22",Entidad Propia,"46230",València/Valencia,l'Horta Sud,Silla,PERSONAS MAYORES,PERSONAS MAYORES,"18462",SILLA_RTE@GVA.ES,"961202112",1988-12-31 00:00:00,"722618","4360460"
"POINT (748957 4435336)","1300","10077",RESIDENCIA DE PERSONAS CON DISCAPACIDAD O DIVERSIDAD FUNCIONAL,RESIDENCIA MINUSV.PSIQUICOS VALL D'UMBRI,"50",GENERALITAT VALENCIANA,"PARTIDA VALL D'UMBRI, S/N",Entidad Propia,"12031",Castelló/Castellón,la Plana Alta,Borriol,PERSONAS CON DISCAPACIDAD,PERSONAS CON DISCAPACIDAD,"5187",valld_enfermeria@gva.es,"964463431",1987-12-31 00:00:00,"748957","4435336"
"POINT (733621 4395798)","1301","10086",CENTROS SOCIALES,CENTRO SOCIAL BALADRE,"0",GENERALITAT VALENCIANA,"TIRANT LO BLANCH, S/N",Entidad Propia,"46220",València/Valencia,el Camp de Morvedre,Sagunt/Sagunto,POBLACIÓN EN GENERAL Y COLECTIVOS SOCIALMENTE DESFAVORECIDOS,POBLACIÓN EN GENERAL Y COLECTIVOS SOCIALMENTE DESFAVORECIDOS,"64439",INFO@AYTOSAGUNTO.ES,"962655858",,"733621","4395798"
"POINT (747092 4425392)","1302","10091",CENTRO OCUPACIONAL PARA PERSONAS CON DISCAPACIDAD O DIVERSIDAD FUNCIONAL,CENTRO OCUPACIONAL DE VILA-REAL,"60",GENERALITAT VALENCIANA,"CRA. DE ONDA, 4",Entidad Propia,"12135",Castelló/Castellón,la Plana Baixa,Vila-real,PERSONAS CON DISCAPACIDAD,PERSONAS CON DISCAPACIDAD,"50252",CO_VILLARREAL@GVA.ES,"964521414",,"747092","4425392"
"POINT (719890 4375691)","1303","10095",OTROS CENTROS DE POBLACION EN GENERAL,B. ACCION PREFERENTE LA COMA,"0",GENERALITAT VALENCIANA,MERCADO MUNICIPAL,Entidad Propia,"46190",València/Valencia,l'Horta Nord,Paterna,POBLACIÓN EN GENERAL Y COLECTIVOS SOCIALMENTE DESFAVORECIDOS,POBLACIÓN EN GENERAL Y COLECTIVOS SOCIALMENTE DESFAVORECIDOS,"67854",FERRER.ENR@AYUTO-PATERNA.ES,"963626352",,"719890","4375691"
"POINT (721747 4376862)","1304","10096",OTROS CENTROS DE POBLACION EN GENERAL,B.ACCION PREFEREN.613 VIVIENDAS-2a.FASE,"0",GENERALITAT VALENCIANA,"PZA. PALLETER, 9-BJO.",Entidad Propia,"46078",València/Valencia,l'Horta Nord,Burjassot,POBLACIÓN EN GENERAL Y COLECTIVOS SOCIALMENTE DESFAVORECIDOS,POBLACIÓN EN GENERAL Y COLECTIVOS SOCIALMENTE DESFAVORECIDOS,"37324",SERVICIOS.SOCIALES@ATTO-BURJASSOT.ES,"963160500",,"721747","4376862"
"POINT (646221 4435704)","1305","10103",RESIDENCIAS PARA PERSONAS MAYORES DEPENDIENTES,RESIDENCIA Y CENTRO DE DIA P.M.D. DE ADEMUZ,"52",GENERALITAT VALENCIANA,"SAN VICENTE, 56",Entidad Propia,"46001",València/Valencia,El Rincón de Ademuz,Ademuz,PERSONAS MAYORES,PERSONAS MAYORES,"1137",RTE_ADEMUZ@GVA.ES,"978782447",1992-12-31 00:00:00,"646221","4435704"
"POINT (743881 4316932)","1306","10104",RESIDENCIAS PARA PERSONAS MAYORES DEPENDIENTES,"RESIDENCIA Y CENTRO DE DIA  P.M.D. "" LA SAFOR""","62",GENERALITAT VALENCIANA,"PINTOR SOROLLA, 13",Entidad Propia,"46131",València/Valencia,la Safor,Gandia,PERSONAS MAYORES,PERSONAS MAYORES,"74814",RTE_GANDIA@GVA.ES,"962878686",1991-12-31 00:00:00,"743881","4316932"
"POINT (706923 4385532)","1307","10105",RESIDENCIAS PARA PERSONAS MAYORES DEPENDIENTES,RESIDENCIA Y CENTRO DE DIA P.M.D. CAMP DEL TURIA,"58",GENERALITAT VALENCIANA,"AVDA. MONTIEL, 62",Entidad Propia,"46051",València/Valencia,el Camp de Túria,Benaguasil,PERSONAS MAYORES,PERSONAS MAYORES,"10967",RTE_BENAGUACIL@GVA.ES,"962737017",1992-12-31 00:00:00,"706923","4385532"
"POINT (692713 4261732)","1308","10106",RESIDENCIAS PARA PERSONAS MAYORES DEPENDIENTES,RESIDENCIA Y CENTRO DE DIA P.M.D. DE ELDA,"97",GENERALITAT VALENCIANA,"SANTA BARBARA, S/N",Entidad Propia,"03066",Alacant/Alicante,el Vinalopó Mitjà/El Vinalopó Medio,Elda,PERSONAS MAYORES,PERSONAS MAYORES,"52745",RTE_ELDA@GVA.ES,"965395113",1991-12-31 00:00:00,"692713","4261732"
"POINT (729618 4373872)","1309","10107",VIVIENDA SUPERVISADA PARA PERSONAS CON DISCAPACIDAD FÍSICA PARA LA PROMOCIÓN DE LA AUTONOMÍA Y EL FOMENTO DEL APRENDIZAJE DE LAS ACTIVIDADES DE LA VIDA DIARIA,"VIVIENDA TUTELADA ""DOCTOR ALVARO LOPEZ""","7",GENERALITAT VALENCIANA,"C/ DR. ALVARO LOPEZ, 64 PTA.9 Y 10",Entidad Propia,"46250",València/Valencia,València,València,PERSONAS CON DISCAPACIDAD,PERSONAS CON DISCAPACIDAD,"790201",RDF_ALVAROLOPEZ@GVA.ES,"963720636",,"729618","4373872"
"POINT (769636 4303745)","1310","10108",CENTRO OCUPACIONAL PARA PERSONAS CON DISCAPACIDAD O DIVERSIDAD FUNCIONAL,CENTRO OCUPACIONAL LA XARA,"56",GENERALITAT VALENCIANA,"PUNTA DE BENIMAQUIA, 14-PTDA. LA XARA-",Entidad Propia,"03063",Alacant/Alicante,la Marina Alta,Dénia,PERSONAS CON DISCAPACIDAD,PERSONAS CON DISCAPACIDAD,"41465",CO_LAJARA@GVA.ES,"965787017",,"769636","4303745"
"POINT (690174 4215652)","1311","10110",RESIDENCIAS PARA PERSONAS MAYORES DEPENDIENTES,RESIDENCIA P.M.D. BENEJUZAR,"65",GENERALITAT VALENCIANA,"PASAJE LA PILARICA, S/N",Entidad Propia,"03024",Alacant/Alicante,el Baix Segura/La Vega Baja,Benejúzar,PERSONAS MAYORES,PERSONAS MAYORES,"5364",RTE_BENEJUZAR@GVA.ES,"965356718",1992-12-31 00:00:00,"690174","4215652"
"POINT (663177 4372609)","1312","10112",CENTROS SOCIALES,CENTRO SOCIAL DE REQUENA,"0",GENERALITAT VALENCIANA,"VILLAJOYOSA, 6",Entidad Propia,"46213",València/Valencia,La Plana de Utiel-Requena,Requena,POBLACIÓN EN GENERAL Y COLECTIVOS SOCIALMENTE DESFAVORECIDOS,POBLACIÓN EN GENERAL Y COLECTIVOS SOCIALMENTE DESFAVORECIDOS,"20510",SERVICIOS.SOCIALES@REQUENA.ES,"962339835",,"663177","4372609"
"POINT (688725 4276420)","1313","10113",RESIDENCIA DE PERSONAS CON DISCAPACIDAD O DIVERSIDAD FUNCIONAL,"RESIDENCIA PARA PERSONAS CON DISCAPACIDAD PSÍQUICA ""PEÑA RUBIA""","50",GENERALITAT VALENCIANA,"PARAJE LAS TIESAS, 386",Entidad Propia,"03140",Alacant/Alicante,l’Alt Vinalopó/El Alto Vinalopó,Villena,PERSONAS CON DISCAPACIDAD,PERSONAS CON DISCAPACIDAD,"34163",medrano_fra@gva.es,"965814160",,"688725","4276420"
"POINT (671386 4402013)","1314","10114",RESIDENCIAS PARA PERSONAS MAYORES DEPENDIENTES,RESIDENCIA Y CENTRO DE DIA P.M.D. DE CHELVA,"55",GENERALITAT VALENCIANA,"AVDA. DE LOS MADEREROS, 75",Entidad Propia,"46106",València/Valencia,La Serranía,Chelva,PERSONAS MAYORES,PERSONAS MAYORES,"1466",RTE_CHELVA@GVA.ES,"962100561",1993-12-31 00:00:00,"671386","4402013"
"POINT (663182 4372607)","1315","10115",CENTROS ESPECIALIZADOS DE ATENCIÓN A LOS MAYORES,CEAM REQUENA,"0",GENERALITAT VALENCIANA,"VILLAJOYOSA, 6",Entidad Propia,"46213",València/Valencia,La Plana de Utiel-Requena,Requena,PERSONAS MAYORES,PERSONAS MAYORES,"20510",CEAM_REQUENA@GVA.ES,"962339835",,"663182","4372607"
"POINT (713727 4376238)","1316","10116",RESIDENCIA DE PERSONAS CON DISCAPACIDAD O DIVERSIDAD FUNCIONAL,RESID. MINUSVALIDOS PSIQUICOS PROFUNDOS DE MANISES,"60",INSTITUTO VALENCIANO DE SERVICIOS SOCIALES,"POL. 2, PARC. 95 (MANISES-RIBARROJA KM.7",Entidad Propia,"46159",València/Valencia,l'Horta Sud,Manises,PERSONAS CON DISCAPACIDAD,PERSONAS CON DISCAPACIDAD,"30704",IVAS_MANISES@GVA.ES,"961522143",1993-12-31 00:00:00,"713727","4376238"
"POINT (731083 4389346)","1317","10117",RESIDENCIAS PARA PERSONAS MAYORES DEPENDIENTES,RESIDENCIA Y CENTRO DE DIA P.M.D. DE PUÇOL,"96",GENERALITAT VALENCIANA,"MONTAÑA NEGRA, 2",Entidad Propia,"46205",València/Valencia,l'Horta Nord,Puçol,PERSONAS MAYORES,PERSONAS MAYORES,"19438",RTE_PUZOL@GVA.ES,"961465159",1994-12-31 00:00:00,"731083","4389346"
"POINT (714728 4414036)","1318","10118",RESIDENCIAS PARA PERSONAS MAYORES DEPENDIENTES,RESIDENCIA Y CENTRO DE DIA P.M.D. DE SEGORBE,"89",GENERALITAT VALENCIANA,"MANUEL GOMEZ MAÑEZ, 1",Entidad Propia,"12104",Castelló/Castellón,El Alto Palancia,Segorbe,PERSONAS MAYORES,PERSONAS MAYORES,"9005",RTE_SEGORBE@GVA.ES,"964713611",1994-12-31 00:00:00,"714728","4414036"
"POINT (718103 4286586)","1319","10120",RESIDENCIAS PARA PERSONAS MAYORES DEPENDIENTES,"RESIDENCIA P.M.D. ""MARIOLA""","60",GENERALITAT VALENCIANA,"PARTIDA HUERTA MAYOR, 11",Entidad Propia,"03009",Alacant/Alicante,l'Alcoià,Alcoi/Alcoy,PERSONAS MAYORES,PERSONAS MAYORES,"59198",MARIOLA_RTE@GVA.ES,"965330108",1994-12-31 00:00:00,"718103","4286586"
"POINT (702167 4238519)","1320","10121",RESIDENCIAS PARA PERSONAS MAYORES DEPENDIENTES,RESIDENCIA Y CENTRO DE DIA P.M.D. DE ELX,"136",GENERALITAT VALENCIANA,"JOSE SANCHEZ SAEZ, 2",Entidad Propia,"03065",Alacant/Alicante,el Baix Vinalopó,Elx/Elche,PERSONAS MAYORES,PERSONAS MAYORES,"227659",RTE_ELCHE@GVA.ES,"965455370",1994-12-31 00:00:00,"702167","4238519"
"POINT (724044 4380112)","1321","10122",RESIDENCIAS PARA PERSONAS MAYORES DEPENDIENTES,RESIDENCIA Y CENTRO DE DIA P.M.D. DE MONCADA,"115",GENERALITAT VALENCIANA,"C/MAYOR,76",Entidad Propia,"46171",València/Valencia,l'Horta Nord,Montcada/Moncada,PERSONAS MAYORES,PERSONAS MAYORES,"21700",RTE_MONCADA@GVA.ES,"961301260",1995-12-31 00:00:00,"724044","4380112"
"POINT (708415 4316688)","1322","10123",RESIDENCIAS PARA PERSONAS MAYORES DEPENDIENTES,RESIDENCIA Y CENTRO DE DIA P.M.D. DE ALCUDIA DE CRESPINS,"82",GENERALITAT VALENCIANA,"CNO.DE LA COSTERA, S/N",Entidad Propia,"46020",València/Valencia,la Costera,l'Alcúdia de Crespins,PERSONAS MAYORES,PERSONAS MAYORES,"5181",RTE_ALCUDIA@GVA.ES,"962244648",1995-12-31 00:00:00,"708415","4316688"
"POINT (690508 4366404)","1323","10124",RESIDENCIAS PARA PERSONAS MAYORES DEPENDIENTES,RESIDENCIA Y CENTRO DE DIA P.M.D. DE BUÑOL,"115",GENERALITAT VALENCIANA,"AVDA.BLASCO IBAÑEZ, 32",Entidad Propia,"46077",València/Valencia,La Hoya de Buñol,Buñol,PERSONAS MAYORES,PERSONAS MAYORES,"9618",RTE_BUNYOL@GVA.ES,"962503609",1995-12-31 00:00:00,"690508","4366404"
"POINT (747203 4425741)","1324","10125",RESIDENCIAS PARA PERSONAS MAYORES DEPENDIENTES,"RESIDENCIA Y CENTRO DE DIA P.M.D. ""VIRGEN DE GRACIA""","145",GENERALITAT VALENCIANA,"CTRA.DE LA ERMITA, 265",Entidad Propia,"12135",Castelló/Castellón,la Plana Baixa,Vila-real,PERSONAS MAYORES,PERSONAS MAYORES,"50252",RTE_VILLARREAL@GVA.ES,"964536288",1995-12-31 00:00:00,"747203","4425741"
"POINT (749196 4270133)","1325","10126",RESIDENCIAS PARA PERSONAS MAYORES DEPENDIENTES,RESIDENCIA Y CENTRO DE DIA P.M.D. DE BENIDORM,"120",GENERALITAT VALENCIANA,PDA. FOIETES Nº1,Entidad Propia,"03031",Alacant/Alicante,la Marina Baixa,Benidorm,PERSONAS MAYORES,PERSONAS MAYORES,"66642",RTE_BENIDORM@GVA.ES,"966807434",1994-12-31 00:00:00,"749196","4270133"
"POINT (737623 4394417)","1326","10129",RESIDENCIAS PARA PERSONAS MAYORES DEPENDIENTES,RESIDENCIA Y CENTRO DE DIA P.M.D. DE PUERTO SAGUNTO,"115",GENERALITAT VALENCIANA,"AVDA. DE LA RIBERA, 4",Entidad Propia,"46220",València/Valencia,el Camp de Morvedre,Sagunt/Sagunto,PERSONAS MAYORES,PERSONAS MAYORES,"64439",RTE_PTOSAGUNTO@GVA.ES,"962683449",1995-12-31 00:00:00,"737623","4394417"
"POINT (716223 4253354)","1327","10130",CENTRO OCUPACIONAL PARA PERSONAS CON DISCAPACIDAD O DIVERSIDAD FUNCIONAL,"CENTRO OCUPACIONAL ""MAIGMO""","72",GENERALITAT VALENCIANA,"C/ SAN PASCUAL, 39",Entidad Propia,"03122",Alacant/Alicante,l'Alacantí,Sant Vicent del Raspeig/San Vicente del Raspeig,PERSONAS CON DISCAPACIDAD,PERSONAS CON DISCAPACIDAD,"56715",CENTROMAIGMO@YAHOO.ES,"965660058",,"716223","4253354"
"POINT (679130 4218075)","1328","10131",RESIDENCIAS PARA PERSONAS MAYORES DEPENDIENTES,RESIDENCIA P.M.D. DE ORIHUELA,"96",GENERALITAT VALENCIANA,"C/ ESPENYETAS, 2",Entidad Propia,"03099",Alacant/Alicante,el Baix Segura/La Vega Baja,Orihuela,PERSONAS MAYORES,PERSONAS MAYORES,"80359",RTE_ORIHUELA@GVA.ES,"966745043",1996-12-31 00:00:00,"679130","4218075"
"POINT (725072 4373969)","1329","10133",CENTRO OCUPACIONAL PARA PERSONAS CON DISCAPACIDAD O DIVERSIDAD FUNCIONAL,"CENTRO OCUPACIONAL ""MARXALENES""","40",INSTITUTO VALENCIANO DE SERVICIOS SOCIALES,"C/ MARXALENES, 8",Entidad Propia,"46250",València/Valencia,València,València,PERSONAS CON DISCAPACIDAD,PERSONAS CON DISCAPACIDAD,"790201",IVAS_MARXALENES@GVA.ES,"963401804",1997-12-31 00:00:00,"725072","4373969"
"POINT (716959 4378304)","1330","10134",RESIDENCIAS PARA PERSONAS MAYORES DEPENDIENTES,"RESIDENCIA P.M.D.  ""LA CAÑADA""","96",GENERALITAT VALENCIANA,"C/ 561, S/N",Entidad Propia,"46190",València/Valencia,l'Horta Nord,Paterna,PERSONAS MAYORES,PERSONAS MAYORES,"67854",RTE_LACANYADA@GVA.ES,"961329012",1997-12-31 00:00:00,"716959","4378304"
"POINT (718825 4384588)","1331","10135",CENTRO ESPECÍFICO PARA ENFERMOS MENTALES CRÓNICOS (CEEM),RESIDENCIA DE ENFERMOS MENTALES DE BETERA,"80",GENERALITAT VALENCIANA,"CRA. DE TORRES-TORRES, S/N KM. 9",Entidad Propia,"46070",València/Valencia,el Camp de Túria,Bétera,PERSONAS CON ENFERMEDAD MENTAL,PERSONAS CON ENFERMEDAD MENTAL,"22696",CEEMBETERA@EULEN.COM,"961691825",1997-12-31 00:00:00,"718825","4384588"
"POINT (725733 4372816)","1332","10137",RESIDENCIAS PARA PERSONAS MAYORES DEPENDIENTES,"RESIDENCIA Y CENTRO DE DIA P.M.D. "" PALACIO DE RAGA""","88",GENERALITAT VALENCIANA,C/ BAJA 25,Entidad Propia,"46250",València/Valencia,València,València,PERSONAS MAYORES,PERSONAS MAYORES,"790201",RTE_PALACIORAGA@GVA.ES,"963917469",1998-12-31 00:00:00,"725733","4372816"
"POINT (727992 4384676)","1333","10138",RESIDENCIAS PARA PERSONAS MAYORES DEPENDIENTES,RESIDENCIA Y CENTRO DE DIA P.M.D. DE MASSAMAGRELL,"116",GENERALITAT VALENCIANA,C/ DOCTOR FLEMING 3,Entidad Propia,"46164",València/Valencia,l'Horta Nord,Massamagrell,PERSONAS MAYORES,PERSONAS MAYORES,"15574",RTE_MASSAMAGRELL@GVA.ES,"961451447",1998-12-31 00:00:00,"727992","4384676"
"POINT (696835 4371356)","1334","10139",RESIDENCIAS PARA PERSONAS MAYORES DEPENDIENTES,RESIDENCIA P.M.D. DE CHIVA,"106",GENERALITAT VALENCIANA,"C/ ALCALDE URBINO BLAY MAÑEZ, 6",Entidad Propia,"46111",València/Valencia,La Hoya de Buñol,Chiva,PERSONAS MAYORES,PERSONAS MAYORES,"14758",RTE_CHIVA@GVA.ES,"962524149",2000-12-31 00:00:00,"696835","4371356"
"POINT (717346 4246534)","1335","10140",RESIDENCIAS PARA PERSONAS MAYORES DEPENDIENTES,"RESIDENCIA P.M.D. ""LA FLORIDA""","96",GENERALITAT VALENCIANA,TOMAS AZNAR DOMENCH 43,Entidad Propia,"03014",Alacant/Alicante,l'Alacantí,Alacant/Alicante,PERSONAS MAYORES,PERSONAS MAYORES,"330525",RTE_LAFLORIDA@GVA.ES,"965107083",1997-12-31 00:00:00,"717346","4246534"
"POINT (717312 4366775)","1336","10141",RESIDENCIAS PARA PERSONAS MAYORES DEPENDIENTES,RESIDENCIA Y CENTRO DE DIA P.M.D. DE TORRENTE,"123",GENERALITAT VALENCIANA,C/ MARXADELLA S/N,Entidad Propia,"46244",València/Valencia,l'Horta Sud,Torrent,PERSONAS MAYORES,PERSONAS MAYORES,"80762",RTE_TORRENTE@GVA.ES,"961556061",1998-12-31 00:00:00,"717312","4366775"
"POINT (745234 4500466)","1337","10142",RESIDENCIAS PARA PERSONAS MAYORES DEPENDIENTES,"RESIDENCIA P.M.D.  ""SAN JUAN BAUTISTA""","56",GENERALITAT VALENCIANA,C/ VIRGEN DE VALLIVANA 2,Entidad Propia,"12080",Castelló/Castellón,els Ports,Morella,PERSONAS MAYORES,PERSONAS MAYORES,"2504",RTE_MORELLA@GVA.ES,"964161036",1999-12-31 00:00:00,"745234","4500466"
"POINT (718836 4370919)","1338","10148",CENTRO OCUPACIONAL PARA PERSONAS CON DISCAPACIDAD O DIVERSIDAD FUNCIONAL,CENTRO OCUPACIONAL DE ALDAIA,"100",GENERALITAT VALENCIANA,"C/ SOR ANGELA DE LA CRUZ, 4",Entidad Propia,"46021",València/Valencia,l'Horta Sud,Aldaia,PERSONAS CON DISCAPACIDAD,PERSONAS CON DISCAPACIDAD,"31246",ACYPSA@GMAIL.COM,"961517028",,"718836","4370919"
"POINT (718847 4370912)","1339","10149",RESIDENCIA DE PERSONAS CON DISCAPACIDAD O DIVERSIDAD FUNCIONAL,"RESIDENCIA ""BENNAGER""","40",INSTITUTO VALENCIANO DE SERVICIOS SOCIALES,"C/ SOR ANGELA DE LA CRUZ, 2",Entidad Propia,"46021",València/Valencia,l'Horta Sud,Aldaia,PERSONAS CON DISCAPACIDAD,PERSONAS CON DISCAPACIDAD,"31246",IVAS_BENNAGER@GVA.ES,"961517030",2001-12-31 00:00:00,"718847","4370912"
"POINT (747492 4425080)","1340","10150",RESIDENCIA DE PERSONAS CON DISCAPACIDAD O DIVERSIDAD FUNCIONAL,RESIDENCIA DISCAPACITADOS PSIQUICOS VILA-REAL,"40",GENERALITAT VALENCIANA,"CRA. DE ONDA, 10",Entidad Propia,"12135",Castelló/Castellón,la Plana Baixa,Vila-real,PERSONAS CON DISCAPACIDAD,PERSONAS CON DISCAPACIDAD,"50252",rdpvilareal@gmail.com,"964530552",1999-12-31 00:00:00,"747492","4425080"
"POINT (725551 4372056)","1341","10151",CENTRO DE REHABILITACIÓN E INTEGRACIÓN SOCIAL PARA ENFERMOS MENTALES CRÓNICOS,"C.R.I.S. ""SAN PABLO""","70",GENERALITAT VALENCIANA,"C/ SAN PABLO, 9 BAJO",Entidad Propia,"46250",València/Valencia,València,València,PERSONAS CON ENFERMEDAD MENTAL,PERSONAS CON ENFERMEDAD MENTAL,"790201",CRISSANTPAU@GMAIL.COM,"961983570",,"725551","4372056"
"POINT (724312 4248594)","1342","10152",CENTRO DE DÍA PARA PERSONAS CON DISCAPACIDAD O DIVERSIDAD FUNCIONAL,"CENTRO DE DIA ""SANTA FAZ""","69",GENERALITAT VALENCIANA,"C/ MARE NOSTRUM, 9",Entidad Propia,"03014",Alacant/Alicante,l'Alacantí,Alacant/Alicante,PERSONAS CON DISCAPACIDAD,PERSONAS CON DISCAPACIDAD,"330525",CAMPSANTAFAZ@GVA.ES,"965262811",,"724312","4248594"
"POINT (702322 4278082)","1343","10153",RESIDENCIAS PARA PERSONAS MAYORES DEPENDIENTES,RESIDENCIA Y CENTRO DE DIA P.M.D. DE ONIL,"70",GENERALITAT VALENCIANA,AV. DE LA PAZ  S/N,Entidad Propia,"03096",Alacant/Alicante,l'Alcoià,Onil,PERSONAS MAYORES,PERSONAS MAYORES,"7494",RTE_CASERASARRIO@GVA.ES,"965565688",2001-12-31 00:00:00,"702322","4278082"
"POINT (725135 4372453)","1344","10154",RESIDENCIAS PARA PERSONAS MAYORES DEPENDIENTES,"RESIDENCIA Y CENTRO DE DIA P.M.D. ""VELLUTERS""","108",GENERALITAT VALENCIANA,C/ RECAREDO ESQ.  CON EN BANY,Entidad Propia,"46250",València/Valencia,València,València,PERSONAS MAYORES,PERSONAS MAYORES,"790201",RTE_VELLUTERS@GVA.ES,"963152023",2003-12-31 00:00:00,"725135","4372453"
"POINT (758110 4430662)","1345","10155",RESIDENCIAS PARA PERSONAS MAYORES DEPENDIENTES,"RESIDENCIA Y CENTRO DE DIA P.M.D. ""EL PINAR""","159",GENERALITAT VALENCIANA,"AVDA. FERRANDIS SALVADOR, 46 (EL GRAO)",Entidad Propia,"12040",Castelló/Castellón,la Plana Alta,Castelló de la Plana,PERSONAS MAYORES,PERSONAS MAYORES,"170990",RTE_ELPINAR@GVA.ES,"964288092",2002-12-31 00:00:00,"758110","4430662"
"POINT (725733 4372816)","1346","10156",CENTROS ESPECIALIZADOS DE ATENCIÓN A LOS MAYORES,CEAM NAZARET,"0",GENERALITAT VALENCIANA,C/ EL PARQUE Nº 90 (NAZARET),Entidad Propia,"46250",València/Valencia,València,València,PERSONAS MAYORES,PERSONAS MAYORES,"790201",CEAM_NAZARET@GVA.ES,"961271980",2002-12-31 00:00:00,"725733","4372816"
"POINT (725733 4372816)","1347","10159",CENTRO DE DÍA PARA PERSONAS CON ENFERMEDAD MENTAL CRÓNICA,"CENTRO DE DÍA PARA ENFERMOS MENTALES ""VELLUTERS""","20",GENERALITAT VALENCIANA,"C/ CARNICEROS, 19",Entidad Propia,"46250",València/Valencia,València,València,PERSONAS CON ENFERMEDAD MENTAL,PERSONAS CON ENFERMEDAD MENTAL,"790201",CRISVELLUTERS@EULEN.COM,"963910680",2002-12-31 00:00:00,"725733","4372816"
"POINT (725733 4372816)","1348","10160",CENTRO DE REHABILITACIÓN E INTEGRACIÓN SOCIAL PARA ENFERMOS MENTALES CRÓNICOS,"C.R.I.S.""VELLUTERS""","70",GENERALITAT VALENCIANA,C/ CARNICEROS 19,Entidad Propia,"46250",València/Valencia,València,València,PERSONAS CON ENFERMEDAD MENTAL,PERSONAS CON ENFERMEDAD MENTAL,"790201",CRISVELLUTERS@EULEN.COM,"963910680",2002-12-31 00:00:00,"725733","4372816"
"POINT (718618 4250345)","1349","10161",CENTRO DE REHABILITACIÓN E INTEGRACIÓN SOCIAL PARA ENFERMOS MENTALES CRÓNICOS,C.R.I.S. CIUDAD JARDIN,"70",GENERALITAT VALENCIANA,"C/ ECONOMISTA GERMAN BERNACER, 36",Entidad Propia,"03014",Alacant/Alicante,l'Alacantí,Alacant/Alicante,PERSONAS CON ENFERMEDAD MENTAL,PERSONAS CON ENFERMEDAD MENTAL,"330525",ADMINISTRACION_CIUDADJARDIN@GVA.ES,"965127310",2001-12-31 00:00:00,"718618","4250345"
"POINT (719946 4247147)","1350","10162",CENTRO DE DÍA PARA PERSONAS CON ENFERMEDAD MENTAL CRÓNICA,"CENTRO DE DIA  PARA ENFERMOS MENTALES ""CIUDAD JARDIN""","20",GENERALITAT VALENCIANA,"C/ ECONOMISTA GERMAN BERNACER, 36",Entidad Propia,"03014",Alacant/Alicante,l'Alacantí,Alacant/Alicante,PERSONAS CON ENFERMEDAD MENTAL,PERSONAS CON ENFERMEDAD MENTAL,"330525",ciudadjardin_direccion@gva.es,"965127310",2001-12-31 00:00:00,"719946","4247147"
"POINT (725733 4372816)","1351","10163",CENTRO DE DÍA PARA PERSONAS CON ENFERMEDAD MENTAL CRÓNICA,"CENTRO DE DÍA  PARA ENFERMOS MENTALES ""SAN PABLO""","20",GENERALITAT VALENCIANA,"C/ SAN PABLO, 9 BAJO",Entidad Propia,"46250",València/Valencia,València,València,PERSONAS CON ENFERMEDAD MENTAL,PERSONAS CON ENFERMEDAD MENTAL,"790201",CRISSANTPAU@GMAIL.COM,"963509400",2001-12-31 00:00:00,"725733","4372816"
"POINT (753001 4430455)","1352","10164",CENTROS ESPECIALIZADOS DE ATENCIÓN A LOS MAYORES,CEAM EL GRAO,"0",GENERALITAT VALENCIANA,AVDA LOS PINOS  Nº 246,Entidad Propia,"12040",Castelló/Castellón,la Plana Alta,Castelló de la Plana,PERSONAS MAYORES,PERSONAS MAYORES,"170990",CEAM_GRAU@GVA.ES,"964334030",2007-12-31 00:00:00,"753001","4430455"
"POINT (725733 4372816)","1353","10165",CENTRO OCUPACIONAL PARA PERSONAS CON DISCAPACIDAD O DIVERSIDAD FUNCIONAL,"CENTRO OCUPACIONAL ""SAN MARCELINO""","72",GENERALITAT VALENCIANA,"PL. MIGUEL CATALÁ GOMIS, 5",Entidad Propia,"46250",València/Valencia,València,València,PERSONAS CON DISCAPACIDAD,PERSONAS CON DISCAPACIDAD,"790201",CO_SANMARCELINO@GVA.ES,"963170587",2003-12-31 00:00:00,"725733","4372816"
"POINT (725733 4372816)","1354","10166",VIVIENDA SUPERVISADA PARA PERSONAS CON ENFERMEDAD MENTAL CRÓNICA,"VIVIENDA TUTELADA ENF. MENT. ""VELLUTERS"" (MUJERES)","4",GENERALITAT VALENCIANA,"C/ BALMES, 32, 2º",Entidad Propia,"46250",València/Valencia,València,València,PERSONAS CON ENFERMEDAD MENTAL,PERSONAS CON ENFERMEDAD MENTAL,"790201",vtbalmes@hotmail.com,"963921080",2003-12-31 00:00:00,"725733","4372816"
"POINT (725108 4372686)","1355","10167",CENTROS DE VALORACIÓN Y ORIENTACION (CENTROS BASE),"CENTRO DE VALORACIÓN Y ORIENTACIÓN  DE DISCAPACIDADES ""VELLUTERS""","0",GENERALITAT VALENCIANA,"C/ AROLAS, S/N",Entidad Propia,"46250",València/Valencia,València,València,PERSONAS CON DISCAPACIDAD,PERSONAS CON DISCAPACIDAD,"790201",zero@gva.es,"963152222",2003-12-31 00:00:00,"725108","4372686"
"POINT (725733 4372816)","1356","10168",CENTRO DE DÍA PARA PERSONAS CON DISCAPACIDAD O DIVERSIDAD FUNCIONAL,"CENTRO DE DIA DISCAPACITADOS FISICOS  ""VELLUTERS""","35",GENERALITAT VALENCIANA,"C/ AROLAS, 2",Entidad Propia,"46250",València/Valencia,València,València,PERSONAS CON DISCAPACIDAD,PERSONAS CON DISCAPACIDAD,"790201",CDFISICOS@HOTMAIL.COM,"963152202",2003-12-31 00:00:00,"725733","4372816"
"POINT (718684 4374424)","1357","10169",RESIDENCIAS PARA PERSONAS MAYORES DEPENDIENTES,RESIDENCIA Y CENTRO DE DIA P.M.D. DE MANISES,"121",GENERALITAT VALENCIANA,C/ BUÑOL S/N,Entidad Propia,"46159",València/Valencia,l'Horta Sud,Manises,PERSONAS MAYORES,PERSONAS MAYORES,"30704",RTE_MANISES@GVA.ES,"961526590",2003-12-31 00:00:00,"718684","4374424"
"POINT (725733 4372816)","1358","10172",VIVIENDA SUPERVISADA PARA PERSONAS CON ENFERMEDAD MENTAL CRÓNICA,"VIVIENDA TUTELADA ENF. MENT. ""VELLUTERS"" (HOMBRES)","4",GENERALITAT VALENCIANA,"C/ BALMES, 32, 1º",Entidad Propia,"46250",València/Valencia,València,València,PERSONAS CON ENFERMEDAD MENTAL,PERSONAS CON ENFERMEDAD MENTAL,"790201",vtbalmes@hotmail.com,"963921080",2002-12-31 00:00:00,"725733","4372816"
"POINT (690758 4259754)","1359","10175",CENTRO ESPECÍFICO PARA ENFERMOS MENTALES CRÓNICOS (CEEM),C.E.E.M. DE ELDA,"36",GENERALITAT VALENCIANA,"P.I. CAMPO ALTO, PDA.DERRAMADOR POL.28-1",Entidad Propia,"03066",Alacant/Alicante,el Vinalopó Mitjà/El Vinalopó Medio,Elda,PERSONAS CON ENFERMEDAD MENTAL,PERSONAS CON ENFERMEDAD MENTAL,"52745",direccion.elda@grupo5.net,"965399097",2005-12-31 00:00:00,"690758","4259754"
"POINT (692242 4261241)","1360","10176",CENTRO DE DÍA PARA PERSONAS CON ENFERMEDAD MENTAL CRÓNICA,CENTRO DE DÍA PARA ENFERMOS MENTALES ELDA,"20",GENERALITAT VALENCIANA,"P.I.CAMPO ALTO.PDA.DERRAMADOR, POL.28-1",Entidad Propia,"03066",Alacant/Alicante,el Vinalopó Mitjà/El Vinalopó Medio,Elda,PERSONAS CON ENFERMEDAD MENTAL,PERSONAS CON ENFERMEDAD MENTAL,"52745",direccion.elda@grupo5.net,"965399097",2005-12-31 00:00:00,"692242","4261241"
"POINT (752339 4269994)","1361","10177",CENTRO ESPECÍFICO PARA ENFERMOS MENTALES CRÓNICOS (CEEM),C.E.E.M. DE BENIDORM,"40",GENERALITAT VALENCIANA,"AVDA. CIUDAD REAL, 4",Entidad Propia,"03031",Alacant/Alicante,la Marina Baixa,Benidorm,PERSONAS CON ENFERMEDAD MENTAL,PERSONAS CON ENFERMEDAD MENTAL,"66642",dirección.ceembenidorm@grupoelcastillo.com,"9658150583",2005-12-31 00:00:00,"752339","4269994"
"POINT (752286 4269987)","1362","10178",CENTRO DE REHABILITACIÓN E INTEGRACIÓN SOCIAL PARA ENFERMOS MENTALES CRÓNICOS,C.R.I.S. BENIDORM,"70",GENERALITAT VALENCIANA,"AVDA. CIUDAD REAL, 2",Entidad Propia,"03031",Alacant/Alicante,la Marina Baixa,Benidorm,PERSONAS CON ENFERMEDAD MENTAL,PERSONAS CON ENFERMEDAD MENTAL,"66642",dirección.ceembenidorm@grupoelcastillo.com,"9658150583",2005-12-31 00:00:00,"752286","4269987"
"POINT (752280 4270013)","1363","10179",CENTRO DE DÍA PARA PERSONAS CON ENFERMEDAD MENTAL CRÓNICA,CENTRO DE DÍA PARA ENFERMOS MENTALES BENIDORM,"20",GENERALITAT VALENCIANA,"AVDA. CIUDAD REAL, 2",Entidad Propia,"03031",Alacant/Alicante,la Marina Baixa,Benidorm,PERSONAS CON ENFERMEDAD MENTAL,PERSONAS CON ENFERMEDAD MENTAL,"66642",dirección.ceembenidorm@grupoelcastillo.com,"9658150583",2006-12-31 00:00:00,"752280","4270013"
"POINT (722551 4378872)","1364","10182",RESIDENCIA DE PERSONAS CON DISCAPACIDAD O DIVERSIDAD FUNCIONAL,RESIDENCIA PRAGA,"64",INSTITUTO VALENCIANO DE SERVICIOS SOCIALES,"AV. DR. LÓPEZ TRIGO, 9",Entidad Propia,"46216",València/Valencia,l'Horta Nord,Rocafort,PERSONAS CON DISCAPACIDAD,PERSONAS CON DISCAPACIDAD,"6940",agarciagarcia@diagrama.org,"961311392",1985-12-31 00:00:00,"722551","4378872"
"POINT (703683 4239339)","1365","10183",RESIDENCIA DE PERSONAS CON DISCAPACIDAD O DIVERSIDAD FUNCIONAL,"RESIDENCIA CAMP ""JUBALCOY""","40",INSTITUTO VALENCIANO DE SERVICIOS SOCIALES,"PDA. JUBALCOY, POL.1, Nº 85",Entidad Propia,"03065",Alacant/Alicante,el Baix Vinalopó,Elx/Elche,PERSONAS CON DISCAPACIDAD,PERSONAS CON DISCAPACIDAD,"227659",IVAS_JUBALCOY@GVA.ES,"966912580",1996-12-31 00:00:00,"703683","4239339"
"POINT (707029 4238825)","1366","10184",CENTRO DE DÍA PARA PERSONAS CON DISCAPACIDAD O DIVERSIDAD FUNCIONAL,"CENTRO DE DÍA CAMP ""JUBALCOY""","40",INSTITUTO VALENCIANO DE SERVICIOS SOCIALES,"PDA. JUBALCOY. POL. 1, Nº 85",Entidad Propia,"03065",Alacant/Alicante,el Baix Vinalopó,Elx/Elche,PERSONAS CON DISCAPACIDAD,PERSONAS CON DISCAPACIDAD,"227659",IVAS_JUBALCOY@GVA.ES,"966912580",1996-12-31 00:00:00,"707029","4238825"
"POINT (699655 4238060)","1367","10185",CENTRO OCUPACIONAL PARA PERSONAS CON DISCAPACIDAD O DIVERSIDAD FUNCIONAL,CENTRO  OCUPACIONAL CARRUS,"52",INSTITUTO VALENCIANO DE SERVICIOS SOCIALES,"C/ EMILIO HERNANDEZ SELVA, 117",Entidad Propia,"03065",Alacant/Alicante,el Baix Vinalopó,Elx/Elche,PERSONAS CON DISCAPACIDAD,PERSONAS CON DISCAPACIDAD,"227659",IVAS_CARRUS@GVA.ES,"966912390",1996-12-31 00:00:00,"699655","4238060"
"POINT (736785 4410611)","1368","10186",CENTRO OCUPACIONAL PARA PERSONAS CON DISCAPACIDAD O DIVERSIDAD FUNCIONAL,"CENTRO OCUPACIONAL ""BELCAIRE""","50",INSTITUTO VALENCIANO DE SERVICIOS SOCIALES,"PDA. DE LA COVA, S/N",Entidad Propia,"12126",Castelló/Castellón,la Plana Baixa,la Vall d'Uixó,PERSONAS CON DISCAPACIDAD,PERSONAS CON DISCAPACIDAD,"31819",IVAS_BELCAIRE@GVA.ES,"964696060",1995-12-31 00:00:00,"736785","4410611"
"POINT (753496 4430582)","1369","10187",CENTRO OCUPACIONAL PARA PERSONAS CON DISCAPACIDAD O DIVERSIDAD FUNCIONAL,"CENTRO OCUPACIONAL ""RAFALAFENA""","50",INSTITUTO VALENCIANO DE SERVICIOS SOCIALES,"PZ. DE LES NORMES DE CASTELLO, S/N",Entidad Propia,"12040",Castelló/Castellón,la Plana Alta,Castelló de la Plana,PERSONAS CON DISCAPACIDAD,PERSONAS CON DISCAPACIDAD,"170990",IVAS_RAFALAFENA@GVA.ES,"964233205",1996-12-31 00:00:00,"753496","4430582"
"POINT (748949 4420098)","1370","10188",CENTRO OCUPACIONAL PARA PERSONAS CON DISCAPACIDAD O DIVERSIDAD FUNCIONAL,"CENTRO OCUPACIONAL ""BURIS ANA""","40",INSTITUTO VALENCIANO DE SERVICIOS SOCIALES,"C/ MANUEL CUBEDO GINER, S/N",Entidad Propia,"12032",Castelló/Castellón,la Plana Baixa,Borriana/Burriana,PERSONAS CON DISCAPACIDAD,PERSONAS CON DISCAPACIDAD,"34643",ESTEVE_LUI@GVA.ES,"964517078",2002-12-31 00:00:00,"748949","4420098"
"POINT (789417 4480943)","1371","10189",CENTRO OCUPACIONAL PARA PERSONAS CON DISCAPACIDAD O DIVERSIDAD FUNCIONAL,"CENTRO  OCUPACIONAL ""EL MAESTRAT""","80",INSTITUTO VALENCIANO DE SERVICIOS SOCIALES,"CRA. DE CALIG, S/N",Entidad Propia,"12027",Castelló/Castellón,el Baix Maestrat,Benicarló,PERSONAS CON DISCAPACIDAD,PERSONAS CON DISCAPACIDAD,"26486",IVAS_MAESTRAT@GVA.ES,"964474979",1995-12-31 00:00:00,"789417","4480943"
"POINT (722185 4338329)","1372","10190",RESIDENCIA DE PERSONAS CON DISCAPACIDAD O DIVERSIDAD FUNCIONAL,"RESIDENCIA ""CARMEN PICÓ""","75",INSTITUTO VALENCIANO DE SERVICIOS SOCIALES,AV. DE LOS DEPORTES Nº 23,Entidad Propia,"46017",València/Valencia,la Ribera Alta,Alzira,PERSONAS CON DISCAPACIDAD,PERSONAS CON DISCAPACIDAD,"44488",IVAS_CARMENPICO@GVA.ES,"962458060",1986-12-31 00:00:00,"722185","4338329"
"POINT (721672 4376848)","1373","10192",RESIDENCIA DE PERSONAS CON DISCAPACIDAD O DIVERSIDAD FUNCIONAL,"RESIDENCIA ""L'ALMARA""","50",INSTITUTO VALENCIANO DE SERVICIOS SOCIALES,"PL. EL PALLETER, S/N",Entidad Propia,"46078",València/Valencia,l'Horta Nord,Burjassot,PERSONAS CON DISCAPACIDAD,PERSONAS CON DISCAPACIDAD,"37324",IVAS_ALMARA@GVA.ES.ES,"963901100",1998-12-31 00:00:00,"721672","4376848"
"POINT (722750 4378803)","1374","10194",CENTRO OCUPACIONAL PARA PERSONAS CON DISCAPACIDAD O DIVERSIDAD FUNCIONAL,"CENTRO OCUPACIONAL ""PRAGA""","70",INSTITUTO VALENCIANO DE SERVICIOS SOCIALES,"AV. DR. LÓPEZ TRIGO, 9",Entidad Propia,"46216",València/Valencia,l'Horta Nord,Rocafort,PERSONAS CON DISCAPACIDAD,PERSONAS CON DISCAPACIDAD,"6940",IVAS_PRAGA@GVA.ES,"961311392",2001-12-31 00:00:00,"722750","4378803"
"POINT (699938 4239086)","1375","10195",CENTRO OCUPACIONAL PARA PERSONAS CON DISCAPACIDAD O DIVERSIDAD FUNCIONAL,"CENTRO OCUPACIONAL ""LA TRAMOIA""","82",INSTITUTO VALENCIANO DE SERVICIOS SOCIALES,"AV. MAESTRO MELCHOR BOTELLA, 2",Entidad Propia,"03065",Alacant/Alicante,el Baix Vinalopó,Elx/Elche,PERSONAS CON DISCAPACIDAD,PERSONAS CON DISCAPACIDAD,"227659",IVAS_TRAMOIA@GVA.ES,"965315835",2001-12-31 00:00:00,"699938","4239086"
"POINT (700105 4238240)","1376","10196",CENTRO OCUPACIONAL PARA PERSONAS CON DISCAPACIDAD O DIVERSIDAD FUNCIONAL,"CENTRO OCUPACIONAL ""ALTABIX""","72",INSTITUTO VALENCIANO DE SERVICIOS SOCIALES,"C/ ARQUITECTO SANTIAGO PÉREZ ARACIL, 5",Entidad Propia,"03065",Alacant/Alicante,el Baix Vinalopó,Elx/Elche,PERSONAS CON DISCAPACIDAD,PERSONAS CON DISCAPACIDAD,"227659",IVAS_ALTABIX@GVA.ES,"965594905",2005-12-31 00:00:00,"700105","4238240"
"POINT (736230 4394733)","1377","10207",RESIDENCIA DE PERSONAS CON DISCAPACIDAD O DIVERSIDAD FUNCIONAL,"RESIDENCIA ""NUESTROS HIJOS""","36",GENERALITAT VALENCIANA,"PROLONG. C/ FEDERICO GARCÍA LORCA, S/N",Entidad Propia,"46220",València/Valencia,el Camp de Morvedre,Sagunt/Sagunto,PERSONAS CON DISCAPACIDAD,PERSONAS CON DISCAPACIDAD,"64439",abautista@novaedat.es,"962690004",2007-12-31 00:00:00,"736230","4394733"
"POINT (736664 4394820)","1378","10208",CENTRO DE DÍA PARA PERSONAS CON DISCAPACIDAD O DIVERSIDAD FUNCIONAL,"CENTRO DE DIA ""NUESTROS HIJOS""","20",GENERALITAT VALENCIANA,"PROLONG. C/ FEDERICO GARCÍA LORCA, S/N",Entidad Propia,"46220",València/Valencia,el Camp de Morvedre,Sagunt/Sagunto,PERSONAS CON DISCAPACIDAD,PERSONAS CON DISCAPACIDAD,"64439",abautista@novaedat.es,"962690004",2007-12-31 00:00:00,"736664","4394820"
"POINT (757051 4471564)","1379","10209",CENTRO ESPECÍFICO PARA ENFERMOS MENTALES CRÓNICOS (CEEM),C.E.E.M. DE ALBOCACER,"34",INSTITUTO VALENCIANO DE SERVICIOS SOCIALES,"PTDA. SANT PERE MARTIR, S/N",Entidad Propia,"12003",Castelló/Castellón,l'Alt Maestrat,Albocàsser,PERSONAS CON ENFERMEDAD MENTAL,PERSONAS CON ENFERMEDAD MENTAL,"1303",DALBOCACER@LASALETA.COM,"964428483",2006-12-31 00:00:00,"757051","4471564"
"POINT (757060 4471528)","1380","10210",CENTRO DE DÍA PARA PERSONAS CON ENFERMEDAD MENTAL CRÓNICA,CENTRO DE DÍA PARA ENFERMOS MENTALES,"13",INSTITUTO VALENCIANO DE SERVICIOS SOCIALES,PTDA. SANT PERE MARTIR S/N,Entidad Propia,"12003",Castelló/Castellón,l'Alt Maestrat,Albocàsser,PERSONAS CON ENFERMEDAD MENTAL,PERSONAS CON ENFERMEDAD MENTAL,"1303",DALBOCACER@LASALETA.COM,"964428483",2006-12-31 00:00:00,"757060","4471528"
"POINT (714534 4414039)","1381","10211",RESIDENCIA DE PERSONAS CON DISCAPACIDAD O DIVERSIDAD FUNCIONAL,RESIDENCIA SEGORBE PARA PERSONAS CON DISCAPACIDAD INTELECTUAL,"40",GENERALITAT VALENCIANA,"C/ MONSEÑOR ROMUALDO AMIGO, 11",Entidad Propia,"12104",Castelló/Castellón,El Alto Palancia,Segorbe,PERSONAS CON DISCAPACIDAD,PERSONAS CON DISCAPACIDAD,"9005",estudios_aralia@araliaservicios.es,"983135135",2006-12-31 00:00:00,"714534","4414039"
"POINT (702861 4273545)","1382","10215",CENTROS ESPECIALIZADOS DE ATENCIÓN A LOS MAYORES,CEAM CASTALLA,"0",GENERALITAT VALENCIANA,RIO VINALOPO S/N,Entidad Propia,"03053",Alacant/Alicante,l'Alcoià,Castalla,PERSONAS MAYORES,PERSONAS MAYORES,"9859",CEAM_CASTALLA@GVA.ES,"966560787",2007-12-31 00:00:00,"702861","4273545"
"POINT (749627 4419434)","1383","10216",CENTROS ESPECIALIZADOS DE ATENCIÓN A LOS MAYORES,CEAM BURRIANA,"0",GENERALITAT VALENCIANA,"C/ AUSIAS MARCH, 12",Entidad Propia,"12032",Castelló/Castellón,la Plana Baixa,Borriana/Burriana,PERSONAS MAYORES,PERSONAS MAYORES,"34643",CEAM_BURRIANA@GVA.ES,"964334090",2007-12-31 00:00:00,"749627","4419434"
"POINT (715770 4341884)","1384","10218",CENTROS DE DÍA DE PERSONAS MAYORES DEPENDIENTES,"CENTRO DE DIA P.M.D. "" L' ALCUDIA""","50",GENERALITAT VALENCIANA,"C/ MAGUNCIA Y BOLLENE, S/N",Entidad Propia,"46019",València/Valencia,la Ribera Alta,l'Alcúdia,PERSONAS MAYORES,PERSONAS MAYORES,"11820",direccion_cdalcudia@gva.es,"962540626",2008-12-31 00:00:00,"715770","4341884"
"POINT (712905 4345128)","1385","10221",CENTROS DE DÍA DE PERSONAS MAYORES DEPENDIENTES,"CENTRO DE DIA P.M.D. ""CARLET""","40",INSTITUTO VALENCIANO DE SERVICIOS SOCIALES,"CAMINO DE LOS DEPOSITOS, 32",Entidad Propia,"46085",València/Valencia,la Ribera Alta,Carlet,PERSONAS MAYORES,PERSONAS MAYORES,"15384",IVAS_CARLET@GVA.ES,"962718734",2008-12-31 00:00:00,"712905","4345128"
"POINT (701074 4373188)","1386","10222",RESIDENCIA DE PERSONAS CON DISCAPACIDAD O DIVERSIDAD FUNCIONAL,"RESIDENCIA ""LA HUMANITAT""","60",INSTITUTO VALENCIANO DE SERVICIOS SOCIALES,"PARTIDA DEL PINO BLAY, S/N",Entidad Propia,"46109",València/Valencia,La Hoya de Buñol,Cheste,PERSONAS CON DISCAPACIDAD,PERSONAS CON DISCAPACIDAD,"8471",IVAS_HUMANITAT@GVA.ES,"962514140",1986-12-31 00:00:00,"701074","4373188"
"POINT (727737 4371927)","1387","10224",VIVIENDA SUPERVISADA PARA PERSONAS CON DISCAPACIDAD INTELECTUAL PARA LA PROMOCIÓN DE LA AUTONOMÍA Y EL FOMENTO DEL APRENDIZAJE DE LAS ACTIVIDADES DE LA VIDA DIARIA,VIVIENDA TUTELADA ABEN AL ABBAD,"4",INSTITUTO VALENCIANO DE SERVICIOS SOCIALES,"C/ ABEN AL ABBAD, 6, PTA 21",Entidad Propia,"46250",València/Valencia,València,València,PERSONAS CON DISCAPACIDAD,PERSONAS CON DISCAPACIDAD,"790201",LOPEZ_MANSER@GVA.ES,"961228227",2009-12-31 00:00:00,"727737","4371927"
"POINT (727768 4371835)","1388","10226",VIVIENDA SUPERVISADA PARA PERSONAS CON DISCAPACIDAD INTELECTUAL PARA LA PROMOCIÓN DE LA AUTONOMÍA Y EL FOMENTO DEL APRENDIZAJE DE LAS ACTIVIDADES DE LA VIDA DIARIA,VIVIENDA TUTELADA PUERTO 81,"4",INSTITUTO VALENCIANO DE SERVICIOS SOCIALES,"AVDA EL PUERTO, 81, PTA 20",Entidad Propia,"46250",València/Valencia,València,València,PERSONAS CON DISCAPACIDAD,PERSONAS CON DISCAPACIDAD,"790201",LOPEZ_MANSER@GVA.ES,"961474082",2009-12-31 00:00:00,"727768","4371835"
"POINT (737398 4338173)","1389","10227",CENTRO DE DÍA PARA PERSONAS CON DISCAPACIDAD O DIVERSIDAD FUNCIONAL,"CENTRO DE DIA DE DISCAPACITADOS PSÍQUICOS ""MARE DE DEU DEL CASTELL""","20",INSTITUTO VALENCIANO DE SERVICIOS SOCIALES,C/ COLON Y P. ANTONIO BERENGUER S/N,Entidad Propia,"46105",València/Valencia,la Ribera Baixa,Cullera,PERSONAS CON DISCAPACIDAD,PERSONAS CON DISCAPACIDAD,"22139",zero@gva.es,"961721423",2008-12-31 00:00:00,"737398","4338173"
"POINT (737287 4338111)","1390","10228",CENTRO OCUPACIONAL PARA PERSONAS CON DISCAPACIDAD O DIVERSIDAD FUNCIONAL,"CENTRO OCUPACIONAL DISCAPACITADOS PSÍQUICOS ""MARE DE DEU DEL CASTELL""","50",INSTITUTO VALENCIANO DE SERVICIOS SOCIALES,C/ COLON Y P. ANTONIO BERENGUER 15,Entidad Propia,"46105",València/Valencia,la Ribera Baixa,Cullera,PERSONAS CON DISCAPACIDAD,PERSONAS CON DISCAPACIDAD,"22139",IVAS_CULLERA@GVA.ES,"961721423",2008-12-31 00:00:00,"737287","4338111"
"POINT (722744 4378742)","1391","10229",VIVIENDA SUPERVISADA PARA PERSONAS CON DISCAPACIDAD INTELECTUAL,VIVIENDA TUTELADA ROCAFORT,"10",INSTITUTO VALENCIANO DE SERVICIOS SOCIALES,"AVDA DOCTOR EUGENIO LOPEZ TRIGO, 8",Entidad Propia,"46216",València/Valencia,l'Horta Nord,Rocafort,PERSONAS CON DISCAPACIDAD,PERSONAS CON DISCAPACIDAD,"6940",LOPEZ_MANSER@GVA.ES,"961310118",2009-12-31 00:00:00,"722744","4378742"
"POINT (692951 4259875)","1392","10231",CENTROS DE DÍA DE PERSONAS MAYORES DEPENDIENTES,CENTRO DE DIA P.M.D. DE ELDA,"50",GENERALITAT VALENCIANA,MEDICO JOSE FERREIRA QUINTANA S/N,Entidad Propia,"03066",Alacant/Alicante,el Vinalopó Mitjà/El Vinalopó Medio,Elda,PERSONAS MAYORES,PERSONAS MAYORES,"52745",cd_elda@gva.es,"965390921",2011-12-31 00:00:00,"692951","4259875"
"POINT (745289 4427213)","1393","10232",CENTRO DE DÍA PARA PERSONAS CON DISCAPACIDAD O DIVERSIDAD FUNCIONAL,CENTRO DE DIA VILA-REAL,"40",GENERALITAT VALENCIANA,"CARRETERA DE ONDA, 4",Entidad Propia,"12135",Castelló/Castellón,la Plana Baixa,Vila-real,PERSONAS CON DISCAPACIDAD,PERSONAS CON DISCAPACIDAD,"50252",RDPVILAREAL@GMAIL.COM,"964534112",2011-12-31 00:00:00,"745289","4427213"
"POINT (751665 4429621)","1394","10233",CENTRO DE DÍA PARA PERSONAS CON DISCAPACIDAD O DIVERSIDAD FUNCIONAL,CENTRO DE ATENCIÓN ESPECIAL PARA PERSONAS EN SITUACIÓN DE DEPENDENCIA GRAN VIA,"24",GENERALITAT VALENCIANA,"AVDA TARREGA MONTEBLANCO, 43",Entidad Propia,"12040",Castelló/Castellón,la Plana Alta,Castelló de la Plana,PERSONAS CON DISCAPACIDAD,PERSONAS CON DISCAPACIDAD,"170990",DIRECCION_GRANVIA@GVA.ES,"964219101",2012-12-31 00:00:00,"751665","4429621"
"POINT (751665 4429621)","1395","10233",CENTRO DE DÍA PARA PERSONAS CON ENFERMEDAD MENTAL CRÓNICA,CENTRO DE ATENCIÓN ESPECIAL PARA PERSONAS EN SITUACIÓN DE DEPENDENCIA GRAN VIA,"40",GENERALITAT VALENCIANA,"AVDA TARREGA MONTEBLANCO, 43",Entidad Propia,"12040",Castelló/Castellón,la Plana Alta,Castelló de la Plana,PERSONAS CON ENFERMEDAD MENTAL,PERSONAS CON ENFERMEDAD MENTAL,"170990",DIRECCION_GRANVIA@GVA.ES,"964219101",2012-12-31 00:00:00,"751665","4429621"
"POINT (751665 4429621)","1396","10233",CENTRO DE REHABILITACIÓN E INTEGRACIÓN SOCIAL PARA ENFERMOS MENTALES CRÓNICOS,CENTRO DE ATENCIÓN ESPECIAL PARA PERSONAS EN SITUACIÓN DE DEPENDENCIA GRAN VIA,"70",GENERALITAT VALENCIANA,"AVDA TARREGA MONTEBLANCO, 43",Entidad Propia,"12040",Castelló/Castellón,la Plana Alta,Castelló de la Plana,PERSONAS CON ENFERMEDAD MENTAL,PERSONAS CON ENFERMEDAD MENTAL,"170990",DIRECCION_GRANVIA@GVA.ES,"964219101",2012-12-31 00:00:00,"751665","4429621"
"POINT (751665 4429621)","1397","10233",CENTRO ESPECÍFICO PARA ENFERMOS MENTALES CRÓNICOS (CEEM),CENTRO DE ATENCIÓN ESPECIAL PARA PERSONAS EN SITUACIÓN DE DEPENDENCIA GRAN VIA,"40",GENERALITAT VALENCIANA,"AVDA TARREGA MONTEBLANCO, 43",Entidad Propia,"12040",Castelló/Castellón,la Plana Alta,Castelló de la Plana,PERSONAS CON ENFERMEDAD MENTAL,PERSONAS CON ENFERMEDAD MENTAL,"170990",DIRECCION_GRANVIA@GVA.ES,"964219101",2012-12-31 00:00:00,"751665","4429621"
"POINT (751665 4429621)","1398","10233",CENTROS DE DÍA DE PERSONAS MAYORES DEPENDIENTES,CENTRO DE ATENCIÓN ESPECIAL PARA PERSONAS EN SITUACIÓN DE DEPENDENCIA GRAN VIA,"33",GENERALITAT VALENCIANA,"AVDA TARREGA MONTEBLANCO, 43",Entidad Propia,"12040",Castelló/Castellón,la Plana Alta,Castelló de la Plana,PERSONAS MAYORES,PERSONAS MAYORES,"170990",DIRECCION_GRANVIA@GVA.ES,"964219101",2012-12-31 00:00:00,"751665","4429621"
"POINT (751665 4429621)","1399","10233",RESIDENCIA DE PERSONAS CON DISCAPACIDAD O DIVERSIDAD FUNCIONAL,CENTRO DE ATENCIÓN ESPECIAL PARA PERSONAS EN SITUACIÓN DE DEPENDENCIA GRAN VIA,"16",GENERALITAT VALENCIANA,"AVDA TARREGA MONTEBLANCO, 43",Entidad Propia,"12040",Castelló/Castellón,la Plana Alta,Castelló de la Plana,PERSONAS CON DISCAPACIDAD,PERSONAS CON DISCAPACIDAD,"170990",DIRECCION_GRANVIA@GVA.ES,"964219101",2012-12-31 00:00:00,"751665","4429621"
"POINT (751665 4429621)","1400","10233",RESIDENCIAS PARA PERSONAS MAYORES DEPENDIENTES,CENTRO DE ATENCIÓN ESPECIAL PARA PERSONAS EN SITUACIÓN DE DEPENDENCIA GRAN VIA,"17",GENERALITAT VALENCIANA,"AVDA TARREGA MONTEBLANCO, 43",Entidad Propia,"12040",Castelló/Castellón,la Plana Alta,Castelló de la Plana,PERSONAS MAYORES,PERSONAS MAYORES,"170990",DIRECCION_GRANVIA@GVA.ES,"964219101",2012-12-31 00:00:00,"751665","4429621"
"POINT (711273 4277768)","1401","10234",CENTROS DE DÍA DE PERSONAS MAYORES DEPENDIENTES,CENTRO DE DIA P.M.D. IBI,"40",GENERALITAT VALENCIANA,"Calle Joan Fuster, 1",Entidad Propia,"03079",Alacant/Alicante,l'Alcoià,Ibi,PERSONAS MAYORES,PERSONAS MAYORES,"23365",cd_ibi@gva.es,"965553505",2012-12-31 00:00:00,"711273","4277768"
"POINT (716816 4363758)","1402","10235",CENTRO OCUPACIONAL PARA PERSONAS CON DISCAPACIDAD O DIVERSIDAD FUNCIONAL,CENTRO OCUPACIONAL MARQUES DE DOS AGUAS,"70",GENERALITAT VALENCIANA,PARTIDA REALÓN PARCELA 288,Entidad Propia,"46194",València/Valencia,l'Horta Sud,Picassent,PERSONAS CON DISCAPACIDAD,PERSONAS CON DISCAPACIDAD,"20498",CAE_MARQUESDOSAGUAS@GVA.ES,"961251827",2012-12-31 00:00:00,"716816","4363758"
"POINT (716842 4363794)","1403","10236",CENTRO DE DÍA PARA PERSONAS CON DISCAPACIDAD O DIVERSIDAD FUNCIONAL,CENTRO DE DIA MARQUES DE DOS AGUAS,"40",GENERALITAT VALENCIANA,"PARTIDA REALÓN, PARCELA 288",Entidad Propia,"46194",València/Valencia,l'Horta Sud,Picassent,PERSONAS CON DISCAPACIDAD,PERSONAS CON DISCAPACIDAD,"20498",direccion_marquesdosaguas@gva.es,"961251827",2012-12-31 00:00:00,"716842","4363794"
"POINT (716856 4363774)","1404","10237",RESIDENCIA DE PERSONAS CON DISCAPACIDAD O DIVERSIDAD FUNCIONAL,RESIDENCIA MARQUES DE DOS AGUAS,"20",GENERALITAT VALENCIANA,"PARTIDA REALÓN, PARCELA 288",Entidad Propia,"46194",València/Valencia,l'Horta Sud,Picassent,PERSONAS CON DISCAPACIDAD,PERSONAS CON DISCAPACIDAD,"20498",direccion_marquesdosaguas@gva.es,"961251827",2012-12-31 00:00:00,"716856","4363774"
"POINT (714246 4317862)","1405","10238",RESIDENCIA DE PERSONAS CON DISCAPACIDAD O DIVERSIDAD FUNCIONAL,"RESIDENCIA PARA DISCAPACITADOS PSÍQUICOS ""CAIXA ONTINYENT""","40",INSTITUTO VALENCIANO DE SERVICIOS SOCIALES,"C/ FORN DEL VIDRE, S/N",Entidad Propia,"46145",València/Valencia,la Costera,Xàtiva,PERSONAS CON DISCAPACIDAD,PERSONAS CON DISCAPACIDAD,"28973",IVAS_CAIXAONTINYENT@GVA.ES,"962287727",2005-12-31 00:00:00,"714246","4317862"
"POINT (667681 4403509)","1406","10244",RESIDENCIAS PARA PERSONAS MAYORES DEPENDIENTES,RESIDENCIA Y CENTRO DE DÍA P.M.D. DE TUEJAR,"96",GENERALITAT VALENCIANA,C/ AVDA. DE LA CONSTITUCION Nº 34,Entidad Propia,"46247",València/Valencia,La Serranía,Tuéjar,PERSONAS MAYORES,PERSONAS MAYORES,"1193",RTE_TUEJAR@GVA.ES,"963428500",2014-12-31 00:00:00,"667681","4403509"
"POINT (760366 4438277)","1407","10245",CENTRO ESPECÍFICO PARA ENFERMOS MENTALES CRÓNICOS (CEEM),C.E.E.M. LA BARTOLA,"26",GENERALITAT VALENCIANA,"CTRA DEL DESIERTO DE LAS PALMAS, KM. 7,9",Entidad Propia,"12028",Castelló/Castellón,la Plana Alta,Benicàssim/Benicasim,PERSONAS CON ENFERMEDAD MENTAL,PERSONAS CON ENFERMEDAD MENTAL,"17957",zero@gva.es,"964091328",2015-12-31 00:00:00,"760366","4438277"
"POINT (695350 4305424)","1408","10246",CENTRO OCUPACIONAL PARA PERSONAS CON DISCAPACIDAD O DIVERSIDAD FUNCIONAL,"CENTRO OCUPACIONAL ""MOIXENT""","52",GENERALITAT VALENCIANA,"CALLE CARLOS MAS, 18",Entidad Propia,"46170",València/Valencia,la Costera,Moixent/Mogente,PERSONAS CON DISCAPACIDAD,PERSONAS CON DISCAPACIDAD,"4378",CBLASCO@EULEN.COM,"964355427",2015-03-23 00:00:00,"695350","4305424"
"POINT (705879 4300625)","1409","10247",RESIDENCIA DE PERSONAS CON DISCAPACIDAD O DIVERSIDAD FUNCIONAL,RESIDENCIA CAIXA ONTINYENT,"40",INSTITUTO VALENCIANO DE SERVICIOS SOCIALES,"CARRETERA DE MOIXENT, KM.1",Entidad Propia,"46184",València/Valencia,la Vall d'Albaida,Ontinyent,PERSONAS CON DISCAPACIDAD,PERSONAS CON DISCAPACIDAD,"35534",zero@gva.es,"0",2017-12-31 00:00:00,"705879","4300625"
"POINT (766741 4301716)","1410","10248",CENTRO DE DÍA PARA PERSONAS CON DISCAPACIDAD O DIVERSIDAD FUNCIONAL,CENTRO DE DIA LA XARA,"40",GENERALITAT VALENCIANA,PARTIDA BENIMAQUÍA 14,Entidad Propia,"03063",Alacant/Alicante,la Marina Alta,Dénia,PERSONAS CON DISCAPACIDAD,PERSONAS CON DISCAPACIDAD,"41465",zero@gva.es,"965787017",2018-12-31 00:00:00,"766741","4301716"
"POINT (740760 4455634)","1411","10264",CENTROS DE DÍA DE PERSONAS MAYORES DEPENDIENTES,CENTRO DE DIA P.M.D. DE ATZENETA,"30",GENERALITAT VALENCIANA,C/ ENRIC BANYULS S/N,Entidad Propia,"12001",Castelló/Castellón,l'Alt Maestrat,Atzeneta del Maestrat,PERSONAS MAYORES,PERSONAS MAYORES,"1286",CD_ATZENETA@GVA.ES,"974376390",2019-09-16 00:00:00,"740760","4455634"
"POINT (729400 4383884)","1412","11002",VIVIENDA ASISTIDA PARA PERSONAS CON ENFERMEDAD MENTAL CRÓNICA,VIVIENDA TUTELADA NOVAEDAT MASSAMAGRELL,"7",NOVAEDAT BENESTAR SLU,"avenida MAYOR, 137",Entidad Privada,"46164",València/Valencia,l'Horta Nord,Massamagrell,PERSONAS CON ENFERMEDAD MENTAL,PERSONAS CON ENFERMEDAD MENTAL,"15574",MTURRO@NOVAEDAT.ES,"607571520",2020-11-05 00:00:00,"729400","4383884"
"POINT (744301 4317457)","1413","11003",VIVIENDA SUPERVISADA PARA PERSONAS CON ENFERMEDAD MENTAL CRÓNICA PARA LA PROMOCIÓN DE LA AUTONOMÍA Y EL FOMENTO DEL APRENDIZAJE DE LAS ACTIVIDADES DE LA VIDA DIARIA,VIVIENDA SUPERVISADA ATENEA,"7",CEEM-XERACO S.L.,"calle TIRSO DE MOLINA, 28",Entidad Privada,"46131",València/Valencia,la Safor,Gandia,PERSONAS CON ENFERMEDAD MENTAL,PERSONAS CON ENFERMEDAD MENTAL,"74814",inma@ceemxeraco.com,"696945741",2020-11-05 00:00:00,"744301","4317457"
"POINT (719454 4250472)","1414","11004",VIVIENDA SUPERVISADA PARA PERSONAS CON ENFERMEDAD MENTAL CRÓNICA PARA LA PROMOCIÓN DE LA AUTONOMÍA Y EL FOMENTO DEL APRENDIZAJE DE LAS ACTIVIDADES DE LA VIDA DIARIA,Vivienda Tutelada  CIUDAD JARDIN,"5",INTEGRA MENT S.L.,"plaza dr Gascuñana, 10",Entidad Privada,"03014",Alacant/Alicante,l'Alacantí,Alacant/Alicante,PERSONAS CON ENFERMEDAD MENTAL,PERSONAS CON ENFERMEDAD MENTAL,"330525",integrament.info@gmail.com,"657181859",2020-11-06 00:00:00,"719454","4250472"
"POINT (743460 4316846)","1415","11005",VIVIENDA ASISTIDA PARA PERSONAS CON ENFERMEDAD MENTAL CRÓNICA,Vivienda Asistida Passeig-Gandia,"7","COMBOIAR, SOCIEDAD LIMITADA",PASEO GERMANIAS 84- 2º PISO PUERTA 4,Entidad Privada,"46131",València/Valencia,la Safor,Gandia,PERSONAS CON ENFERMEDAD MENTAL,PERSONAS CON ENFERMEDAD MENTAL,"74814",enricblay@gmail.com,"619261321",2020-11-16 00:00:00,"743460","4316846"
"POINT (752348 4430708)","1416","11006",VIVIENDA ASISTIDA PARA PERSONAS CON ENFERMEDAD MENTAL CRÓNICA,VIVIENDA TUTELADA PASSEIG RIBALTA,"7",INTEGRA MENT S.L.,"paseo RIBALTA 18, PISO 1, PUERTA A",Entidad Privada,"12040",Castelló/Castellón,la Plana Alta,Castelló de la Plana,PERSONAS CON ENFERMEDAD MENTAL,PERSONAS CON ENFERMEDAD MENTAL,"170990",integrament.info@gmail.com,"619261321",2020-11-12 00:00:00,"752348","4430708"
"POINT (721726 4371190)","1417","11007",VIVIENDA SUPERVISADA PARA PERSONAS CON ENFERMEDAD MENTAL CRÓNICA PARA LA PROMOCIÓN DE LA AUTONOMÍA Y EL FOMENTO DEL APRENDIZAJE DE LAS ACTIVIDADES DE LA VIDA DIARIA,VIVIENDA TUTELADA NOVAEDAT XIRIVELLA,"7",NOVAEDAT BENESTAR SLU,"calle Levante U.D., 25",Entidad Privada,"46110",València/Valencia,l'Horta Sud,Xirivella,PERSONAS CON ENFERMEDAD MENTAL,PERSONAS CON ENFERMEDAD MENTAL,"28771",MTURRO@NOVAEDAT.ES,"963393090",2020-11-27 00:00:00,"721726","4371190"
"POINT (729312 4383702)","1418","11008",VIVIENDA SUPERVISADA PARA PERSONAS CON ENFERMEDAD MENTAL CRÓNICA PARA LA PROMOCIÓN DE LA AUTONOMÍA Y EL FOMENTO DEL APRENDIZAJE DE LAS ACTIVIDADES DE LA VIDA DIARIA,VIVIENDA TUTELADA NOVAEDAT MASSAMAGRELL MAJOR A,"7",NOVAEDAT BENESTAR SLU,"avenida MAYOR, 87",Entidad Privada,"46164",València/Valencia,l'Horta Nord,Massamagrell,PERSONAS CON ENFERMEDAD MENTAL,PERSONAS CON ENFERMEDAD MENTAL,"15574",MTURRO@NOVAEDAT.ES,"607571520",2020-12-01 00:00:00,"729312","4383702"
"POINT (685756 4278080)","1419","11009",VIVIENDA SUPERVISADA PARA PERSONAS CON ENFERMEDAD MENTAL CRÓNICA,VIVIENDA TUTELADA 3,"5",FUNDACION SANAMENTE DE LA COMUNIDAD VALENCIANA,"calle Cánovas del Castillo, 13 7º",Entidad Privada,"03140",Alacant/Alicante,l’Alt Vinalopó/El Alto Vinalopó,Villena,PERSONAS CON ENFERMEDAD MENTAL,PERSONAS CON ENFERMEDAD MENTAL,"34163",FUNDACION@SANAMENTE.INFO,"965808194",2021-02-16 00:00:00,"685756","4278080"
"POINT (710993 4277716)","1420","11010",VIVIENDA SUPERVISADA PARA PERSONAS CON DISCAPACIDAD INTELECTUAL PARA LA PROMOCIÓN DE LA AUTONOMÍA Y EL FOMENTO DEL APRENDIZAJE DE LAS ACTIVIDADES DE LA VIDA DIARIA,VIVIENDA TUTELADA SUPERVISADA SANTA LUCÍA,"5",ASOCIACION COMARCAL DE PERSONAS CON DISCAPACIDAD INTELECTUAL,"calle Salvador, 19",Entidad Privada,"03079",Alacant/Alicante,l'Alcoià,Ibi,PERSONAS CON DISCAPACIDAD,PERSONAS CON DISCAPACIDAD,"23365",COSANPASCUAL@HOTMAIL.COM,"664224664",2021-02-26 00:00:00,"710993","4277716"
"POINT (724817 4372389)","1421","11011",VIVIENDA SUPERVISADA PARA PERSONAS CON DISCAPACIDAD INTELECTUAL,VIVIENDA TUTELADA NUEVA TURIA II,"7",ASOC. VALENCIANA PRO-PERSONAS CON DISCAPACIDAD PSIQUICA,"Gran Vía Fernándo el Católico, 31",Entidad Privada,"46250",València/Valencia,València,València,PERSONAS CON DISCAPACIDAD,PERSONAS CON DISCAPACIDAD,"790201",ASPROSERVIS@ASPRONA.ES,"615565762",2021-03-30 00:00:00,"724817","4372389"
"POINT (737569 4412306)","1422","11012",VIVIENDA SUPERVISADA PARA PERSONAS CON ENFERMEDAD MENTAL CRÓNICA,VIVIENDA SUPERVISADA LA VALL D'UIXÓ,"7",FUNDACION MANANTIAL,"calle CLAVELES, 1",Entidad Privada,"12126",Castelló/Castellón,la Plana Baixa,la Vall d'Uixó,PERSONAS CON ENFERMEDAD MENTAL,PERSONAS CON ENFERMEDAD MENTAL,"31819",MANANTIAL@FUNDACIONMANANTIAL.ORG,"913717292",2021-03-31 00:00:00,"737569","4412306"
"POINT (720816 4378208)","1423","11013",VIVIENDA SUPERVISADA PARA PERSONAS CON ENFERMEDAD MENTAL CRÓNICA PARA LA PROMOCIÓN DE LA AUTONOMÍA Y EL FOMENTO DEL APRENDIZAJE DE LAS ACTIVIDADES DE LA VIDA DIARIA,VIVIENDA SUPERVISADA LA LLUM,"7",VIVIENDA SUPERVISADA LA LLUMCOOP.V.,"calle Serra de Javalambre, 31",Entidad Privada,"46190",València/Valencia,l'Horta Nord,Paterna,PERSONAS CON ENFERMEDAD MENTAL,PERSONAS CON ENFERMEDAD MENTAL,"67854",VIVIENDALALLUM@GMAIL.COM,"655546207",2021-04-01 00:00:00,"720816","4378208"
"POINT (719317 4250274)","1424","11014",VIVIENDAS TUTELADAS,ASTI-ALICANTE,"6",ASOCIACION DE SOLIDARIDAD CON LOS TRABAJADORES INMIGRANTES (ASTI-ALICANTE),"calle MUSICO ALFOSEA, 10",Entidad Privada,"03014",Alacant/Alicante,l'Alacantí,Alacant/Alicante,PERSONAS MIGRANTES,PERSONAS MIGRANTES,"330525",NACHO@ASTI-ALICANTE.ORG,"965128284",2021-04-22 00:00:00,"719317","4250274"
"POINT (729135 4371145)","1425","11015",CENTROS DE ATENCIÓN TEMPRANA (CAT),CENTRO DE ATENCIÓN TEMPRANA EL GRAO HERMANAS HOSPITALARIAS,"55",FUNDACION HOSPITALARIAS,Calle Mendez Nuñez 40,Entidad Privada,"46250",València/Valencia,València,València,PERSONAS CON DISCAPACIDAD,PERSONAS CON DISCAPACIDAD,"790201",zero@gva.es,"963712211",2021-05-07 00:00:00,"729135","4371145"
"POINT (718290 4246626)","1426","11016",VIVIENDA SUPERVISADA PARA PERSONAS CON ENFERMEDAD MENTAL CRÓNICA PARA LA PROMOCIÓN DE LA AUTONOMÍA Y EL FOMENTO DEL APRENDIZAJE DE LAS ACTIVIDADES DE LA VIDA DIARIA,VIVIENDA SUPERVISADA KENTO II,"5",FUNDACIÓN SALUD Y COMUNIDAD,"Calle SANTA MARIA MAZZARELLO, 5, 4º D",Entidad Privada,"03014",Alacant/Alicante,l'Alacantí,Alacant/Alicante,PERSONAS CON ENFERMEDAD MENTAL,PERSONAS CON ENFERMEDAD MENTAL,"330525",esther.molinero@fsyc.org,"965299118",2021-05-11 00:00:00,"718290","4246626"
"POINT (738458 4393806)","1427","11017",VIVIENDA SUPERVISADA PARA PERSONAS CON ENFERMEDAD MENTAL CRÓNICA PARA LA PROMOCIÓN DE LA AUTONOMÍA Y EL FOMENTO DEL APRENDIZAJE DE LAS ACTIVIDADES DE LA VIDA DIARIA,VIVIENDA TUTELADA NOVAEDAT PUERTO DE SAGUNTO 2,"7",NOVAEDAT BENESTAR SLU,"calle SEGORBE, 52",Entidad Privada,"46220",València/Valencia,el Camp de Morvedre,Sagunt/Sagunto,PERSONAS CON ENFERMEDAD MENTAL,PERSONAS CON ENFERMEDAD MENTAL,"64439",MTURRO@NOVAEDAT.ES,"963393090",2021-05-21 00:00:00,"738458","4393806"
"POINT (716392 4252768)","1428","11018",VIVIENDA SUPERVISADA PARA PERSONAS CON ENFERMEDAD MENTAL CRÓNICA PARA LA PROMOCIÓN DE LA AUTONOMÍA Y EL FOMENTO DEL APRENDIZAJE DE LAS ACTIVIDADES DE LA VIDA DIARIA,MENTALIA CASTELAR I,"7",CASTA SALUD S.L.U.,"avenida ANCHA DE CASTELAR, 50",Entidad Privada,"03122",Alacant/Alicante,l'Alacantí,Sant Vicent del Raspeig/San Vicente del Raspeig,PERSONAS CON ENFERMEDAD MENTAL,PERSONAS CON ENFERMEDAD MENTAL,"56715",DIRECCION@MENTALIAPUERTO.COM,"963301291",2021-05-25 00:00:00,"716392","4252768"
"POINT (724278 4372904)","1429","11019",CENTROS DE DÍA DE PERSONAS MAYORES DEPENDIENTES,CENTRO DE DÍA SAYCA GERIATRÍA,"60","SAYCA GERIATRIA, SL","paseo PASEO DE LA PECHINA, 36",Entidad Privada,"46250",València/Valencia,València,València,PERSONAS MAYORES,PERSONAS MAYORES,"790201",SAYCA2508@GMAIL.COM,"961810585",2021-05-27 00:00:00,"724278","4372904"
"POINT (753272 4431278)","1430","11020",RESIDENCIAS PARA PERSONAS MAYORES DEPENDIENTES,BOUCO CASTELLÓN,"150",RESIDENCIAL SENIOR 2000 S.L.,"calle JUAN BAUTISTA PALOMO MARTI, 31",Entidad Privada,"12040",Castelló/Castellón,la Plana Alta,Castelló de la Plana,PERSONAS MAYORES,PERSONAS MAYORES,"170990",,"964880262",2021-05-27 00:00:00,"753272","4431278"
"POINT (709528 4349826)","1431","11021",CENTROS DE DÍA DE PERSONAS MAYORES DEPENDIENTES,DEPÉN DE TU CATADAU,"25",ASOCIACION DE ATENCION A FAMILIAS CON PERSONAS DEPENDIENTES DEPEN DE TU,"calle Juan XXIII, 18",Entidad Privada,"46093",València/Valencia,la Ribera Alta,Catadau,PERSONAS MAYORES,PERSONAS MAYORES,"2737",zero@gva.es,"962990195",2021-05-28 00:00:00,"709528","4349826"
"POINT (723956 4367243)","1432","11023",VIVIENDA SUPERVISADA PARA PERSONAS CON DISCAPACIDAD INTELECTUAL,Vivienda Tutelada Lluerna,"5","Mistral Acció Social, Coop. V.",Ramón y Cajal nº7,Entidad Privada,"46054",València/Valencia,l'Horta Sud,Benetússer,PERSONAS CON DISCAPACIDAD,PERSONAS CON DISCAPACIDAD,"14505",mistralcoopv@gmail.com,"747481109",2021-06-11 00:00:00,"723956","4367243"
"POINT (793010 4485616)","1433","11024",RESIDENCIAS PARA PERSONAS MAYORES DEPENDIENTES,RPMD RESIDÈNCIA L'ONADA,"145",AJUNTAMENT DE VINAROS,"avenida GIL DE ATROCILLO, 11",Entidad Local,"12138",Castelló/Castellón,el Baix Maestrat,Vinaròs,PERSONAS MAYORES,PERSONAS MAYORES,"28290",zero@gva.es,96 486 79 22,2021-06-14 00:00:00,"793010","4485616"
"POINT (692783 4225500)","1434","11025",RESIDENCIA DE PERSONAS CON DISCAPACIDAD O DIVERSIDAD FUNCIONAL,CENTRO CASAVERDE VILLA DE CATRAL,"60","INSTITUTO GERIATRICO MEDITERRANEO, S.L.","Calle Alicante, esquina con Calle Palmera s/n",Entidad Privada,"03055",Alacant/Alicante,el Baix Segura/La Vega Baja,Catral,PERSONAS CON DISCAPACIDAD,PERSONAS CON DISCAPACIDAD,"8551",direccion.domicilio@grupocasaverde.com,"965929161",2021-06-21 00:00:00,"692783","4225500"
"POINT (714548 4318563)","1435","11026",VIVIENDA SUPERVISADA PARA PERSONAS CON ENFERMEDAD MENTAL CRÓNICA,vivienda tutelada ACOFEM-13,"6",FAMILIARES DE ENFERMOS MENT. LA COSTERA AREA 13,"calle PASAJE DEL LEON ESCALERA A, 1º PTA 2",Entidad Privada,"46145",València/Valencia,la Costera,Xàtiva,PERSONAS CON ENFERMEDAD MENTAL,PERSONAS CON ENFERMEDAD MENTAL,"28973",ACOFEM13@HOTMAIL.COM,"627828740",2021-07-05 00:00:00,"714548","4318563"
"POINT (753052 4430104)","1436","11027",VIVIENDA SUPERVISADA PARA PERSONAS CON ENFERMEDAD MENTAL CRÓNICA PARA LA PROMOCIÓN DE LA AUTONOMÍA Y EL FOMENTO DEL APRENDIZAJE DE LAS ACTIVIDADES DE LA VIDA DIARIA,VIVIENDA TUTELADA LUIS VIVES,"7","SensumVita, Apoyamos tus Fortalezas","calle Luis Vives, 10",Entidad Privada,"12040",Castelló/Castellón,la Plana Alta,Castelló de la Plana,PERSONAS CON ENFERMEDAD MENTAL,PERSONAS CON ENFERMEDAD MENTAL,"170990",sensumvita@gmail.com,"645379094",2021-07-12 00:00:00,"753052","4430104"
"POINT (716394 4252769)","1437","11028",VIVIENDA SUPERVISADA PARA PERSONAS CON ENFERMEDAD MENTAL CRÓNICA PARA LA PROMOCIÓN DE LA AUTONOMÍA Y EL FOMENTO DEL APRENDIZAJE DE LAS ACTIVIDADES DE LA VIDA DIARIA,MENTALIA CASTELAR II,"7",CASTA SALUD S.L.U.,"avenida Ancha de Castelar, 50",Entidad Privada,"03122",Alacant/Alicante,l'Alacantí,Sant Vicent del Raspeig/San Vicente del Raspeig,PERSONAS CON ENFERMEDAD MENTAL,PERSONAS CON ENFERMEDAD MENTAL,"56715",DIRECCION@MENTALIAPUERTO.COM,"963301291",2021-07-16 00:00:00,"716394","4252769"
"POINT (717918 4371063)","1438","11029",CENTROS DE ATENCIÓN TEMPRANA (CAT),CENTRO DE ATENCIÓN TEMPRANA FEVADIS,"70","FEVADIS, FEDERACION VALENCIANA DE DISCAPACITADOS PSÍQUICOS","calle TEROL, 3",Entidad Privada,"46021",València/Valencia,l'Horta Sud,Aldaia,PERSONAS CON DISCAPACIDAD,PERSONAS CON DISCAPACIDAD,"31246",SECRETARIO.FEVADIS@GMAIL.COM,"617362566",2021-07-20 00:00:00,"717918","4371063"
"POINT (723359 4372044)","1439","11037",VIVIENDA SUPERVISADA PARA PERSONAS CON ENFERMEDAD MENTAL CRÓNICA,VIVIENDA TUTELADA CID,"4",ANIMUS SANS SERVICIOS ASISTENCIALES,"Avenida del Cid n º 55, Escalera 1, Planta 1, Puerta 7",Entidad Privada,"46250",València/Valencia,València,València,PERSONAS CON ENFERMEDAD MENTAL,PERSONAS CON ENFERMEDAD MENTAL,"790201",animussans@hotmail.com,"695934878",2021-09-24 00:00:00,"723359","4372044"
"POINT (724180 4375152)","1440","11043",CENTROS DE DÍA DE PERSONAS MAYORES DEPENDIENTES,Centro de Día Entreabrazos,"39",CLAUMEO S.L.,"calle Manuel Melia i Fuster, 1 Local 3",Entidad Privada,"46250",València/Valencia,València,València,PERSONAS MAYORES,PERSONAS MAYORES,"790201",cdentreabrazos@gmail.com,"633424219",2021-10-08 00:00:00,"724180","4375152"
"POINT (718917 4248808)","1441","11045",VIVIENDAS TUTELADAS,ACCEM- Vivienda de Acogida Temporal Gadea,"6",ACCEM,"Calle Gadea n.º 9, planta 4, puerta F",Entidad Privada,"03014",Alacant/Alicante,l'Alacantí,Alacant/Alicante,PERSONAS MIGRANTES,PERSONAS MIGRANTES,"330525",agomezc@accem.es,"963496977",2021-10-21 00:00:00,"718917","4248808"
"POINT (718036 4368338)","1442","11046",VIVIENDAS TUTELADAS,València Inclou Torrent 1,"8",FUNDACION AMIGO,"calle Ramón y Cajal, 9, 2 -4",Entidad Privada,"46244",València/Valencia,l'Horta Sud,Torrent,POBLACIÓN EN GENERAL Y COLECTIVOS SOCIALMENTE DESFAVORECIDOS,POBLACIÓN EN GENERAL Y COLECTIVOS SOCIALMENTE DESFAVORECIDOS,"80762",FUNDACION@PROYECTOAMIGO.ORG,"654586075",2021-10-21 00:00:00,"718036","4368338"
"POINT (717927 4367918)","1443","11047",VIVIENDAS TUTELADAS,València Inclou Torrent 2,"8",FUNDACION AMIGO,"calle Garbí, 24",Entidad Privada,"46244",València/Valencia,l'Horta Sud,Torrent,POBLACIÓN EN GENERAL Y COLECTIVOS SOCIALMENTE DESFAVORECIDOS,POBLACIÓN EN GENERAL Y COLECTIVOS SOCIALMENTE DESFAVORECIDOS,"80762",FUNDACION@PROYECTOAMIGO.ORG,"654586075",2021-10-21 00:00:00,"717927","4367918"
"POINT (723582 4372151)","1444","11051",VIVIENDAS TUTELADAS,Vivienda de Apoyo la Inclusión Social PALMER,"6",OBRA MERCEDARIA DE VALENCIA,"calle Mosen Jordi, 2",Entidad Privada,"46250",València/Valencia,València,València,PERSONAS MIGRANTES,PERSONAS MIGRANTES,"790201",gestion@omv.social,"657670702",2021-10-29 00:00:00,"723582","4372151"
"POINT (694715 4250245)","1445","11052",CENTROS DE ATENCIÓN TEMPRANA (CAT),CENTRO MUNICIPAL ATENCIÓN TEMPRANA,"35",AJUNTAMENT DE NOVELDA,"avenida REYES CATOLICOS, 102",Entidad Local,"03093",Alacant/Alicante,el Vinalopó Mitjà/El Vinalopó Medio,Novelda,PERSONAS CON DISCAPACIDAD,PERSONAS CON DISCAPACIDAD,"26054",omac@novelda.es,"965624694",2021-11-09 00:00:00,"694715","4250245"
"POINT (724969 4371427)","1446","11053",VIVIENDAS TUTELADAS,ACCEM- Vivienda de Acogida Temporal Maluquer,"6",ACCEM,"Calle Maluquer, n.º 5, escalera 1, planta 1ª, puerta 7",Entidad Privada,"46250",València/Valencia,València,València,PERSONAS MIGRANTES,PERSONAS MIGRANTES,"790201",agomezc@accem.es,"963496977",2021-11-04 00:00:00,"724969","4371427"
"POINT (752858 4430009)","1447","11054",VIVIENDAS TUTELADAS,ACCEM- Vivienda de Acogida Temporal Herrero,"7",ACCEM,"Calle Herrero, n.º 9, planta 5ª, puerta 9",Entidad Privada,"12040",Castelló/Castellón,la Plana Alta,Castelló de la Plana,PERSONAS MIGRANTES,PERSONAS MIGRANTES,"170990",agomezc@accem.es,"963496977",2021-11-04 00:00:00,"752858","4430009"
"POINT (724476 4370545)","1448","11055",VIVIENDAS TUTELADAS,ACCEM- Vivienda de Acogida Temporal Gaspar Aguilar,"6",ACCEM,"Av Gaspar Aguilar, n.º 63, planta 1ª, puerta 6",Entidad Privada,"46250",València/Valencia,València,València,PERSONAS MIGRANTES,PERSONAS MIGRANTES,"790201",agomezc@accem.es,"963496977",2021-11-04 00:00:00,"724476","4370545"
"POINT (724471 4371308)","1449","11056",VIVIENDAS TUTELADAS,ACCEM- Vivienda de Acogida Temporal Manuel Gago,"6",ACCEM,"Calle Dibujante Manuel Gago, n.º 6, planta 1ª, puerta 2,",Entidad Privada,"46250",València/Valencia,València,València,POBLACIÓN EN GENERAL Y COLECTIVOS SOCIALMENTE DESFAVORECIDOS,POBLACIÓN EN GENERAL Y COLECTIVOS SOCIALMENTE DESFAVORECIDOS,"790201",agomezc@accem.es,"963496977",2021-11-04 00:00:00,"724471","4371308"
"POINT (721572 4336899)","1450","11058",VIVIENDAS TUTELADAS,CENTRO V.I.A.S - ALBUIXARRES,"8",FUNDACION CEPAIM ACCION INTEGRAL CON MIGRANTES,"Calle Albuixares, 19 - ALZIRA",Entidad Privada,"46017",València/Valencia,la Ribera Alta,Alzira,POBLACIÓN EN GENERAL Y COLECTIVOS SOCIALMENTE DESFAVORECIDOS,POBLACIÓN EN GENERAL Y COLECTIVOS SOCIALMENTE DESFAVORECIDOS,"44488",,"670584028",2021-11-04 00:00:00,"721572","4336899"
"POINT (720044 4248360)","1451","11059",VIVIENDAS TUTELADAS,CENTRO V.I.A.S - GARBINET,"5",FUNDACION CEPAIM ACCION INTEGRAL CON MIGRANTES,"Calle Garbinet, 23 - 4ºB",Entidad Privada,"03014",Alacant/Alicante,l'Alacantí,Alacant/Alicante,POBLACIÓN EN GENERAL Y COLECTIVOS SOCIALMENTE DESFAVORECIDOS,POBLACIÓN EN GENERAL Y COLECTIVOS SOCIALMENTE DESFAVORECIDOS,"330525",,"637278693",2021-11-04 00:00:00,"720044","4248360"
"POINT (724793 4370626)","1452","11060",VIVIENDAS TUTELADAS,CENTRO V.I.A.S - TORREVIEJA,"6",FUNDACION CEPAIM ACCION INTEGRAL CON MIGRANTES,"calle Torrevieja, 2",Entidad Privada,"46250",València/Valencia,València,València,POBLACIÓN EN GENERAL Y COLECTIVOS SOCIALMENTE DESFAVORECIDOS,POBLACIÓN EN GENERAL Y COLECTIVOS SOCIALMENTE DESFAVORECIDOS,"790201",,"963925302",2021-11-04 00:00:00,"724793","4370626"
"POINT (725783 4374524)","1453","11061",VIVIENDAS TUTELADAS,Piso 1 Grupo Martes,"4",FUNDACIÓN FISAT SALESIANOS SOCIAL,"calle Sagunto, 193",Entidad Privada,"46250",València/Valencia,València,València,POBLACIÓN EN GENERAL Y COLECTIVOS SOCIALMENTE DESFAVORECIDOS,POBLACIÓN EN GENERAL Y COLECTIVOS SOCIALMENTE DESFAVORECIDOS,"790201",zero@gva.es,"600411660",2021-11-04 00:00:00,"725783","4374524"
"POINT (725658 4374639)","1454","11062",VIVIENDAS TUTELADAS,Piso 2 Grupo Martes,"4",FUNDACIÓN FISAT SALESIANOS SOCIAL,"avenida Peset Aleixandre 22, puerta 7",Entidad Privada,"46250",València/Valencia,València,València,POBLACIÓN EN GENERAL Y COLECTIVOS SOCIALMENTE DESFAVORECIDOS,POBLACIÓN EN GENERAL Y COLECTIVOS SOCIALMENTE DESFAVORECIDOS,"790201",zero@gva.es,"600411660",2021-11-04 00:00:00,"725658","4374639"
"POINT (725107 4374551)","1455","11063",VIVIENDAS TUTELADAS,Vivienda Housing Led I,"3",FUNDACION RAIS- RED DE APOYO A LA INSERCION SOCIOLABORAL,"avenida Joan XXIII, 10",Entidad Privada,"46250",València/Valencia,València,València,POBLACIÓN EN GENERAL Y COLECTIVOS SOCIALMENTE DESFAVORECIDOS,POBLACIÓN EN GENERAL Y COLECTIVOS SOCIALMENTE DESFAVORECIDOS,"790201",zero@gva.es,"661870070",2021-11-04 00:00:00,"725107","4374551"
"POINT (724460 4370645)","1456","11064",VIVIENDAS TUTELADAS,Vivienda Housing Led II,"4",FUNDACION RAIS- RED DE APOYO A LA INSERCION SOCIOLABORAL,"calle Jurado Blanquer, 5",Entidad Privada,"46250",València/Valencia,València,València,POBLACIÓN EN GENERAL Y COLECTIVOS SOCIALMENTE DESFAVORECIDOS,POBLACIÓN EN GENERAL Y COLECTIVOS SOCIALMENTE DESFAVORECIDOS,"790201",zero@gva.es,"661870070",2021-11-04 00:00:00,"724460","4370645"
"POINT (753190 4431122)","1457","11065",VIVIENDAS TUTELADAS,Alojamiento Alternativo Puente,"6",HIJAS DE LA CARIDAD DE SAN VICENTE PAUL PRO. PAMPLONA. CODAD EN OBRA SOCIAL MARILLAC,"calle JUAN DE LA CIERVA, 2- 3 DCHA",Entidad Privada,"12040",Castelló/Castellón,la Plana Alta,Castelló de la Plana,POBLACIÓN EN GENERAL Y COLECTIVOS SOCIALMENTE DESFAVORECIDOS,POBLACIÓN EN GENERAL Y COLECTIVOS SOCIALMENTE DESFAVORECIDOS,"170990",zero@gva.es,"602562252",2021-11-08 00:00:00,"753190","4431122"
"POINT (753189 4431121)","1458","11066",VIVIENDAS TUTELADAS,Alojamiento Alternativo Puente,"6",HIJAS DE LA CARIDAD DE SAN VICENTE PAUL PRO. PAMPLONA. CODAD EN OBRA SOCIAL MARILLAC,"calle JUAN DE LA CIERVA, 2 -6 DCHA",Entidad Privada,"12040",Castelló/Castellón,la Plana Alta,Castelló de la Plana,POBLACIÓN EN GENERAL Y COLECTIVOS SOCIALMENTE DESFAVORECIDOS,POBLACIÓN EN GENERAL Y COLECTIVOS SOCIALMENTE DESFAVORECIDOS,"170990",zero@gva.es,"602562252",2021-11-08 00:00:00,"753189","4431121"
"POINT (724041 4373625)","1459","11067",VIVIENDAS TUTELADAS,Campanar,"8",SERVICIO JESUITA DE MIGRANTES SJM - ESPAÑA,"avenida Metge Vicent Torrent, 3",Entidad Privada,"46250",València/Valencia,València,València,PERSONAS MIGRANTES,PERSONAS MIGRANTES,"790201",REDINTERCAMBIOS.VALENCIA@SJME.ORG,"693491142",2021-11-08 00:00:00,"724041","4373625"
"POINT (752907 4429740)","1460","11068",VIVIENDAS TUTELADAS,ACCEM - Vivienda de Acogida Temporal Buenos Casalduch,"6",ACCEM,"Avenida de Casalduch, n.º 36, planta 6ª, puerta 11",Entidad Privada,"12040",Castelló/Castellón,la Plana Alta,Castelló de la Plana,PERSONAS MIGRANTES,PERSONAS MIGRANTES,"170990",agomezc@accem.es,"963496977",2021-11-08 00:00:00,"752907","4429740"
"POINT (754127 4430891)","1461","11069",VIVIENDAS TUTELADAS,CALIU,"8",CASDA ASOCIACION CIUDADANA CONTRA EL SIDA DE CASTELLON,"calle KARL RAIMUND POPPER, 9 7º A",Entidad Privada,"12040",Castelló/Castellón,la Plana Alta,Castelló de la Plana,PERSONAS MIGRANTES,PERSONAS MIGRANTES,"170990",zero@gva.es,"964197264",2021-11-08 00:00:00,"754127","4430891"
"POINT (752666 4429910)","1462","11070",VIVIENDAS TUTELADAS,LA LLAR PRIMER - VIVIENDA 3,"3",FUNDACIÓN SALUD Y COMUNIDAD,"calle TRINIDAD, 122",Entidad Privada,"12040",Castelló/Castellón,la Plana Alta,Castelló de la Plana,POBLACIÓN EN GENERAL Y COLECTIVOS SOCIALMENTE DESFAVORECIDOS,POBLACIÓN EN GENERAL Y COLECTIVOS SOCIALMENTE DESFAVORECIDOS,"170990",esther.molinero@fsyc.org,"964215026",2021-11-08 00:00:00,"752666","4429910"
"POINT (744055 4316294)","1463","11071",VIVIENDAS TUTELADAS,Vivenda Tutelada Pis Mosaic,"6",ASSOCIACIÓ MOSAIC,"calle LEGIONARIO BERNABEU, 17, 4º, 8ª",Entidad Privada,"46131",València/Valencia,la Safor,Gandia,POBLACIÓN EN GENERAL Y COLECTIVOS SOCIALMENTE DESFAVORECIDOS,POBLACIÓN EN GENERAL Y COLECTIVOS SOCIALMENTE DESFAVORECIDOS,"74814",asociacionmosaic2015@gmail.com,"660235459",2021-11-08 00:00:00,"744055","4316294"
"POINT (718685 4286393)","1464","11072",CENTRO ESPECÍFICO PARA ENFERMOS MENTALES CRÓNICOS (CEEM),CEEM MOSSÈN CIRILO,"40",INSTITUTO VALENCIANO DE SERVICIOS SOCIALES,"calle Barranquet de Soler, 14",Entidad Propia,"03009",Alacant/Alicante,l'Alcoià,Alcoi/Alcoy,PERSONAS CON ENFERMEDAD MENTAL,PERSONAS CON ENFERMEDAD MENTAL,"59198",tordera_cridon@gva.es,"965693120",2021-11-09 00:00:00,"718685","4286393"
"POINT (725508 4374974)","1465","11073",VIVIENDAS TUTELADAS,RECURSO ALOJAMIENTO TEMPORAL,"4",VALENCIA ACOGE,"calle FELIPE RINALDI , 42 PTA 9, 42",Entidad Privada,"46250",València/Valencia,València,València,POBLACIÓN EN GENERAL Y COLECTIVOS SOCIALMENTE DESFAVORECIDOS,POBLACIÓN EN GENERAL Y COLECTIVOS SOCIALMENTE DESFAVORECIDOS,"790201",zero@gva.es,"675894743",2021-11-22 00:00:00,"725508","4374974"
"POINT (715447 4342206)","1466","11075",CENTRO OCUPACIONAL PARA PERSONAS CON DISCAPACIDAD O DIVERSIDAD FUNCIONAL,CENTRE OCUPACIONAL SENAD,"20",SOCIEDAD ESPAÑOLA DE NIÑOS Y ADOLESCENTES CON DISCAPACIDADES (SENAD),"calle PATRAIX, 24",Entidad Privada,"46019",València/Valencia,la Ribera Alta,l'Alcúdia,PERSONAS CON DISCAPACIDAD,PERSONAS CON DISCAPACIDAD,"11820",zero@gva.es,"657117360",2021-11-25 00:00:00,"715447","4342206"
"POINT (692485 4260885)","1467","11078",CENTROS DE ATENCIÓN TEMPRANA (CAT),CENTRO DE DESARROLLO INFANTIL Y ATENCIÓN TEMPRANA TU CASA DEL ARBOL,"35",AMFI ASOCIACIÓN PARA LA INTEGRACIÓN SOCIOLABORAL DE PERSONAS CON DISCAPACIDAD FÍSICA Y SENSORIAL,"C/ Padre Manjón, nº 27 bajo",Entidad Privada,"03066",Alacant/Alicante,el Vinalopó Mitjà/El Vinalopó Medio,Elda,PERSONAS CON DISCAPACIDAD,PERSONAS CON DISCAPACIDAD,"52745",zero@gva.es,"966981754",2021-12-22 00:00:00,"692485","4260885"
"POINT (729211 4313502)","1468","11079",CENTROS INTEGRALES DE MAYORES (CIMS) DE TITULARIDAD DE AYUNTAMIENTOS,CENTRE INTEGRAL DE MAJORS,"30",AJUNTAMENT DE LLUTXENT,SAN ANTONI,Entidad Local,"46150",València/Valencia,la Vall d'Albaida,Llutxent,PERSONAS MAYORES,PERSONAS MAYORES,"2402",zero@gva.es,"657957216",2022-01-19 00:00:00,"729211","4313502"
"POINT (725122 4372025)","1469","11080",VIVIENDA SUPERVISADA PARA PERSONAS CON DISCAPACIDAD INTELECTUAL,VIVIENDA TUTELADA VANNES II,"6",ASOC. VALENCIANA PRO-PERSONAS CON DISCAPACIDAD PSIQUICA,PLAZA VANNES 6 PUERTA 5,Entidad Privada,"46250",València/Valencia,València,València,PERSONAS CON DISCAPACIDAD,PERSONAS CON DISCAPACIDAD,"790201",ASPROSERVIS@ASPRONA.ES,"615565762",2022-01-27 00:00:00,"725122","4372025"
"POINT (708713 4379729)","1470","11082",CENTROS DE DÍA DE PERSONAS MAYORES DEPENDIENTES,BELLAR RIBA-ROJA,"100",ASOCIACION CAMP DE TURIA,CALLE CRISTO AFLIGIDO 76,Entidad Privada,"46214",València/Valencia,el Camp de Túria,Riba-roja de Túria,PERSONAS MAYORES,PERSONAS MAYORES,"21521",,"656555205",2022-03-07 00:00:00,"708713","4379729"
"POINT (692452 4225376)","1471","11083",RESIDENCIAS PARA PERSONAS MAYORES DEPENDIENTES,Centro Casaverde Villa de Catral de Personas Mayor,"136","INSTITUTO GERIATRICO MEDITERRANEO, S.L.",Calle Alicante esquina Calle La Palmera,Entidad Privada,"03055",Alacant/Alicante,el Baix Segura/La Vega Baja,Catral,PERSONAS MAYORES,PERSONAS MAYORES,"8551",SAD@GRUPOCASAVERDE.COM,"96592161",2022-03-02 00:00:00,"692452","4225376"
"POINT (724052 4367255)","1472","11084",VIVIENDA SUPERVISADA PARA PERSONAS CON ENFERMEDAD MENTAL CRÓNICA PARA LA PROMOCIÓN DE LA AUTONOMÍA Y EL FOMENTO DEL APRENDIZAJE DE LAS ACTIVIDADES DE LA VIDA DIARIA,VIVIENDA TUTELADA NOVAEDAT BENETUSSER,"5",NOVAEDAT BENESTAR SLU,"Calle MARQUES DEL TURIA, 9",Entidad Privada,"46054",València/Valencia,l'Horta Sud,Benetússer,PERSONAS CON ENFERMEDAD MENTAL,PERSONAS CON ENFERMEDAD MENTAL,"14505",MTURRO@NOVAEDAT.ES,"963393090",2022-03-22 00:00:00,"724052","4367255"
"POINT (723379 4370444)","1473","11086",VIVIENDAS TUTELADAS,València Inclou Sant Isidre I,"7",FUNDACION AMIGO,"Calle Arquitecto Segura Lago nº 12, 4, pta. 8",Entidad Privada,"46250",València/Valencia,València,València,POBLACIÓN EN GENERAL Y COLECTIVOS SOCIALMENTE DESFAVORECIDOS,POBLACIÓN EN GENERAL Y COLECTIVOS SOCIALMENTE DESFAVORECIDOS,"790201",,"694473448",2022-03-28 00:00:00,"723379","4370444"
"POINT (723924 4371066)","1474","11087",VIVIENDAS TUTELADAS,València Inclou Sant Isidre II,"6",FUNDACION AMIGO,"Calle Virgen de la Cabeza, 33",Entidad Privada,"46250",València/Valencia,València,València,POBLACIÓN EN GENERAL Y COLECTIVOS SOCIALMENTE DESFAVORECIDOS,POBLACIÓN EN GENERAL Y COLECTIVOS SOCIALMENTE DESFAVORECIDOS,"790201",,"694473448",2022-03-28 00:00:00,"723924","4371066"
"POINT (721908 4376008)","1475","11088",VIVIENDA SUPERVISADA PARA PERSONAS CON DISCAPACIDAD INTELECTUAL,Vivivenda tutelada supervisada AVSPW Burjassot,"6",ASOCIACION VALENCIANA PARA EL SINDROME DE PRADER WILLI,"Pintor Velázquez,34,planta 5 puerta 18",Entidad Privada,"46078",València/Valencia,l'Horta Nord,Burjassot,PERSONAS CON DISCAPACIDAD,PERSONAS CON DISCAPACIDAD,"37324",AVSPW@AVSPW.ORG,"617257562",2022-04-06 00:00:00,"721908","4376008"
"POINT (753109 4431174)","1476","11089",VIVIENDAS TUTELADAS,Alojamiento Alternativo Puente,"4",HIJAS DE LA CARIDAD DE SAN VICENTE PAUL PRO. PAMPLONA. CODAD EN OBRA SOCIAL MARILLAC,ALCALDE TARREGA,Entidad Privada,"12040",Castelló/Castellón,la Plana Alta,Castelló de la Plana,POBLACIÓN EN GENERAL Y COLECTIVOS SOCIALMENTE DESFAVORECIDOS,POBLACIÓN EN GENERAL Y COLECTIVOS SOCIALMENTE DESFAVORECIDOS,"170990",zero@gva.es,"602562252",2022-04-05 00:00:00,"753109","4431174"
"POINT (680360 4216727)","1477","11091",VIVIENDA SUPERVISADA PARA PERSONAS CON ENFERMEDAD MENTAL CRÓNICA,Vivienda Tutelada La Vega,"7","ASOCIACIÓN DOMUS, CUIDADO AL DEPENDIENTE Y ATENCIÓN AL MENOR","Avenida la Vega, n.º 18, escalera 1, planta 2, puerta A",Entidad Privada,"03099",Alacant/Alicante,el Baix Segura/La Vega Baja,Orihuela,PERSONAS CON ENFERMEDAD MENTAL,PERSONAS CON ENFERMEDAD MENTAL,"80359",DOMUS@GRUPOELCASTILLO.COM,"960457950",2022-04-07 00:00:00,"680360","4216727"
"POINT (702374 4238096)","1478","11092",VIVIENDA SUPERVISADA PARA PERSONAS CON ENFERMEDAD MENTAL CRÓNICA,VIVIENDA TUTELADA SUPERVISADA MISTERI D'ELX,"4",ASOCIACION DE FAMILIARES Y PERSONAS CON ENFERMEDAD MENTAL GRAVE DE LA PROVINCIA DE ALICANTE - ASFEME,"C/ ANTONIO CAMPOS JAVALOYES, Nº 3, 2ª PLTA., PTA. 2",Entidad Privada,"03065",Alacant/Alicante,el Baix Vinalopó,Elx/Elche,PERSONAS CON ENFERMEDAD MENTAL,PERSONAS CON ENFERMEDAD MENTAL,"227659",INFO@ASFEME.ORG,"966636334",2022-04-20 00:00:00,"702374","4238096"
"POINT (718902 4250189)","1479","11094",VIVIENDA SUPERVISADA PARA PERSONAS CON ENFERMEDAD MENTAL CRÓNICA PARA LA PROMOCIÓN DE LA AUTONOMÍA Y EL FOMENTO DEL APRENDIZAJE DE LAS ACTIVIDADES DE LA VIDA DIARIA,VIVIENDA TUTELADA NOVAEDAT ALICANTE,"7",NOVAEDAT BENESTAR SLU,"C/ REGIDOR OCAÑA, n.º 25",Entidad Privada,"03014",Alacant/Alicante,l'Alacantí,Alacant/Alicante,PERSONAS CON ENFERMEDAD MENTAL,PERSONAS CON ENFERMEDAD MENTAL,"330525",MTURRO@NOVAEDAT.ES,"963393090",2022-04-29 00:00:00,"718902","4250189"
"POINT (719499 4248776)","1480","11095",VIVIENDA SUPERVISADA PARA PERSONAS CON ENFERMEDAD MENTAL CRÓNICA PARA LA PROMOCIÓN DE LA AUTONOMÍA Y EL FOMENTO DEL APRENDIZAJE DE LAS ACTIVIDADES DE LA VIDA DIARIA,VIVIENDA  LAS AMERICAS,"5",INTEGRA MENT S.L.,GENERAL PINTOS 28 ESC 3. PLANTA 1ª PUERTA A,Entidad Privada,"03014",Alacant/Alicante,l'Alacantí,Alacant/Alicante,PERSONAS CON ENFERMEDAD MENTAL,PERSONAS CON ENFERMEDAD MENTAL,"330525",administracion@integra-ment.com,"722260958",2022-04-29 00:00:00,"719499","4248776"
"POINT (753050 4429758)","1481","11096",VIVIENDA SUPERVISADA PARA PERSONAS CON ENFERMEDAD MENTAL CRÓNICA PARA LA PROMOCIÓN DE LA AUTONOMÍA Y EL FOMENTO DEL APRENDIZAJE DE LAS ACTIVIDADES DE LA VIDA DIARIA,VIVIENDA TUTELADA NOVAEDAT CASTELLÓN,"7",NOVAEDAT BENESTAR SLU,"C/SANTA CRUZ DE TEJEIRO, n.º 7",Entidad Privada,"12040",Castelló/Castellón,la Plana Alta,Castelló de la Plana,PERSONAS CON ENFERMEDAD MENTAL,PERSONAS CON ENFERMEDAD MENTAL,"170990",MTURRO@NOVAEDAT.ES,"963393090",2022-05-10 00:00:00,"753050","4429758"
"POINT (694801 4246059)","1482","11099",VIVIENDA SUPERVISADA PARA PERSONAS CON DISCAPACIDAD INTELECTUAL,VIVIENDA TUTELADA LA CASICA,"5",ASOCIACIÓN PRO-PERSONAS CON DISCAPACIDAD DE ASPE,BASCULA,Entidad Privada,"03019",Alacant/Alicante,el Vinalopó Mitjà/El Vinalopó Medio,Aspe,PERSONAS CON DISCAPACIDAD,PERSONAS CON DISCAPACIDAD,"20482",zero@gva.es,"655928906",2022-05-24 00:00:00,"694801","4246059"
"POINT (752543 4431244)","1483","11102",VIVIENDAS TUTELADAS,Alojamiento Alternativo Puente,"4",HIJAS DE LA CARIDAD DE SAN VICENTE PAUL PRO. PAMPLONA. CODAD EN OBRA SOCIAL MARILLAC,"C/ Hermanos Vilafañe 33,2,pta 3",Entidad Privada,"12040",Castelló/Castellón,la Plana Alta,Castelló de la Plana,POBLACIÓN EN GENERAL Y COLECTIVOS SOCIALMENTE DESFAVORECIDOS,POBLACIÓN EN GENERAL Y COLECTIVOS SOCIALMENTE DESFAVORECIDOS,"170990",hcmarillaccs@hijascaridadee.org,"602562252",2022-06-28 00:00:00,"752543","4431244"
"POINT (728839 4371441)","1484","11103",VIVIENDA ASISTIDA PARA PERSONAS CON ENFERMEDAD MENTAL CRÓNICA,MENTALIA MARITIMO III,"6",CASTA SALUD S.L.U.,PUERTO,Entidad Privada,"46250",València/Valencia,València,València,PERSONAS CON ENFERMEDAD MENTAL,PERSONAS CON ENFERMEDAD MENTAL,"790201",DIRECCION@MENTALIAPUERTO.COM,"963301291",2022-06-23 00:00:00,"728839","4371441"
"POINT (774603 4298058)","1485","11104",VIVIENDA SUPERVISADA PARA PERSONAS CON ENFERMEDAD MENTAL CRÓNICA PARA LA PROMOCIÓN DE LA AUTONOMÍA Y EL FOMENTO DEL APRENDIZAJE DE LAS ACTIVIDADES DE LA VIDA DIARIA,VIVIENDA TUTELADA XÀBIA BELLA I,"4","CENTRO TERAPEUTICO XABIA BELLA, S.L.U.",EN FINESTRAT,Entidad Privada,"03082",Alacant/Alicante,la Marina Alta,Xàbia/Jávea,PERSONAS CON ENFERMEDAD MENTAL,PERSONAS CON ENFERMEDAD MENTAL,"27225",zero@gva.es,"615844782",2022-06-23 00:00:00,"774603","4298058"
"POINT (743023 4316803)","1486","11105",VIVIENDA SUPERVISADA PARA PERSONAS CON ENFERMEDAD MENTAL CRÓNICA,Vivienda Tutelada Benicanena,"6","ASOCIACIÓN DOMUS, CUIDADO AL DEPENDIENTE Y ATENCIÓN AL MENOR","Benicanena, 78",Entidad Privada,"46131",València/Valencia,la Safor,Gandia,PERSONAS CON ENFERMEDAD MENTAL,PERSONAS CON ENFERMEDAD MENTAL,"74814",cyp@grupoelcastillo.com,"960457950",2022-06-23 00:00:00,"743023","4316803"
"POINT (726315 4374565)","1487","11106",VIVIENDAS TUTELADAS,PISO DE ACOGIDA- VALENCIA ACULL,"6",VALENCIA ACOGE,MOTILLA DEL PALANCAR,Entidad Privada,"46250",València/Valencia,València,València,POBLACIÓN EN GENERAL Y COLECTIVOS SOCIALMENTE DESFAVORECIDOS,POBLACIÓN EN GENERAL Y COLECTIVOS SOCIALMENTE DESFAVORECIDOS,"790201",zero@gva.es,"675894743",2022-06-30 00:00:00,"726315","4374565"
"POINT (724283 4372055)","1488","11114",VIVIENDAS TUTELADAS,ACCEM - V.T. para personas sin hogar o exc. social Linares,"5",ACCEM,"C/ Linares, nº 12, planta 12, pta. 14",Entidad Privada,"46250",València/Valencia,València,València,POBLACIÓN EN GENERAL Y COLECTIVOS SOCIALMENTE DESFAVORECIDOS,POBLACIÓN EN GENERAL Y COLECTIVOS SOCIALMENTE DESFAVORECIDOS,"790201",agomezc@accem.es,"963496977",2022-07-12 00:00:00,"724283","4372055"
"POINT (724597 4371699)","1489","11115",VIVIENDAS TUTELADAS,ACCEM - VIVIENDA AVENIDA PÉREZ GALDÓS,"8",ACCEM,"Avda. Pérez Galdós 39, pta. 12",Entidad Privada,"46250",València/Valencia,València,València,POBLACIÓN EN GENERAL Y COLECTIVOS SOCIALMENTE DESFAVORECIDOS,POBLACIÓN EN GENERAL Y COLECTIVOS SOCIALMENTE DESFAVORECIDOS,"790201",agomezc@accem.es,"963496977",2022-07-12 00:00:00,"724597","4371699"
"POINT (710529 4277883)","1490","11116",VIVIENDA ASISTIDA PARA PERSONAS CON ENFERMEDAD MENTAL CRÓNICA,Vivienda de Promoción de la Autonomía en Salut Mental La Foia,"6",DIVERSAMENT SL,"C/ Comunidad Valenciana, nº 44",Entidad Privada,"03079",Alacant/Alicante,l'Alcoià,Ibi,PERSONAS CON ENFERMEDAD MENTAL,PERSONAS CON ENFERMEDAD MENTAL,"23365",,"633523683",2022-07-11 00:00:00,"710529","4277883"
"POINT (724558 4371330)","1491","11119",VIVIENDAS TUTELADAS,Accem - V.T. colect. desfavorecidos Cuenca,"4",ACCEM,"C/ Cuenca, nº 89, planta 1ª pta. 2",Entidad Privada,"46250",València/Valencia,València,València,POBLACIÓN EN GENERAL Y COLECTIVOS SOCIALMENTE DESFAVORECIDOS,POBLACIÓN EN GENERAL Y COLECTIVOS SOCIALMENTE DESFAVORECIDOS,"790201",agomezc@accem.es,"963496977",2022-07-15 00:00:00,"724558","4371330"
"POINT (713511 4382453)","1492","11121",CENTRO ESPECÍFICO PARA ENFERMOS MENTALES CRÓNICOS (CEEM),NOVAEDAT L'ELIANA,"40",NOVAEDAT BENESTAR SLU,"Calle Alpuente, número 13",Entidad Privada,"46116",València/Valencia,el Camp de Túria,l'Eliana,PERSONAS CON ENFERMEDAD MENTAL,PERSONAS CON ENFERMEDAD MENTAL,"17591",MTURRO@NOVAEDAT.ES,"963393090",2022-07-21 00:00:00,"713511","4382453"
"POINT (728460 4371816)","1493","11127",VIVIENDAS TUTELADAS,VIVIENDA TUTELADA S. JOAN DE DEU SERVEIS SOCIALS CARRER CONSERVA,"3",SANT JOAN DE DEU SERVEIS SOCIALS VALENCIA HOSPITALARIOS DE SAN JUAN DE DIOS-PROV DE ARAGON,"C/ CONSERVA, Nº 20, PTA. 10",Entidad Privada,"46250",València/Valencia,València,València,POBLACIÓN EN GENERAL Y COLECTIVOS SOCIALMENTE DESFAVORECIDOS,POBLACIÓN EN GENERAL Y COLECTIVOS SOCIALMENTE DESFAVORECIDOS,"790201",socialvalencia.info@sjd.es,"963665070",2022-09-02 00:00:00,"728460","4371816"
"POINT (717863 4368269)","1494","11128",VIVIENDAS TUTELADAS,València Inclou-Torrent 3,"8",FUNDACION AMIGO,"C/ VICENTE BLASCO IBAÑEZ, 18, 4º&#8208; PTA 7",Entidad Privada,"46244",València/Valencia,l'Horta Sud,Torrent,PERSONAS MIGRANTES,PERSONAS MIGRANTES,"80762",FUNDACION@PROYECTOAMIGO.ORG,"694473448",2022-09-02 00:00:00,"717863","4368269"
"POINT (717869 4368171)","1495","11129",VIVIENDAS TUTELADAS,València Inclou - Torrent 4,"6",FUNDACION AMIGO,"C/ VALENTÍ PLANELLS, 11, 1º",Entidad Privada,"46244",València/Valencia,l'Horta Sud,Torrent,PERSONAS MIGRANTES,PERSONAS MIGRANTES,"80762",FUNDACION@PROYECTOAMIGO.ORG,"694473448",2022-09-02 00:00:00,"717869","4368171"
"POINT (718556 4370707)","1496","11130",VIVIENDA ASISTIDA PARA PERSONAS CON ENFERMEDAD MENTAL CRÓNICA,AVANTZA ALAQUÀS,"7",AVANTZA VIVIENDAS TUTELADAS SL,BENLLIURE,Entidad Privada,"46005",València/Valencia,l'Horta Sud,Alaquàs,PERSONAS CON ENFERMEDAD MENTAL,PERSONAS CON ENFERMEDAD MENTAL,"29660",asesoria@roncales.com,"963152071",2022-09-05 00:00:00,"718556","4370707"
"POINT (719986 4249932)","1497","11131",VIVIENDAS TUTELADAS,Vivienda de Acogida Semitutelada ANMAG C/Benisa-Alicante,"4","ASOCIACION DE ACOGIDA AL NIÑO Y A LA MUJER, AMAYA GOMEZ (ANMAG)","Calle Benisa nº2, planta 4ª, puerta 4B",Entidad Privada,"03014",Alacant/Alicante,l'Alacantí,Alacant/Alicante,PERSONAS MIGRANTES,PERSONAS MIGRANTES,"330525",,"965296786",2022-09-02 00:00:00,"719986","4249932"
"POINT (729786 4371967)","1498","11132",VIVIENDAS TUTELADAS,ALOJAMIENTO ALTERNATIVO PUENTE REINA 4,"4",COMUNIDAD LUISA DE MARILLAC DE VALENCIA,CALLE REINA 68 piso 2 pta4,Entidad Privada,"46250",València/Valencia,València,València,POBLACIÓN EN GENERAL Y COLECTIVOS SOCIALMENTE DESFAVORECIDOS,POBLACIÓN EN GENERAL Y COLECTIVOS SOCIALMENTE DESFAVORECIDOS,"790201",direccionoslm@hijascaridadee.org,"681033557",2022-09-19 00:00:00,"729786","4371967"
"POINT (726566 4371459)","1499","11133",VIVIENDA ASISTIDA PARA PERSONAS CON DISCAPACIDAD INTELECTUAL,VIVIENDA TUTELADA DUQUE DE CALABRIA,"7",INSTITUTO VALENCIANO DE SERVICIOS SOCIALES,C/DUQUE DE CALABRIA Nº 8-1-1-2,Entidad Propia,"46250",València/Valencia,València,València,PERSONAS CON DISCAPACIDAD,PERSONAS CON DISCAPACIDAD,"790201",zero@gva.es,"963869460",2022-09-19 00:00:00,"726566","4371459"
"POINT (727600 4371752)","1500","11134",VIVIENDA SUPERVISADA PARA PERSONAS CON DISCAPACIDAD INTELECTUAL,VIVIENDA TUTELADO EL LIMONER,"4",INSTITUTO VALENCIANO DE SERVICIOS SOCIALES,C/LO RAT PENAT 16,Entidad Propia,"46250",València/Valencia,València,València,PERSONAS CON DISCAPACIDAD,PERSONAS CON DISCAPACIDAD,"790201",zero@gva.es,"963869460",2022-09-19 00:00:00,"727600","4371752"
"POINT (729786 4371967)","1501","11135",VIVIENDAS TUTELADAS,Alojamiento alternativo Puente - REINA 3,"3",COMUNIDAD LUISA DE MARILLAC DE VALENCIA,CALLE REINA 68 piso 2 pta3,Entidad Privada,"46250",València/Valencia,València,València,POBLACIÓN EN GENERAL Y COLECTIVOS SOCIALMENTE DESFAVORECIDOS,POBLACIÓN EN GENERAL Y COLECTIVOS SOCIALMENTE DESFAVORECIDOS,"790201",direccionoslm@hijascaridadee.org,"681033557",2022-09-21 00:00:00,"729786","4371967"
"POINT (729786 4371967)","1502","11136",VIVIENDAS TUTELADAS,Alojamiento alternativo Puente- REINA 2,"3",COMUNIDAD LUISA DE MARILLAC DE VALENCIA,CALLE REINA 68 piso 1 pta2,Entidad Privada,"46250",València/Valencia,València,València,POBLACIÓN EN GENERAL Y COLECTIVOS SOCIALMENTE DESFAVORECIDOS,POBLACIÓN EN GENERAL Y COLECTIVOS SOCIALMENTE DESFAVORECIDOS,"790201",direccionoslm@hijascaridadee.org,"681033557",2022-09-21 00:00:00,"729786","4371967"
"POINT (729789 4372121)","1503","11137",VIVIENDAS TUTELADAS,ALOJAMIENTO ALTERNATIVO PUENTE - REINA 1,"2",COMUNIDAD LUISA DE MARILLAC DE VALENCIA,"CALLE REINA 68, piso 1, puerta 1",Entidad Privada,"46250",València/Valencia,València,València,POBLACIÓN EN GENERAL Y COLECTIVOS SOCIALMENTE DESFAVORECIDOS,POBLACIÓN EN GENERAL Y COLECTIVOS SOCIALMENTE DESFAVORECIDOS,"790201",direccionoslm@hijascaridadee.org,"681033557",2022-09-21 00:00:00,"729789","4372121"
"POINT (743794 4316848)","1504","11138",CENTROS DE ATENCIÓN TEMPRANA (CAT),CAT FUNDACIÓN JIMB GANDÍA,"70",FUNDACION DE LA COMUNITAT VALENCIANA JUAN I.MUÑOZ BASTIDE,"Avenida República Argentina, número 17, bajo",Entidad Privada,"46131",València/Valencia,la Safor,Gandia,PERSONAS CON DISCAPACIDAD,PERSONAS CON DISCAPACIDAD,"74814",JPENYA@NEURAL.ES,"960265864",2022-09-22 00:00:00,"743794","4316848"
"POINT (718217 4340698)","1505","11139",CENTROS DE DÍA DE PERSONAS MAYORES DEPENDIENTES,CENTRE DE DIA DE GUADASSUAR,"35",AJUNTAMENT DE GUADASSUAR,C/ BANDA UNIÓ MUSICAL CANTÓ AL C/ ERMITA,Entidad Local,"46139",València/Valencia,la Ribera Alta,Guadassuar,PERSONAS MAYORES,PERSONAS MAYORES,"5898",zero@gva.es,"962570796",2022-09-23 00:00:00,"718217","4340698"
"POINT (790784 4479516)","1506","11140",CENTROS DE ATENCIÓN TEMPRANA (CAT),CAT FUNDACIÓN JIMB BENICARLÓ,"70",FUNDACION DE LA COMUNITAT VALENCIANA JUAN I.MUÑOZ BASTIDE,"Avenida Yecla, número 10, bajo",Entidad Privada,"12027",Castelló/Castellón,el Baix Maestrat,Benicarló,PERSONAS CON DISCAPACIDAD,PERSONAS CON DISCAPACIDAD,"26486",JPENYA@NEURAL.ES,"960265864",2022-09-22 00:00:00,"790784","4479516"
"POINT (723413 4371957)","1507","11141",VIVIENDAS TUTELADAS,CASA ACOGIDA GUILLERMO ROVIROSA( AMPLI. P DÉBORA),"4",INSTITUTO SOCIAL DEL TRABAJO ISO,JOSÉ MAESTRE,Entidad Privada,"46250",València/Valencia,València,València,PERSONAS MIGRANTES,PERSONAS MIGRANTES,"790201",iso@isotrabajo.org,"963922662",2022-09-22 00:00:00,"723413","4371957"
"POINT (744372 4316940)","1508","11142",VIVIENDA TUTELADA,V.T. ALBA,"5",ASSOCIACIÓ MOSAIC,,Entidad Privada,"46131",València/Valencia,la Safor,Gandia,POBLACIÓN EN GENERAL Y COLECTIVOS SOCIALMENTE DESFAVORECIDOS,POBLACIÓN EN GENERAL Y COLECTIVOS SOCIALMENTE DESFAVORECIDOS,"74814",,,2022-09-23 00:00:00,"744372","4316940"
"POINT (724218 4370805)","1509","11143",CENTROS DE ATENCIÓN TEMPRANA (CAT),CAT FUNDACIÓN JIMB VALENCIA,"70",FUNDACION DE LA COMUNITAT VALENCIANA JUAN I.MUÑOZ BASTIDE,"Calle Chera, número 10, bajo",Entidad Privada,"46250",València/Valencia,València,València,PERSONAS CON DISCAPACIDAD,PERSONAS CON DISCAPACIDAD,"790201",JPENYA@NEURAL.ES,"960265864",2022-09-26 00:00:00,"724218","4370805"
"POINT (695608 4246800)","1510","11144",CENTROS DE ATENCIÓN TEMPRANA (CAT),APANAS,"35",ASOCIACION DE PADRES Y AMIGOS DE NIÑOS Y ADOLESCENTES SORDOS. (A.P.A.N.A.S),Avenida Cortes Valencianas nº 20 local 4,Entidad Privada,"03019",Alacant/Alicante,el Vinalopó Mitjà/El Vinalopó Medio,Aspe,PERSONAS CON DISCAPACIDAD,PERSONAS CON DISCAPACIDAD,"20482",apanaspe@gmail.com,"965490077",2022-09-26 00:00:00,"695608","4246800"
"POINT (700339 4237607)","1511","11145",VIVIENDAS TUTELADAS,PISO ACOGIDA ELCHE ACOGE 3,"8",FUNDACION ELCHE ACOGE DE LA COMUNIDAD VALENCIANA,"Calle Capitán Alfonso Vives, nº46, PTA3ª, PTA1",Entidad Privada,"03065",Alacant/Alicante,el Baix Vinalopó,Elx/Elche,PERSONAS MIGRANTES,PERSONAS MIGRANTES,"227659",,"965426172",2022-09-28 00:00:00,"700339","4237607"
"POINT (700339 4237607)","1512","11145",VIVIENDAS TUTELADAS,PISO ACOGIDA ELCHE ACOGE 3,"8",FUNDACION ELCHE ACOGE DE LA COMUNIDAD VALENCIANA,"Calle Capitán Alfonso Vives, nº46, PTA3ª, PTA1",Entidad Privada,"03065",Alacant/Alicante,el Baix Vinalopó,Elx/Elche,POBLACIÓN EN GENERAL Y COLECTIVOS SOCIALMENTE DESFAVORECIDOS,POBLACIÓN EN GENERAL Y COLECTIVOS SOCIALMENTE DESFAVORECIDOS,"227659",,"965426172",2022-09-28 00:00:00,"700339","4237607"
"POINT (754128 4430147)","1513","11146",CENTROS DE ATENCIÓN TEMPRANA (CAT),CAT FUNDACIÓN JIMB CASTELLÓN,"70",FUNDACION DE LA COMUNITAT VALENCIANA JUAN I.MUÑOZ BASTIDE,"Avenida del Mar, número 44 bajo",Entidad Privada,"12040",Castelló/Castellón,la Plana Alta,Castelló de la Plana,PERSONAS CON DISCAPACIDAD,PERSONAS CON DISCAPACIDAD,"170990",JPENYA@NEURAL.ES,"960265864",2022-10-04 00:00:00,"754128","4430147"
"POINT (700376 4307703)","1514","11148",VIVIENDAS TUTELADAS,"VIVIENDA EN C.DR FLEMING, 14, 3º 20ª VALLADA","4",ASSOCIACIÓ VALENCIANA DE SOLIDARITAT AMB ÀFRICA-AVSA,"C.DR FLEMING, 14, 3º 20ª",Entidad Privada,"46251",València/Valencia,la Costera,Vallada,PERSONAS MIGRANTES,PERSONAS MIGRANTES,"3089",AVSAVALENCIA@GMAIL.COM,"630291612",2022-10-06 00:00:00,"700376","4307703"
"POINT (700378 4307704)","1515","11149",VIVIENDAS TUTELADAS,"VIVIENDA, C. DR. FLEMING, 14, 3º, 21ª VALLADA","4",ASSOCIACIÓ VALENCIANA DE SOLIDARITAT AMB ÀFRICA-AVSA,"C. DR. FLEMING, 14, 3º, 21ª",Entidad Privada,"46251",València/Valencia,la Costera,Vallada,PERSONAS MIGRANTES,PERSONAS MIGRANTES,"3089",AVSAVALENCIA@GMAIL.COM,"630291612",2022-10-07 00:00:00,"700378","4307704"
"POINT (700378 4307703)","1516","11150",VIVIENDAS TUTELADAS,"VIVIENDA EN c/ DOCTOR FLEMING,14 3º, 25ª  -VALLADA","4",ASSOCIACIÓ VALENCIANA DE SOLIDARITAT AMB ÀFRICA-AVSA,"c/ DOCTOR FLEMING,14 3º, 25ª",Entidad Privada,"46251",València/Valencia,la Costera,Vallada,PERSONAS MIGRANTES,PERSONAS MIGRANTES,"3089",AVSAVALENCIA@GMAIL.COM,"630291612",2022-10-07 00:00:00,"700378","4307703"
"POINT (746741 4425426)","1517","11151",VIVIENDA SUPERVISADA PARA PERSONAS CON ENFERMEDAD MENTAL CRÓNICA,Vivienda Tutelada Supervisada Vila-real,"7",FUNDACION MANANTIAL,Cr. Onda 28 1 AB,Entidad Privada,"12135",Castelló/Castellón,la Plana Baixa,Vila-real,PERSONAS CON ENFERMEDAD MENTAL,PERSONAS CON ENFERMEDAD MENTAL,"50252",MANANTIAL@FUNDACIONMANANTIAL.ORG,"913717292",2022-10-07 00:00:00,"746741","4425426"
"POINT (727964 4371576)","1518","11152",CENTRO DE ATENCIÓN DIURNA PARA PERSONAS CON DISCAPACIDAD O DIVERSIDAD FUNCIONAL EN SITUACIÓN DE DEPENDENCIA,CENTRO DE DIA PARA PERSONAS CON DAÑO CEREBRAL ADQUIRIDO (DCA) CAMINS AL GRAU,"32",ASOCIACIÓN DAÑO CEREBRAL DE VALENCIA,"fuencaliente, 4 y 6",Entidad Privada,"46250",València/Valencia,València,València,PERSONAS CON DISCAPACIDAD,PERSONAS CON DISCAPACIDAD,"790201",,"963612016",2022-10-13 00:00:00,"727964","4371576"
"POINT (724781 4371072)","1519","11153",CENTROS DE ATENCIÓN TEMPRANA (CAT),CAT FUNDACION JUAN DE DIOS MONTAÑÉS,"70",FUNDACIÓN JUAN DE DIOS MONTAÑÉS Y ÁLVAREZ,"Marques de Campo ,18 bajos",Entidad Privada,"46250",València/Valencia,València,València,PERSONAS CON DISCAPACIDAD,PERSONAS CON DISCAPACIDAD,"790201",zero@gva.es,"646743372",2022-10-14 00:00:00,"724781","4371072"
"POINT (744672 4321584)","1520","11154",CENTROS DE ATENCIÓN TEMPRANA (CAT),CAT Mira'm Fundació,"35",MIRA'M FUNDACIÓ DE LA COMUNITAT VALENCIANA,"Calle de la Bova, número 11",Entidad Privada,"46131",València/Valencia,la Safor,Gandia,PERSONAS CON DISCAPACIDAD,PERSONAS CON DISCAPACIDAD,"74814",info@fundaciomiram.org,"618783074",2022-10-14 00:00:00,"744672","4321584"
"POINT (701927 4237988)","1521","11155",CENTRO DE ATENCIÓN DIURNA PARA PERSONAS CON DISCAPACIDAD O DIVERSIDAD FUNCIONAL EN SITUACIÓN DE DEPENDENCIA,CENTRO DE DIA MUÑOZ BASTIDE,"30",FUNDACION DE LA COMUNITAT VALENCIANA JUAN I.MUÑOZ BASTIDE,JUAN CARLOS I,Entidad Privada,"03065",Alacant/Alicante,el Baix Vinalopó,Elx/Elche,PERSONAS CON DISCAPACIDAD,PERSONAS CON DISCAPACIDAD,"227659",JPENYA@NEURAL.ES,"960265864",2022-10-14 00:00:00,"701927","4237988"
"POINT (723868 4373949)","1522","11156",VIVIENDAS TUTELADAS,Padre Muedra: Tierra de acogida II,"6",SERVICIO JESUITA DE MIGRANTES SJM - ESPAÑA,"Padre Muedra, 6",Entidad Privada,"46250",València/Valencia,València,València,PERSONAS MIGRANTES,PERSONAS MIGRANTES,"790201",REDINTERCAMBIOS.VALENCIA@SJME.ORG,"963152220",2022-10-17 00:00:00,"723868","4373949"
"POINT (752308 4430922)","1523","11157",RESIDENCIAS PARA PERSONAS MAYORES DEPENDIENTES,Residencia Emera Castellón,"103",WSENIOR ASISTENCIA INTEGRAL 3,"AVENIDA DE BARCELONA, 29 - 12004 CASTELLON DE LA PLANA",Entidad Privada,"12040",Castelló/Castellón,la Plana Alta,Castelló de la Plana,PERSONAS MAYORES,PERSONAS MAYORES,"170990",,"964957860",2022-10-17 00:00:00,"752308","4430922"
"POINT (725033 4372756)","1524","11160",VIVIENDAS TUTELADAS,"Calle Guillen de Castro, 78, piso 4, puerta 7","8",FUNDACION APIP-ACAM,Calle Guillen de Castro,Entidad Privada,"46250",València/Valencia,València,València,POBLACIÓN EN GENERAL Y COLECTIVOS SOCIALMENTE DESFAVORECIDOS,POBLACIÓN EN GENERAL Y COLECTIVOS SOCIALMENTE DESFAVORECIDOS,"790201",zero@gva.es,"963924156",2022-10-20 00:00:00,"725033","4372756"
"POINT (724072 4372449)","1525","11162",CENTRO DE DÍA PARA PERSONAS CON DISCAPACIDAD O DIVERSIDAD FUNCIONAL,CENTRO DE DIA TEA SANTA CLARA,"40",FUNDACIÓN DE XIQUET A MAJOR DE LA COMUNITAT VALENCIANA,CALLE ALCALDE ALBORS N 9 BAJO P1-2,Entidad Privada,"46250",València/Valencia,València,València,PERSONAS CON DISCAPACIDAD,PERSONAS CON DISCAPACIDAD,"790201",MARIANGERISERVISSL@ONO.COM,"628699654",2022-10-20 00:00:00,"724072","4372449"
"POINT (724933 4374095)","1526","11163",VIVIENDAS TUTELADAS,SANT JOAN DE DÉU SERVEIS SOCIALS VALENCIA,"3",SANT JOAN DE DEU SERVEIS SOCIALS VALENCIA HOSPITALARIOS DE SAN JUAN DE DIOS-PROV DE ARAGON,"AVENIDA PORTUGAL, Nº 59, PUERTA 7",Entidad Privada,"46250",València/Valencia,València,València,POBLACIÓN EN GENERAL Y COLECTIVOS SOCIALMENTE DESFAVORECIDOS,POBLACIÓN EN GENERAL Y COLECTIVOS SOCIALMENTE DESFAVORECIDOS,"790201",zero@gva.es,"963665070",2022-10-20 00:00:00,"724933","4374095"
"POINT (684553 4224355)","1527","11164",CENTROS DE DÍA DE PERSONAS MAYORES DEPENDIENTES,AFA MIGUEL HERNÁNDEZ,"60",ASOCIACION DE ALZHEIMER MIGUEL HERNANDEZ (ASENA),AVENIDA RAMÓN ÁVILA SANTO 49,Entidad Privada,"03058",Alacant/Alicante,el Baix Segura/La Vega Baja,Cox,PERSONAS MAYORES,PERSONAS MAYORES,"7193",afaorihuela@gmail.com,"965302108",2022-10-25 00:00:00,"684553","4224355"
"POINT (685596 4278529)","1528","11165",CENTRO DE DÍA PARA PERSONAS CON DISCAPACIDAD O DIVERSIDAD FUNCIONAL,CENTRO DE DÍA APADIS,"24",ASOC. PARA LA ATENCION DE LAS PERSONAS CON DISCAPACIDAD INTELECTUAL DE VILLENA Y COMARCA - APADIS,"C7 GIL OSORIO, 4B -MENENDEZ PELAYO 105",Entidad Privada,"03140",Alacant/Alicante,l’Alt Vinalopó/El Alto Vinalopó,Villena,PERSONAS CON DISCAPACIDAD,PERSONAS CON DISCAPACIDAD,"34163",APADIS_2@CV.GVA.ES,"965802410",2022-10-27 00:00:00,"685596","4278529"
"POINT (718453 4367986)","1529","11166",CENTRO DE DÍA PARA PERSONAS CON DISCAPACIDAD O DIVERSIDAD FUNCIONAL,CENTRO DE DÍA ALCER TURIA,"40","ALCER-TURIA, ASOCIACION PARA LA LUCHA CONTRA LAS ENFERMEDADES DEL RIÑON",PADRE VICENTE CABANES,Entidad Privada,"46244",València/Valencia,l'Horta Sud,Torrent,PERSONAS CON DISCAPACIDAD,PERSONAS CON DISCAPACIDAD,"80762",ASOCIACION@ALCERTURIA.ORG,"655881498",2022-10-27 00:00:00,"718453","4367986"
"POINT (718484 4370907)","1530","11167",CENTROS DE ATENCIÓN TEMPRANA (CAT),CENTRO DE ATENCIÓN TEMPRANA ALCER TURIA ALDAYA,"70","ALCER-TURIA, ASOCIACION PARA LA LUCHA CONTRA LAS ENFERMEDADES DEL RIÑON",CALLE JOAQUIN BLUME 12,Entidad Privada,"46021",València/Valencia,l'Horta Sud,Aldaia,PERSONAS CON DISCAPACIDAD,PERSONAS CON DISCAPACIDAD,"31246",ASOCIACION@ALCERTURIA.ORG,"655881498",2022-10-27 00:00:00,"718484","4370907"
"POINT (732456 4342223)","1531","11168",CENTRO ESPECÍFICO PARA ENFERMOS MENTALES CRÓNICOS (CEEM),CEEM SASM GALATEA,"20","FUNDACIÓN DE LA COMUNIDAD VALENCIANA SANTOS ANDRÉS, SANTIAGO Y MIGUEL","Calle Agent Tomás Catalán Simó, números 12 y 14, planta baja, primera y segunda",Entidad Privada,"46235",València/Valencia,la Ribera Baixa,Sueca,PERSONAS CON ENFERMEDAD MENTAL,PERSONAS CON ENFERMEDAD MENTAL,"28090",FUNDACIONSASM@FUNDACIONSASM.ORG,"633304033",2022-11-03 00:00:00,"732456","4342223"
"POINT (714082 4318065)","1532","11170",VIVIENDAS TUTELADAS,CASA NATZARET - XATIVA,"8",ASSOCIACIÓ VALENCIANA DE SOLIDARITAT AMB ÀFRICA-AVSA,SANTA TERESA JORNET,Entidad Privada,"46145",València/Valencia,la Costera,Xàtiva,PERSONAS MIGRANTES,PERSONAS MIGRANTES,"28973",AVSAVALENCIA@GMAIL.COM,"647575754",2022-10-28 00:00:00,"714082","4318065"
"POINT (753032 4296153)","1533","11171",RESIDENCIA DE PERSONAS CON DISCAPACIDAD O DIVERSIDAD FUNCIONAL,SANATORIO SAN FRANCISCO DE BORJA FONTILLES,"51","FONTILLES, FUNDACION DE LA COMUNIDAD VALENCIANA",CARRETERA ORBA A VALL DE LAGUARD,Entidad Privada,"03137",Alacant/Alicante,la Marina Alta,la Vall de Laguar,PERSONAS CON DISCAPACIDAD,PERSONAS CON DISCAPACIDAD,"801",JMAM@FONTILLES.ORG,"659442228",2022-10-28 00:00:00,"753032","4296153"
"POINT (753077 4430033)","1534","11172",CENTRO DE ATENCIÓN DIURNA PARA PERSONAS CON DISCAPACIDAD O DIVERSIDAD FUNCIONAL EN SITUACIÓN DE DEPENDENCIA,CENTRO DE DÍA MUÑOZ BASTIDE,"30",FUNDACION DE LA COMUNITAT VALENCIANA JUAN I.MUÑOZ BASTIDE,"ASENSI, nº 26, bajo 12002 CASTELLÓN",Entidad Privada,"12040",Castelló/Castellón,la Plana Alta,Castelló de la Plana,PERSONAS CON DISCAPACIDAD,PERSONAS CON DISCAPACIDAD,"170990",,"960265864",2022-11-03 00:00:00,"753077","4430033"
"POINT (724366 4372915)","1535","11174",VIVIENDA ASISTIDA PARA PERSONAS CON ENFERMEDAD MENTAL CRÓNICA,La Alquería I,"7",Francisco Javier,"Calle Norte, 28 pta14",Entidad Privada,"46250",València/Valencia,València,València,PERSONAS CON ENFERMEDAD MENTAL,PERSONAS CON ENFERMEDAD MENTAL,"790201",fj.perezgalvez@gmail.com,"661884223",2022-12-02 00:00:00,"724366","4372915"
"POINT (729779 4372388)","1536","11176",VIVIENDA ASISTIDA PARA PERSONAS CON ENFERMEDAD MENTAL CRÓNICA,VT NOVAEDAT BARRACA,"7",NOVAEDAT BENESTAR SLU,BARRACA,Entidad Privada,"46250",València/Valencia,València,València,PERSONAS CON ENFERMEDAD MENTAL,PERSONAS CON ENFERMEDAD MENTAL,"790201",MTURRO@NOVAEDAT.ES,"963393090",2022-12-02 00:00:00,"729779","4372388"
"POINT (718241 4349474)","1537","11177",CENTROS DE ATENCIÓN TEMPRANA (CAT),CAT ESCALERA DE COLORS,"60",ESCALERA DE COLORS,"Calderón de la Barca, número 40",Entidad Privada,"46031",València/Valencia,la Ribera Alta,Alginet,PERSONAS CON DISCAPACIDAD,PERSONAS CON DISCAPACIDAD,"13283",LUCIGRAMA@HOTMAIL.COM,"665428985",2022-12-02 00:00:00,"718241","4349474"
"POINT (716773 4367761)","1538","11179",VIVIENDA SUPERVISADA PARA PERSONAS CON ENFERMEDAD MENTAL CRÓNICA,"VIVIENDA TUTELADA ""LIZONDO""","5",ANIMUSSANS S.L.U.,"Vicent González Lizondo nº 26, 3, pta. 19",Entidad Privada,"46244",València/Valencia,l'Horta Sud,Torrent,PERSONAS CON ENFERMEDAD MENTAL,PERSONAS CON ENFERMEDAD MENTAL,"80762",animussans@hotmail.com,"658180216",2022-12-15 00:00:00,"716773","4367761"
"POINT (717938 4368244)","1539","11181",VIVIENDA ASISTIDA PARA PERSONAS CON ENFERMEDAD MENTAL CRÓNICA,SA TALAIA,"7","SA TALAIA VIVENDES, S.L.","Calle Vicente Blasco Ibáñez nº4, 2º, pta. 2",Entidad Privada,"46244",València/Valencia,l'Horta Sud,Torrent,PERSONAS CON ENFERMEDAD MENTAL,PERSONAS CON ENFERMEDAD MENTAL,"80762",ASESORIA@RONCALES.COM,"963152071",2022-12-16 00:00:00,"717938","4368244"
"POINT (748077 4424526)","1540","11182",VIVIENDA SUPERVISADA PARA PERSONAS CON ENFERMEDAD MENTAL CRÓNICA PARA LA PROMOCIÓN DE LA AUTONOMÍA Y EL FOMENTO DEL APRENDIZAJE DE LAS ACTIVIDADES DE LA VIDA DIARIA,VIVIENDA TUTELADA NOVAEDAT VILLARREAL,"5",NOVAEDAT BENESTAR SLU,PINTOR GIMENO BARON,Entidad Privada,"12135",Castelló/Castellón,la Plana Baixa,Vila-real,PERSONAS CON ENFERMEDAD MENTAL,PERSONAS CON ENFERMEDAD MENTAL,"50252",MTURRO@NOVAEDAT.ES,"963393090",2022-12-16 00:00:00,"748077","4424526"
"POINT (717545 4367803)","1541","11186",VIVIENDA ASISTIDA PARA PERSONAS CON ENFERMEDAD MENTAL CRÓNICA,ES TORRENT,"7",ES TORRENT VIVENDES SUPORT,AVENIDA AL VEDAT NUMERO 86 PLANTA 5 PUERTA 13,Entidad Privada,"46244",València/Valencia,l'Horta Sud,Torrent,PERSONAS CON ENFERMEDAD MENTAL,PERSONAS CON ENFERMEDAD MENTAL,"80762",RONCALES@RONCALES.COM,"963152071",2023-01-12 00:00:00,"717545","4367803"
"POINT (726564 4376334)","1542","11188",CENTROS INTEGRALES DE MAYORES (CIMS) DE TITULARIDAD DE AYUNTAMIENTOS,CENTRO INTEGRAL DEL MAYOR TAVERNES BLANQUES,"24",AJUNTAMENT DE TAVERNES BLANQUES,"CALLE FRANCESC DE VINATEA, 1",Entidad Local,"46237",València/Valencia,l'Horta Nord,Tavernes Blanques,PERSONAS MAYORES,PERSONAS MAYORES,"9181",zero@gva.es,"961853267",2023-02-28 00:00:00,"726564","4376334"
"POINT (748717 4419246)","1543","11193",CENTROS SOCIALES,Centro de Servicios Sociales Municipales,"200",AJUNTAMENT DE BORRIANA,"Avda. Valencia, 29-31 Esquina C/ Progreso",Entidad Local,"12032",Castelló/Castellón,la Plana Baixa,Borriana/Burriana,POBLACIÓN EN GENERAL Y COLECTIVOS SOCIALMENTE DESFAVORECIDOS,POBLACIÓN EN GENERAL Y COLECTIVOS SOCIALMENTE DESFAVORECIDOS,"34643",zero@gva.es,964 51 50 14,2023-03-28 00:00:00,"748717","4419246"
"POINT (751931 4432706)","1544","11194",CENTROS DE DÍA DE PERSONAS MAYORES DEPENDIENTES,LA PINEDA,"55",FUNDACION ALZHEIMER SALOME MOLINER,"Antiguo Cuartel Militar Tetuán XIV, s/n",Entidad Privada,"12040",Castelló/Castellón,la Plana Alta,Castelló de la Plana,PERSONAS MAYORES,PERSONAS MAYORES,"170990",FUNDACIONALZHEIMER@SALOMEMOLINER.ORG,"964242080",2023-04-26 00:00:00,"751931","4432706"
"POINT (739263 4424009)","1545","11195",CENTROS DE DÍA DE PERSONAS MAYORES DEPENDIENTES,CENTRO DE DÍA DE MAYORES DEPENDIENTES,"40",INSTITUTO VALENCIANO DE SERVICIOS SOCIALES,"C/COLOM, 39",Entidad Propia,"12021",Castelló/Castellón,la Plana Baixa,Betxí,PERSONAS MAYORES,PERSONAS MAYORES,"5780",notificaciones_ivass@gva.es,"963869460",2023-05-02 00:00:00,"739263","4424009"
"POINT (732425 4342218)","1546","11196",VIVIENDA SUPERVISADA PARA PERSONAS CON ENFERMEDAD MENTAL CRÓNICA,SASM HERA,"4","FUNDACIÓN DE LA COMUNIDAD VALENCIANA SANTOS ANDRÉS, SANTIAGO Y MIGUEL","Calle Agent Tomás Catalá Simó 14, piso 4º puerta A",Entidad Privada,"46235",València/Valencia,la Ribera Baixa,Sueca,PERSONAS CON ENFERMEDAD MENTAL,PERSONAS CON ENFERMEDAD MENTAL,"28090",FUNDACIONSASM@FUNDACIONSASM.ORG,"961703030",2023-05-09 00:00:00,"732425","4342218"
"POINT (732428 4342217)","1547","11197",VIVIENDA ASISTIDA PARA PERSONAS CON ENFERMEDAD MENTAL CRÓNICA,SASM ATENEA,"7","FUNDACIÓN DE LA COMUNIDAD VALENCIANA SANTOS ANDRÉS, SANTIAGO Y MIGUEL","calle Agent Tomás Catalán Simó, 14, 3º, 3B",Entidad Privada,"46235",València/Valencia,la Ribera Baixa,Sueca,PERSONAS CON ENFERMEDAD MENTAL,PERSONAS CON ENFERMEDAD MENTAL,"28090",FUNDACIONSASM@FUNDACIONSASM.ORG,"961703030",2023-05-08 00:00:00,"732428","4342217"
"POINT (724276 4370474)","1548","11198",VIVIENDA SUPERVISADA PARA PERSONAS CON ENFERMEDAD MENTAL CRÓNICA,VIVIENDA TUTELADA VIURE Dr. Peset II,"5",VIVIENDA TUTELADA VIURE S.L.,"Calle Pintor Cortina nº 32, 1ª planta, pta. 1",Entidad Privada,"46250",València/Valencia,València,València,PERSONAS CON ENFERMEDAD MENTAL,PERSONAS CON ENFERMEDAD MENTAL,"790201",vicenta444@hotmail.com,"617313114",2023-05-11 00:00:00,"724276","4370474"
"POINT (724276 4370475)","1549","11199",VIVIENDA ASISTIDA PARA PERSONAS CON ENFERMEDAD MENTAL CRÓNICA,VIVIENDA TUTELADA VIURE DOCTOR PESET,"7",VIVIENDA TUTELADA VIURE S.L.,PINTOR CORTINA,Entidad Privada,"46250",València/Valencia,València,València,PERSONAS CON ENFERMEDAD MENTAL,PERSONAS CON ENFERMEDAD MENTAL,"790201",zero@gva.es,"617313114",2023-05-16 00:00:00,"724276","4370475"
"POINT (732428 4342211)","1550","11200",VIVIENDA SUPERVISADA PARA PERSONAS CON ENFERMEDAD MENTAL CRÓNICA,SASM AURA,"4","FUNDACIÓN DE LA COMUNIDAD VALENCIANA SANTOS ANDRÉS, SANTIAGO Y MIGUEL",Agent Tomás Catalá Simó 12-14 3ºA,Entidad Privada,"46235",València/Valencia,la Ribera Baixa,Sueca,PERSONAS CON ENFERMEDAD MENTAL,PERSONAS CON ENFERMEDAD MENTAL,"28090",FUNDACIONSASM@FUNDACIONSASM.ORG,"961703030",2023-05-11 00:00:00,"732428","4342211"
"POINT (728827 4371432)","1551","11203",VIVIENDA SUPERVISADA PARA PERSONAS CON ENFERMEDAD MENTAL CRÓNICA PARA LA PROMOCIÓN DE LA AUTONOMÍA Y EL FOMENTO DEL APRENDIZAJE DE LAS ACTIVIDADES DE LA VIDA DIARIA,MENTALIA MARITIMO II,"4",CASTA SALUD S.L.U.,"Avenida del Puerto, nº 248, piso 2º, pta. 4",Entidad Privada,"46250",València/Valencia,València,València,PERSONAS CON ENFERMEDAD MENTAL,PERSONAS CON ENFERMEDAD MENTAL,"790201",DIRECCION@MENTALIAPUERTO.COM,"963301291",2023-05-24 00:00:00,"728827","4371432"
"POINT (684374 4297344)","1552","11204",CENTROS DE DÍA DE PERSONAS MAYORES DEPENDIENTES,CENTRO DE DÍA DE PERSONAS MAYORES DEPENDIENTES DE LA FONT DE LA FIGUERA,"40",INSTITUTO VALENCIANO DE SERVICIOS SOCIALES,"Calle Raquel Payá, número 19",Entidad Propia,"46128",València/Valencia,la Costera,la Font de la Figuera,PERSONAS MAYORES,PERSONAS MAYORES,"2109",notificaciones_ivass@gva.es,"963869460",2023-05-24 00:00:00,"684374","4297344"
"POINT (748946 4419386)","1553","11206",CENTRO ESPECÍFICO PARA ENFERMOS MENTALES CRÓNICOS (CEEM),CEEM SAN MARTIN PORRES I,"40","INSOEME, S.L.","Plaza de las monjas, 12",Entidad Privada,"12032",Castelló/Castellón,la Plana Baixa,Borriana/Burriana,PERSONAS CON ENFERMEDAD MENTAL,PERSONAS CON ENFERMEDAD MENTAL,"34643",,"964890200",2023-06-06 00:00:00,"748946","4419386"
"POINT (719485 4375287)","1554","11208",CENTRO DE DÍA PARA PERSONAS CON DISCAPACIDAD O DIVERSIDAD FUNCIONAL,CENTRO DE DÍA PARA PERSONAS CON DIVERSIDAD FUNCIONAL DE PATERNA,"40",INSTITUTO VALENCIANO DE SERVICIOS SOCIALES,"Carretera de Manises, s/n",Entidad Propia,"46190",València/Valencia,l'Horta Nord,Paterna,PERSONAS CON DISCAPACIDAD,PERSONAS CON DISCAPACIDAD,"67854",notificaciones_ivass@gva.es,"966523056",2023-06-29 00:00:00,"719485","4375287"
"POINT (718856 4250288)","1555","11209",VIVIENDA ASISTIDA PARA PERSONAS CON ENFERMEDAD MENTAL CRÓNICA,VIVIENDA TUTELADA NOVAEDAT ALICANTE 2,"7",NOVAEDAT BENESTAR SLU,"CALLE FRANCISCO MARTINEZ MORELLA, 22",Entidad Privada,"03014",Alacant/Alicante,l'Alacantí,Alacant/Alicante,PERSONAS CON ENFERMEDAD MENTAL,PERSONAS CON ENFERMEDAD MENTAL,"330525",MTURRO@NOVAEDAT.ES,"963393090",2023-07-07 00:00:00,"718856","4250288"
"POINT (769264 4303465)","1556","11210",VIVIENDA ASISTIDA PARA PERSONAS CON DISCAPACIDAD INTELECTUAL,APROSDECO - VIVIENDA TUTELADA III,"7",ASOCIACION PRO-DISCAPACIDAD INTELECTUAL DE LA COMARCA DE LA MARINA ALTA. APROSDECO,"C/ HERMANOS GAVILÁ FERRER, 1 ESCALERA 2 PLANTA 1ª",Entidad Privada,"03063",Alacant/Alicante,la Marina Alta,Dénia,PERSONAS CON DISCAPACIDAD,PERSONAS CON DISCAPACIDAD,"41465",COLAXARA@TERRA.ES,"965787017",2023-07-07 00:00:00,"769264","4303465"
"POINT (689483 4216765)","1557","11211",CENTROS DE ATENCIÓN TEMPRANA (CAT),CENTRO ATENCIÓN TEMPRANA RAMÓN LÓPEZ CABRERA,"35","ADIS, ASOCIACION DE PERSONAS CON DIVERSIDAD FUNCIONAL",AVENIDA JUAN CARLOS I Nº 20,Entidad Privada,"03024",Alacant/Alicante,el Baix Segura/La Vega Baja,Benejúzar,PERSONAS CON DISCAPACIDAD,PERSONAS CON DISCAPACIDAD,"5364",ADISUB@GMAIL.COM,"966343085",2023-07-11 00:00:00,"689483","4216765"
"POINT (706068 4356698)","1558","11212",CENTROS SOCIALES,ESPACIO SOCIAL DE LA MANCOMUNIDAD DE LA VALL DELS ALCALANS,"0",AJUNTAMENT DE REAL,Calle Jaime I nº 13 (acceso por C/ La Paz nº 1),Entidad Local,"46212",València/Valencia,la Ribera Alta,Real,POBLACIÓN EN GENERAL Y COLECTIVOS SOCIALMENTE DESFAVORECIDOS,POBLACIÓN EN GENERAL Y COLECTIVOS SOCIALMENTE DESFAVORECIDOS,"2263",REAL_ALC@GVA.ES,"962555006",2023-09-08 00:00:00,"706068","4356698"
"POINT (718349 4368765)","1559","11213",VIVIENDA ASISTIDA PARA PERSONAS CON ENFERMEDAD MENTAL CRÓNICA,LA TORRE II,"7","GESTION SOCIAL DE CENTROS RESIDENCIALES, S.L.U.","CALLE GÓMEZ FERRER, 81",Entidad Privada,"46244",València/Valencia,l'Horta Sud,Torrent,PERSONAS CON ENFERMEDAD MENTAL,PERSONAS CON ENFERMEDAD MENTAL,"80762",despacho4amparo@gmail.com,"961182666",2023-09-08 00:00:00,"718349","4368765"
"POINT (740689 4455306)","1560","11214",CENTROS DE ATENCIÓN TEMPRANA (CAT),CDIAT DE PENYAGOLOSA,"35",MC. PENYAGOLOSA-POBLES NORD,Avenida Sant Isidre Nº 55,Entidad Local,"12001",Castelló/Castellón,l'Alt Maestrat,Atzeneta del Maestrat,PERSONAS CON DISCAPACIDAD,PERSONAS CON DISCAPACIDAD,"1286",notificaciones@penyagolosanord.es,"964370018",2023-09-08 00:00:00,"740689","4455306"
"POINT (715606 4341716)","1561","11215",CENTRO ESPECÍFICO PARA ENFERMOS MENTALES CRÓNICOS (CEEM),NOVAEDAT ALCUDIA,"40",NOVAEDAT BENESTAR SLU,"CALIGRAFO PALAFOX, 7",Entidad Privada,"46019",València/Valencia,la Ribera Alta,l'Alcúdia,PERSONAS CON ENFERMEDAD MENTAL,PERSONAS CON ENFERMEDAD MENTAL,"11820",MTURRO@NOVAEDAT.ES,"963393090",2023-08-23 00:00:00,"715606","4341716"
"POINT (722575 4372280)","1562","11216",CENTROS SOCIALES,Centro de Servicios Sociales,"0",AJUNTAMENT DE MISLATA,Calle San Francisco de Asís,Entidad Local,"46169",València/Valencia,l'Horta Sud,Mislata,POBLACIÓN EN GENERAL Y COLECTIVOS SOCIALMENTE DESFAVORECIDOS,POBLACIÓN EN GENERAL Y COLECTIVOS SOCIALMENTE DESFAVORECIDOS,"42988",zero@gva.es,"610295904",2023-08-31 00:00:00,"722575","4372280"
"POINT (719441 4248584)","1563","11217",CENTROS DE ATENCIÓN TEMPRANA (CAT),CDIAT ZARANDIETA,"35",APSA. ASOCIACION PRO-DEFICIENTES PSIQUICOS DE ALICANTE,"CALLE ZARANDIETA, Nº 2-4-6-8",Entidad Privada,"03014",Alacant/Alicante,l'Alacantí,Alacant/Alicante,PERSONAS CON DISCAPACIDAD,PERSONAS CON DISCAPACIDAD,"330525",APSA@ASOCIACIONAPSA.COM,"965257112",2023-08-31 00:00:00,"719441","4248584"
"POINT (729603 4373771)","1564","11218",VIVIENDAS TUTELADAS,CASA DE ACOGIDA IQBAL MASHI,"4",INSTITUTO SOCIAL DEL TRABAJO ISO,"C/ DOCTOR ÁLVARO LÓPEZ, Nº 58, PISO 3º, PTA 10",Entidad Privada,"46250",València/Valencia,València,València,PERSONAS MIGRANTES,PERSONAS MIGRANTES,"790201",iso@isotrabajo.org,"627637356",2023-09-27 00:00:00,"729603","4373771"
"POINT (723906 4373343)","1565","11219",CENTRO DE DÍA PARA PERSONAS CON DISCAPACIDAD O DIVERSIDAD FUNCIONAL,CENTRO DE DÍA APNAV,"20",ASOC VALENCIANA DE PADRES DE PERSONAS CON AUTISMO,CALLE VALDERINARES 29 Y CALLE GRABADOR ENGUÍDANOS 47,Entidad Privada,"46250",València/Valencia,València,València,PERSONAS CON DISCAPACIDAD,PERSONAS CON DISCAPACIDAD,"790201",,"961362525",2023-10-04 00:00:00,"723906","4373343"
"POINT (748947 4419386)","1566","11220",CENTRO ESPECÍFICO PARA ENFERMOS MENTALES CRÓNICOS (CEEM),CEEM SAN MARTIN DE PORRES II,"40","INSOEME, S.L.",PLAZA DE LAS MONJAS 12,Entidad Privada,"12032",Castelló/Castellón,la Plana Baixa,Borriana/Burriana,PERSONAS CON ENFERMEDAD MENTAL,PERSONAS CON ENFERMEDAD MENTAL,"34643",,"964890200",2023-10-04 00:00:00,"748947","4419386"
"POINT (743884 4317176)","1567","11222",VIVIENDA ASISTIDA PARA PERSONAS CON ENFERMEDAD MENTAL CRÓNICA,VT REPÚBLICA,"7","COMBOIAR, SOCIEDAD LIMITADA",AVENIDA REPÚBLICA ARGENTINA Nº 68-2º-3ª,Entidad Privada,"46131",València/Valencia,la Safor,Gandia,PERSONAS CON ENFERMEDAD MENTAL,PERSONAS CON ENFERMEDAD MENTAL,"74814",enricblay@gmail.com,"670298455",2023-10-10 00:00:00,"743884","4317176"
"POINT (794515 4485856)","1568","11223",VIVIENDA ASISTIDA PARA PERSONAS CON ENFERMEDAD MENTAL CRÓNICA,VIVIENDA TUTELADA ASISTIDA ESCRIBANS,"7",INTEGRA MENT S.L.,PLAZA HUERTO DE LOS ESCRIBANOS 2-5-A,Entidad Privada,"12138",Castelló/Castellón,el Baix Maestrat,Vinaròs,PERSONAS CON ENFERMEDAD MENTAL,PERSONAS CON ENFERMEDAD MENTAL,"28290",administracion@integra-ment.com,"657181859",2023-10-10 00:00:00,"794515","4485856"
"POINT (728483 4413665)","1569","11224",ALBERGUES,CASA DE ACOGIDA EL PATI,"18",CARITAS DIOCESANA DE SEGORBE-CASTELLON,"CALLE SAN MARC, 2",Entidad Privada,"12135",Castelló/Castellón,la Plana Baixa,Vila-real,POBLACIÓN EN GENERAL Y COLECTIVOS SOCIALMENTE DESFAVORECIDOS,POBLACIÓN EN GENERAL Y COLECTIVOS SOCIALMENTE DESFAVORECIDOS,"50252",acsocial@caritas-sc.org,"964255521",2023-10-23 00:00:00,"728483","4413665"
"POINT (744257 4316964)","1570","11226",VIVIENDAS TUTELADAS,CASA HOGAR MARIA TERESA MARQUES VIVIENDA A,"3",CARITAS INTERPARROQUIAL GANDIA,"GUTIÉRREZ MAS, nº 10. A",Entidad Privada,"46131",València/Valencia,la Safor,Gandia,POBLACIÓN EN GENERAL Y COLECTIVOS SOCIALMENTE DESFAVORECIDOS,POBLACIÓN EN GENERAL Y COLECTIVOS SOCIALMENTE DESFAVORECIDOS,"74814",zero@gva.es,"664103633",2023-10-25 00:00:00,"744257","4316964"
"POINT (744263 4316972)","1571","11227",VIVIENDAS TUTELADAS,CASA HOGAR MARIA TERESA MARQUES VIVIENDA B,"3",CARITAS INTERPARROQUIAL GANDIA,"Calle Gutiérrez Mas, nº 10. B",Entidad Privada,"46131",València/Valencia,la Safor,Gandia,POBLACIÓN EN GENERAL Y COLECTIVOS SOCIALMENTE DESFAVORECIDOS,POBLACIÓN EN GENERAL Y COLECTIVOS SOCIALMENTE DESFAVORECIDOS,"74814",interparroquial@caritagandia.org,"664103633",2023-10-25 00:00:00,"744263","4316972"
"POINT (701010 4238459)","1572","11228",VIVIENDA SUPERVISADA PARA PERSONAS CON ENFERMEDAD MENTAL CRÓNICA,VIVIENDA TUTELADA ASFEME,"4",ASOCIACION DE FAMILIARES Y PERSONAS CON ENFERMEDAD MENTAL GRAVE DE LA PROVINCIA DE ALICANTE - ASFEME,"C/ HERMANOS GONZÁLVEZ SELVA, 5, BAJO A",Entidad Privada,"03065",Alacant/Alicante,el Baix Vinalopó,Elx/Elche,PERSONAS CON ENFERMEDAD MENTAL,PERSONAS CON ENFERMEDAD MENTAL,"227659",,"966636334",2023-11-08 00:00:00,"701010","4238459"
"POINT (709097 4365172)","1573","11230",VIVIENDA ASISTIDA PARA PERSONAS CON ENFERMEDAD MENTAL CRÓNICA,NOUS VIVIENDA,"7","FENT XARXA, S.L.",VICENTE ALEIXANDRE (ENTRADA C/JAZMIN 21),Entidad Privada,"46244",València/Valencia,l'Horta Sud,Torrent,PERSONAS CON ENFERMEDAD MENTAL,PERSONAS CON ENFERMEDAD MENTAL,"80762",fentxarxa@fentxarxa.com,"626037804",2023-11-23 00:00:00,"709097","4365172"
"POINT (739173 4394545)","1574","11231",VIVIENDA ASISTIDA PARA PERSONAS CON ENFERMEDAD MENTAL CRÓNICA,VIVIENDA TUTELADA NOVAEDAT PUERTO SAGUNTO 3,"7",NOVAEDAT BENESTAR SLU,"C/ Isla Córcega, 63",Entidad Privada,"46220",València/Valencia,el Camp de Morvedre,Sagunt/Sagunto,PERSONAS CON ENFERMEDAD MENTAL,PERSONAS CON ENFERMEDAD MENTAL,"64439",MTURRO@NOVAEDAT.ES,"963393090",2023-11-23 00:00:00,"739173","4394545"
"POINT (752976 4430640)","1575","11232",CENTRO DE ENVEJECIMIENTO ACTIVO COMUNITARIO (CEA),Centro de Envejecimiento Activo y Saludable de Castelló,"0",AJUNTAMENT DE CASTELLO DE LA PLANA,"Calle Antonio Maura, 4",Entidad Local,"12040",Castelló/Castellón,la Plana Alta,Castelló de la Plana,PERSONAS MAYORES,PERSONAS MAYORES,"170990",,"683474785",2023-11-23 00:00:00,"752976","4430640"
"POINT (724828 4370484)","1576","11233",VIVIENDA ASISTIDA PARA PERSONAS CON ENFERMEDAD MENTAL CRÓNICA,VIVIENDA TUTELADA NOVAEDAT PATRAIX 2,"7",NOVAEDAT BENESTAR SLU,"C/ La Previsora, 2",Entidad Privada,"46250",València/Valencia,València,València,PERSONAS CON ENFERMEDAD MENTAL,PERSONAS CON ENFERMEDAD MENTAL,"790201",MTURRO@NOVAEDAT.ES,"963393090",2023-11-28 00:00:00,"724828","4370484"
"POINT (790713 4479674)","1577","11234",VIVIENDA ASISTIDA PARA PERSONAS CON ENFERMEDAD MENTAL CRÓNICA,VT BENICARLÓ,"7",INCLUSIVA-MENT SL,CALLE COLÓN Nº 13-3º-B,Entidad Privada,"12027",Castelló/Castellón,el Baix Maestrat,Benicarló,PERSONAS CON ENFERMEDAD MENTAL,PERSONAS CON ENFERMEDAD MENTAL,"26486",enricblay@gmail.com,"670298455",2023-12-01 00:00:00,"790713","4479674"
"POINT (699734 4361153)","1578","11235",CENTRO ESPECÍFICO PARA ENFERMOS MENTALES CRÓNICOS (CEEM),NOUS RESIDENCIAL,"40","FENT XARXA, S.L.",VICENTE ALEIXANDRE 1,Entidad Privada,"46244",València/Valencia,l'Horta Sud,Torrent,PERSONAS CON ENFERMEDAD MENTAL,PERSONAS CON ENFERMEDAD MENTAL,"80762",fentxarxa@fentxarxa.com,"626037804",2023-12-13 00:00:00,"699734","4361153"
"POINT (724421 4371820)","1579","11236",CENTRO RESIDENCIAL DE CARÁCTER CONVIVENCIAL. DE APOYO LIMITADO O INTERMITENTE PARA PERSONAS CON PROBLEMAS DE SALUD MENTAL,SENNDA ABASTOS,"7",RED PSICOSOCIAL S.L.,"CALLE ALBAIDA 3, 46018 VALENCIA",Entidad Privada,"46250",València/Valencia,València,València,PERSONAS CON ENFERMEDAD MENTAL,PERSONAS CON ENFERMEDAD MENTAL,"790201",DAVIDTARONCHER@GMAIL.COM,"960300440",2023-12-22 00:00:00,"724421","4371820"
"POINT (722525 4377477)","1580","11237",VIVIENDA SUPERVISADA PARA PERSONAS CON DISCAPACIDAD INTELECTUAL,VIVIENDA TUTELADA ARQUITECTO ALFARO,"5","COOPERATIVA VALENCIANA ""KOYNOS""","CALLE TENOR ALONSO, 55, 12.",Entidad Privada,"46135",València/Valencia,l'Horta Nord,Godella,PERSONAS CON DISCAPACIDAD,PERSONAS CON DISCAPACIDAD,"13029",zero@gva.es,"9636301007",2024-01-15 00:00:00,"722525","4377477"
"POINT (714367 4318704)","1581","11238",VIVIENDA SUPERVISADA PARA PERSONAS CON ENFERMEDAD MENTAL CRÓNICA,VT ABEN HAZAM,"7","MENT SALUT I BENESTAR, SOCIEDAD LIMITADA","CALLE ABEN HAZAM Nº 4, PISO 2º, PTA 4",Entidad Privada,"46145",València/Valencia,la Costera,Xàtiva,PERSONAS CON ENFERMEDAD MENTAL,PERSONAS CON ENFERMEDAD MENTAL,"28973",enricblay@gmail.com,"670298455",2024-01-11 00:00:00,"714367","4318704"
"POINT (724416 4371811)","1582","11241",CENTRO RESIDENCIAL DE CARÁCTER CONVIVENCIAL. DE APOYO LIMITADO O INTERMITENTE PARA PERSONAS CON PROBLEMAS DE SALUD MENTAL,SENNDA PATRAIX,"7",RED PSICOSOCIAL S.L.,"CALLE ALBAIDA 5, 46018 VALENCIA",Entidad Privada,"46250",València/Valencia,València,València,PERSONAS CON ENFERMEDAD MENTAL,PERSONAS CON ENFERMEDAD MENTAL,"790201",DAVIDTARONCHER@GMAIL.COM,"960300440",2024-01-24 00:00:00,"724416","4371811"
"POINT (714264 4318713)","1583","11242",VIVIENDA SUPERVISADA PARA PERSONAS CON ENFERMEDAD MENTAL CRÓNICA,VT CASTELL-XÀTIVA,"7","MENT SALUT I BENESTAR, SOCIEDAD LIMITADA","AVENIDA AUSIÀS MARCH Nº4, BLOQUE B, ESCALERA 3, PLANTA 7, PTª 13",Entidad Privada,"46145",València/Valencia,la Costera,Xàtiva,PERSONAS CON ENFERMEDAD MENTAL,PERSONAS CON ENFERMEDAD MENTAL,"28973",enricblay@gmail.com,"670298455",2024-01-24 00:00:00,"714264","4318713"
"POINT (718175 4370838)","1584","11243",CENTROS DE ATENCIÓN TEMPRANA (CAT),Centro socio-sanitario Fabulare,"35",Eva María,Calle San Critobal nº13  bajo derecha,Entidad Privada,"46021",València/Valencia,l'Horta Sud,Aldaia,PERSONAS CON DISCAPACIDAD,PERSONAS CON DISCAPACIDAD,"31246",fabualrelogopedia@gmail.com,"681945440",2024-01-26 00:00:00,"718175","4370838"
"POINT (701407 4237993)","1585","11244",RESIDENCIA PARA PERSONAS MAYORES,CENTRO CASAVERDE ELCHE,"150","CENTRO CASAVERDE ELCHE, S.L.","DE LA LIBERTAD, esq. C/MARIANO BENLLIURE, esq. C/VICENTE ALONSO PEREZ",Entidad Privada,"03065",Alacant/Alicante,el Baix Vinalopó,Elx/Elche,PERSONAS MAYORES,PERSONAS MAYORES,"227659",,"625509689",2024-01-30 00:00:00,"701407","4237993"
"POINT (760255 4301437)","1586","11245",VIVIENDA ASISTIDA PARA PERSONAS CON ENFERMEDAD MENTAL CRÓNICA,VIVIENDA TUTELADA NOVAEDAT BENIARBEIG,"7",NOVAEDAT BENESTAR SLU,"CALLE SAN ROQUE, 28",Entidad Privada,"03026",Alacant/Alicante,la Marina Alta,Beniarbeig,PERSONAS CON ENFERMEDAD MENTAL,PERSONAS CON ENFERMEDAD MENTAL,"1917",MTURRO@NOVAEDAT.ES,"963393090",2024-01-30 00:00:00,"760255","4301437"
"POINT (751999 4430143)","1587","11246",RESIDENCIAS PARA PERSONAS MAYORES DEPENDIENTES,BALLESOL CASTELLÓN,"121","INTERCENTROS BALLESOL, S.A.",CALLE LA MATA DE MORELLA 4,Entidad Privada,"12040",Castelló/Castellón,la Plana Alta,Castelló de la Plana,PERSONAS MAYORES,PERSONAS MAYORES,"170990",elisa.herranz@ballesol.es,"964187601",2024-02-01 00:00:00,"751999","4430143"
"POINT (697540 4232480)","1588","11247",CENTROS DE DÍA PARA PERSONAS CON DIVERSIDAD FUNCIONAL INTELECTUAL,CENTRO DE DIA GARROFERS,"40",INSTITUTO VALENCIANO DE SERVICIOS SOCIALES,PARTIDA ALGODA POL 2 Nº42,Entidad Propia,"03065",Alacant/Alicante,el Baix Vinalopó,Elx/Elche,PERSONAS CON DISCAPACIDAD,PERSONAS CON DISCAPACIDAD,"227659",,"963869460",2024-02-15 00:00:00,"697540","4232480"
"POINT (725779 4249336)","1589","11248",RESIDENCIA PARA PERSONAS MAYORES,RESIDENCIA PARA PERSONAS MAYORES CABO HUERTAS,"75","PELLERANO, S.L.","AVENIDA CATALUÑA, 23A",Entidad Privada,"03014",Alacant/Alicante,l'Alacantí,Alacant/Alicante,PERSONAS MAYORES,PERSONAS MAYORES,"330525",,"965143121",2024-02-26 00:00:00,"725779","4249336"
"POINT (718383 4371170)","1590","11249",VIVIENDA ASISTIDA PARA PERSONAS CON ENFERMEDAD MENTAL CRÓNICA,LIRIDA ALDAIA,"7",LIRIDA VIVIENDAS TUTELADAS SL,"CL. ALAQUAS,19-1º-5ª. 46960 ALDAIA",Entidad Privada,"46021",València/Valencia,l'Horta Sud,Aldaia,PERSONAS CON ENFERMEDAD MENTAL,PERSONAS CON ENFERMEDAD MENTAL,"31246",RONCALES@RONCALES.COM,"963152071",2024-03-25 00:00:00,"718383","4371170"
"POINT (726374 4371015)","1591","11251",VIVIENDA ASISTIDA PARA PERSONAS CON ENFERMEDAD MENTAL CRÓNICA,LIRIDA ZAPADORES,"7",LIRIDA VIVIENDAS TUTELADAS SL,"CL. ZAPADORES, 5 - 14ª",Entidad Privada,"46250",València/Valencia,València,València,PERSONAS CON ENFERMEDAD MENTAL,PERSONAS CON ENFERMEDAD MENTAL,"790201",roncales@roncales.com,"963152071",2024-04-25 00:00:00,"726374","4371015"
"POINT (707021 4390203)","1592","11252",CENTRO DE DÍA PARA PERSONAS CON DISCAPACIDAD O DIVERSIDAD FUNCIONAL,CENTRO DE DÍA ALCER TURIA,"40","ALCER-TURIA, ASOCIACION PARA LA LUCHA CONTRA LAS ENFERMEDADES DEL RIÑON",CALLE DELS FORNILLERS Nº 1,Entidad Privada,"46147",València/Valencia,el Camp de Túria,Llíria,PERSONAS CON DISCAPACIDAD,PERSONAS CON DISCAPACIDAD,"22796",ASOCIACION@ALCERTURIA.ORG,"655881498",2024-05-15 00:00:00,"707021","4390203"
"POINT (727683 4373097)","1593","11253",CENTRO DE DÍA PARA PERSONAS MAYORES EN SITUACIÓN DE DEPENDENCIA O CON NECESIDADES AFINES,CAMP DE TÚRIA ALGIRÓS,"50",ASOCIACION CAMP DE TURIA,"C/Palancia, 10",Entidad Privada,"46250",València/Valencia,València,València,PERSONAS MAYORES,PERSONAS MAYORES,"790201",,"656555205",2024-05-15 00:00:00,"727683","4373097"
"POINT (694016 4193456)","1594","11254",CENTROS DE ATENCIÓN TEMPRANA (CAT),CENTRO DE ATENCIÓN TEMPRANA ESCUELAS PATERNINAS,"35",AYUNTAMIENTO DE PILAR DE LA HORADADA,"CALLE GRANADA, 4",Entidad Local,"03902",Alacant/Alicante,el Baix Segura/La Vega Baja,Pilar de la Horadada,PERSONAS CON DISCAPACIDAD,PERSONAS CON DISCAPACIDAD,"21348",zero@gva.es,"965352225",2024-05-21 00:00:00,"694016","4193456"
"POINT (727774 4379175)","1595","11256",CENTROS DE DÍA DE PERSONAS MAYORES DEPENDIENTES,CENTRO DE DIA PERSONAS MAYORES ANA LLUCH,"50",INSTITUTO VALENCIANO DE SERVICIOS SOCIALES,AV. ENRIC VALOR 20,Entidad Propia,"46166",València/Valencia,l'Horta Nord,Meliana,PERSONAS MAYORES,PERSONAS MAYORES,"10619",,"963869500",2024-06-11 00:00:00,"727774","4379175"
"POINT (692281 4235599)","1596","11258",CENTRO DE REHABILITACIÓN E INTEGRACIÓN SOCIAL PARA ENFERMOS MENTALES CRÓNICOS,Centro de Rehabilitación e Integración Social CRIS Pare Jofre,"50",ADIEM SENTIT FUNDACIÓN DE LA COMUNITAT VALENCIANA,"AV. CREVILLENTINS ABSENTS, 8",Entidad Privada,"03059",Alacant/Alicante,el Baix Vinalopó,Crevillent,PERSONAS CON ENFERMEDAD MENTAL,PERSONAS CON ENFERMEDAD MENTAL,"28691",,"635189543",2024-08-02 00:00:00,"692281","4235599"
"POINT (685554 4399650)","1597","11259",CENTRO DE DÍA PARA PERSONAS CON DISCAPACIDAD O DIVERSIDAD FUNCIONAL,Centro de Día Las Suertes,"50",ATENCIÓN A LA DIVERSIDAD LAS SUERTES (A.D.I.S),Partida las suertes s/n,Entidad Privada,"46258",València/Valencia,La Serranía,Villar del Arzobispo,PERSONAS CON DISCAPACIDAD,PERSONAS CON DISCAPACIDAD,"3565",SUERTESVILLAR@HOTMAIL.COM,"962720074",2024-08-07 00:00:00,"685554","4399650"
"POINT (726279 4371406)","1598","11262",CENTROS DE DÍA PARA PERSONAS CON DIVERSIDAD FUNCIONAL FÍSICA,CENTRO DE DÍA DAÑO CEREBRAL ADQUIRIDO RUZAFA,"30",INSTITUTO VALENCIANO DE SERVICIOS SOCIALES,"CL PINTOR SALVADOR ABRIL, 25",Entidad Propia,"46250",València/Valencia,València,València,PERSONAS CON DISCAPACIDAD,PERSONAS CON DISCAPACIDAD,"790201",,"963869902",2024-09-10 00:00:00,"726279","4371406"
"POINT (714084 4344562)","1599","11264",VIVIENDAS TUTELADAS,Casa de Acogida Santa Josefina Bakhita,"5",INSTITUTO SOCIAL DEL TRABAJO ISO,"C/ ANTONIO MACHADO Nº 27, PISO 3º, PTA 22",Entidad Privada,"46085",València/Valencia,la Ribera Alta,Carlet,PERSONAS MIGRANTES,PERSONAS MIGRANTES,"15384",iso@isotrabajo.org,"627637356",2024-09-25 00:00:00,"714084","4344562"
"POINT (717796 4247584)","1600","11265",CENTRO DE REHABILITACIÓN E INTEGRACIÓN SOCIAL PARA ENFERMOS MENTALES CRÓNICOS,CENTRO DE REHABILITACIÓN E INTEGRACIÓN SOCIAL CAPI,"70",ADIEM SENTIT FUNDACIÓN DE LA COMUNITAT VALENCIANA,"CALLE MÉDICO MANUEL ALBEROLA, S/N",Entidad Privada,"03014",Alacant/Alicante,l'Alacantí,Alacant/Alicante,PERSONAS CON ENFERMEDAD MENTAL,PERSONAS CON ENFERMEDAD MENTAL,"330525",ADIEM@ADIEM.ORG,"635189543",2024-09-25 00:00:00,"717796","4247584"
"POINT (717764 4380700)","1601","11266",CENTROS DE ATENCIÓN TEMPRANA (CAT),CDIAT FUVANE,"35","FUVANE, FUNDACION DE LA COMUNIDAD VALENCIANA PARA LA NEUROREHABILITACION","RONDA NARCISO MONTURIOL Y ESTARRIOL 7-9 BAJOS, PARQUE TECNOLÓGICO, PATERNA, VALENCIA",Entidad Privada,"46190",València/Valencia,l'Horta Nord,Paterna,PERSONAS CON DISCAPACIDAD,PERSONAS CON DISCAPACIDAD,"67854",,961366865 676422994,2024-10-20 00:00:00,"717764","4380700"
"POINT (721064 4254499)","1602","11267",RESIDENCIAS PARA PERSONAS MAYORES DEPENDIENTES,DOMUSVI MUTXAMEL,"125","SERVIGER 21, S.L.","PARTIDA LA OBRERA, nº 8",Entidad Privada,"03090",Alacant/Alicante,l'Alacantí,Mutxamel,PERSONAS MAYORES,PERSONAS MAYORES,"24487",DAMO@DOMUSVI.ES,"607809589",2024-10-24 00:00:00,"721064","4254499"
"POINT (720198 4368419)","1603","11268",RESIDENCIAS PARA PERSONAS MAYORES DEPENDIENTES,RESIDENCIAL TERCERA EDAD PICANYA,"140","GERORESIDENCIALES SOLIMAR, S.L.","AVENIDA RICARDO CAPELLA Nº4. C.P. 46210, Picanya",Entidad Privada,"46193",València/Valencia,l'Horta Sud,Picanya,PERSONAS MAYORES,PERSONAS MAYORES,"11281",,"963307158",2024-10-25 00:00:00,"720198","4368419"
"POINT (720196 4368422)","1604","11269",CENTROS DE DÍA DE PERSONAS MAYORES DEPENDIENTES,CENTRO DE DIA PICANYA,"25","GERORESIDENCIALES SOLIMAR, S.L.","PD Tulmone, polígono 13, parcela 26, Azafranar C.P. 46210, Picanya,",Entidad Privada,"46193",València/Valencia,l'Horta Sud,Picanya,PERSONAS MAYORES,PERSONAS MAYORES,"11281",,"963307158",2024-10-25 00:00:00,"720196","4368422"
"POINT (714181 4333590)","1605","11270",CENTROS DE DÍA DE PERSONAS MAYORES DEPENDIENTES,CENTRE DE DIA D'ALBERIC,"34",AJUNTAMENT D'ALBERIC,"Camí Missana, nº 16",Entidad Local,"46011",València/Valencia,la Ribera Alta,Alberic,PERSONAS MAYORES,PERSONAS MAYORES,"10537",urbanismo@alberic.es,"962440066",2024-11-21 00:00:00,"714181","4333590"
"POINT (718584 4247415)","1606","11274",VIVIENDA SUPERVISADA PARA PERSONAS CON DISCAPACIDAD INTELECTUAL,VIVIENDA TUTELADA ALICANTE II,"4",APSA. ASOCIACION PRO-DEFICIENTES PSIQUICOS DE ALICANTE,SAN RAIMUNDO,Entidad Privada,"03014",Alacant/Alicante,l'Alacantí,Alacant/Alicante,PERSONAS CON DISCAPACIDAD,PERSONAS CON DISCAPACIDAD,"330525",APSA@ASOCIACIONAPSA.COM,"638061932",2024-11-14 00:00:00,"718584","4247415"
"POINT (707929 4300078)","1607","11275",CENTROS DE DÍA PARA PERSONAS MAYORES DEPENDIENTES ANEXO A RESIDENCIA,Centro de Día Residencia P.M.D. San Francisco Ontinyent,"30",ASOCIACIÓN AMIGOS DE LOS ANCIANOS RESIDENCIA SAN FRANCISCO,"C/ GOMIS, 53",Entidad Privada,"46184",València/Valencia,la Vall d'Albaida,Ontinyent,PERSONAS MAYORES,PERSONAS MAYORES,"35534",direccion@residenciasanfrancisco.com,"962381285",2024-11-21 00:00:00,"707929","4300078"
"POINT (717322 4367615)","1608","11276",VIVIENDAS TUTELADAS,Casa de Acogida Igino Giordani-Foco,"4",INSTITUTO SOCIAL DEL TRABAJO ISO,"AVDA AL VEDAT Nº 110, PISO 2º, PTA 5",Entidad Privada,"46244",València/Valencia,l'Horta Sud,Torrent,PERSONAS MIGRANTES,PERSONAS MIGRANTES,"80762",iso@isotrabajo.org,"627637356",2024-11-28 00:00:00,"717322","4367615"
"POINT (726642 4375984)","1609","11278",RESIDENCIAS PARA PERSONAS MAYORES DEPENDIENTES,Residencia de la Tercera Edad Tavernes Blanques,"138",SOLIMAR TAVERNES BLANQUES SLU,"Calle 1 de Mayo n.º 34, esquina Calle Francesc Roig",Entidad Privada,"46237",València/Valencia,l'Horta Nord,Tavernes Blanques,PERSONAS MAYORES,PERSONAS MAYORES,"9181",,"963307158",2024-12-11 00:00:00,"726642","4375984"
"POINT (751671 4429620)","1610","11280",CENTRO DE REHABILITACIÓN E INTEGRACIÓN SOCIAL PARA ENFERMOS MENTALES CRÓNICOS,CENTRO DE REHABILITACIÓN E INTEGRACIÓN SOCIAL PARA ENFERMOS MENTALES CRÓNICOS GRAN VÍA,"70",GENERALITAT VALENCIANA,"AVDA TARREGA MONTEBLANCO, 43",Entidad Propia,"12040",Castelló/Castellón,la Plana Alta,Castelló de la Plana,PERSONAS CON ENFERMEDAD MENTAL,PERSONAS CON ENFERMEDAD MENTAL,"170990",,"964219101",2012-12-31 00:00:00,"751671","4429620"
"POINT (751665 4429615)","1611","11281",CENTRO ESPECÍFICO PARA ENFERMOS MENTALES CRÓNICOS (CEEM),CENTRO ESPECÍFICO PARA ENFERMOS MENTALES CRÓNICOS GRAN VIA,"40",GENERALITAT VALENCIANA,"AVDA TARREGA MONTEBLANCO, 43",Entidad Propia,"12040",Castelló/Castellón,la Plana Alta,Castelló de la Plana,PERSONAS CON ENFERMEDAD MENTAL,PERSONAS CON ENFERMEDAD MENTAL,"170990",,"964219101",2012-12-31 00:00:00,"751665","4429615"
"POINT (751674 4429621)","1612","11282",CENTRO DE DÍA PARA PERSONAS CON DISCAPACIDAD O DIVERSIDAD FUNCIONAL,CENTRO DE DIA PARA PERSONAS CON DISCAPACIDAD O DIVERSIDAD FUNCIONAL GRAN VÍA,"24",GENERALITAT VALENCIANA,"AVDA TARREGA MONTEBLANCO, 43",Entidad Propia,"12040",Castelló/Castellón,la Plana Alta,Castelló de la Plana,PERSONAS CON DISCAPACIDAD,PERSONAS CON DISCAPACIDAD,"170990",,"964219101",2012-12-31 00:00:00,"751674","4429621"
"POINT (751665 4429621)","1613","11283",RESIDENCIA DE PERSONAS CON DISCAPACIDAD O DIVERSIDAD FUNCIONAL,REDIDENCIA DE PERSONAS CON DISCAPACIDAD O DIVERSIDAD FUNCIONAL GRAN VIA,"16",GENERALITAT VALENCIANA,"AVDA TARREGA MONTEBLANCO, 43",Entidad Propia,"12040",Castelló/Castellón,la Plana Alta,Castelló de la Plana,PERSONAS CON DISCAPACIDAD,PERSONAS CON DISCAPACIDAD,"170990",,"964219101",2012-12-31 00:00:00,"751665","4429621"
"POINT (751665 4429620)","1614","11284",CENTRO DE DÍA PARA PERSONAS CON ENFERMEDAD MENTAL CRÓNICA,CENTRO DE DÍA PARA PERSONAS CON ENFERMEDAD MENTAL CRÓNICA GRAN VIA,"40",GENERALITAT VALENCIANA,"AVDA TARREGA MONTEBLANCO, 43",Entidad Propia,"12040",Castelló/Castellón,la Plana Alta,Castelló de la Plana,PERSONAS CON ENFERMEDAD MENTAL,PERSONAS CON ENFERMEDAD MENTAL,"170990",,"964219101",2012-12-31 00:00:00,"751665","4429620"
"POINT (667941 4325126)","1615","11285",RESIDENCIA DE PERSONAS CON DISCAPACIDAD O DIVERSIDAD FUNCIONAL,Residencia para personas con diversidad funcional psíquica AYORA,"12",AYUNTAMIENTO DE AYORA,"C/ TRINQUETE, 29",Entidad Local,"46044",València/Valencia,El Valle de Cofrentes-Ayora,Ayora,PERSONAS CON DISCAPACIDAD,PERSONAS CON DISCAPACIDAD,"5320",,"961890578",2015-01-30 00:00:00,"667941","4325126"
"POINT (667945 4325122)","1616","11286",CENTRO OCUPACIONAL PARA PERSONAS CON DISCAPACIDAD O DIVERSIDAD FUNCIONAL,Centro ocupacional para personas con diversidad funcional AYORA,"35",AYUNTAMIENTO DE AYORA,"C/ TRINQUETE, 29",Entidad Local,"46044",València/Valencia,El Valle de Cofrentes-Ayora,Ayora,PERSONAS CON DISCAPACIDAD,PERSONAS CON DISCAPACIDAD,"5320",,"961890578",2015-01-30 00:00:00,"667945","4325122"
"POINT (704343 4207937)","1617","11287",CENTRO DE DÍA PARA PERSONAS CON PROBLEMAS DE SALUD MENTAL GRAVE,"CENTRO DE DÍA PARA PERSONAS CON PROBLEMAS DE SALUD MENTAL GRAVE ""TORRENOVA""","30",ADIEM SENTIT FUNDACIÓN DE LA COMUNITAT VALENCIANA,"AVENIDA DE LAS CORTES VALENCIANAS, 85",Entidad Privada,"03133",Alacant/Alicante,el Baix Segura/La Vega Baja,Torrevieja,PERSONAS CON ENFERMEDAD MENTAL,PERSONAS CON ENFERMEDAD MENTAL,"84213",,"635189543",2024-12-30 00:00:00,"704343","4207937"
"POINT (725733 4372816)","1618","11288",CENTRO DE ATENCION TEMPORAL DE EMERGENCIAS SOCIALES,CATE COTLAS SENABRE,"30",ASOCIACIÓN DE FAMILIARES DE PERSONAS CON DISCAPACIDAD INTELECTUAL LA TORRE,,Entidad Privada,"46250",València/Valencia,València,València,PERSONAS CON DISCAPACIDAD,PERSONAS CON DISCAPACIDAD,"790201",,,2025-01-13 00:00:00,"725733","4372816"
"POINT (725733 4372816)","1619","11289",CENTRO DE ATENCION TEMPORAL DE EMERGENCIAS SOCIALES,CATE ASPRONA,"15",ASOCIACIÓN DE FAMILIARES DE PERSONAS CON DISCAPACIDAD INTELECTUAL LA TORRE,,Entidad Privada,"46250",València/Valencia,València,València,PERSONAS CON DISCAPACIDAD,PERSONAS CON DISCAPACIDAD,"790201",,,2025-01-13 00:00:00,"725733","4372816"
"POINT (714086 4344931)","1620","11290",CENTRO DE ATENCION TEMPORAL DE EMERGENCIAS SOCIALES,CATE SENAD,"20",SOCIEDAD ESPAÑOLA DE NIÑOS Y ADOLESCENTES CON DISCAPACIDADES (SENAD),,Entidad Privada,"46085",València/Valencia,la Ribera Alta,Carlet,PERSONAS CON DISCAPACIDAD,PERSONAS CON DISCAPACIDAD,"15384",,,2025-01-13 00:00:00,"714086","4344931"
"POINT (724064 4375410)","1621","11291",CENTRO RESIDENCIAL DE CARÁCTER CONVIVENCIAL. DE APOYO LIMITADO O INTERMITENTE PARA PERSONAS EN SITUACIÓN O RIESGO DE EXCLUSIÓN,Vivienda Regina Mas SJDV,"7",SANT JOAN DE DEU SERVEIS SOCIALS VALENCIA HOSPITALARIOS DE SAN JUAN DE DIOS-PROV DE ARAGON,"Plaza Regino Mas, Nº3, 2º, pta. 7 y 8.",Entidad Privada,"46250",València/Valencia,València,València,POBLACIÓN EN GENERAL Y COLECTIVOS SOCIALMENTE DESFAVORECIDOS,POBLACIÓN EN GENERAL Y COLECTIVOS SOCIALMENTE DESFAVORECIDOS,"790201",socialvalencia.info@sjd.es,"963665070",2025-01-16 00:00:00,"724064","4375410"
"POINT (716768 4367968)","1622","11292",VIVIENDAS TUTELADAS,HOGAR SANTA ROSA DE LIMA,"7",FUNDACION HOGARES SAN MARTIN DE PORRES DE LA COMUNIDAD VALENCIANA,"CALLE SAN ENRIQUE, 16",Entidad Privada,"46244",València/Valencia,l'Horta Sud,Torrent,POBLACIÓN EN GENERAL Y COLECTIVOS SOCIALMENTE DESFAVORECIDOS,POBLACIÓN EN GENERAL Y COLECTIVOS SOCIALMENTE DESFAVORECIDOS,"80762",,"961560631",2025-01-23 00:00:00,"716768","4367968"
"POINT (725733 4372816)","1623","11293",CENTRO DE ATENCION TEMPORAL DE EMERGENCIAS SOCIALES,CATE PER AMOR A L'ART,"35",ASOCIACIÓN DE FAMILIARES DE PERSONAS CON DISCAPACIDAD INTELECTUAL LA TORRE,,Entidad Privada,"46250",València/Valencia,València,València,PERSONAS CON DISCAPACIDAD,PERSONAS CON DISCAPACIDAD,"790201",,,2025-01-24 00:00:00,"725733","4372816"
"POINT (726212 4369973)","1624","11294",CENTRO DE DÍA PARA PERSONAS MAYORES EN SITUACIÓN DE DEPENDENCIA O CON NECESIDADES AFINES,CAMP DE TÚRIA AUSIAS MARCH,"50",ASOCIACION CAMP DE TURIA,AUSIAS MARCH 78 BAJO,Entidad Privada,"46250",València/Valencia,València,València,PERSONAS MAYORES,PERSONAS MAYORES,"790201",,"658484639",2025-02-05 00:00:00,"726212","4369973"
"POINT (726193 4369979)","1625","11295",CENTRO DE DÍA PARA PERSONAS MAYORES EN SITUACIÓN DE DEPENDENCIA O CON NECESIDADES AFINES,CAMP DE TÚRIA ISLA CABRERA,"50",ASOCIACION CAMP DE TURIA,ISLA CABRERA 82 BAJO,Entidad Privada,"46250",València/Valencia,València,València,PERSONAS MAYORES,PERSONAS MAYORES,"790201",,"658484639",2025-02-05 00:00:00,"726193","4369979"
"POINT (712798 4299920)","1626","11296",CENTRO DE DÍA PARA PERSONAS MAYORES EN SITUACIÓN DE DEPENDENCIA O CON NECESIDADES AFINES,"CENTRO DIA DE MAYORES DEPENDIENTES ""EL PATRONAT"" DE AGULLENT","25",INSTITUTO VALENCIANO DE SERVICIOS SOCIALES,C/DE LA TORRE 5,Entidad Propia,"46004",València/Valencia,la Vall d'Albaida,Agullent,PERSONAS MAYORES,PERSONAS MAYORES,"2395",,"961622341",2025-02-05 00:00:00,"712798","4299920"
"POINT (753005 4512078)","1627","11297",CENTRO RESIDENCIAL DE CARÁCTER CONVIVENCIAL. DE APOYO LIMITADO O INTERMITENTE PARA PERSONAS EN SITUACIÓN O RIESGO DE EXCLUSIÓN,CENTRO RESIDENCIAL DE CARÁCTER CONVIVENCIAL ESCALETA,"4",ASOCIACION A.M.B.I.T.,"Calle del medio, 9",Entidad Privada,"12068",Castelló/Castellón,els Ports,Herbers,POBLACIÓN EN GENERAL Y COLECTIVOS SOCIALMENTE DESFAVORECIDOS,POBLACIÓN EN GENERAL Y COLECTIVOS SOCIALMENTE DESFAVORECIDOS,"49",administracion@associacioambit.org,"963119923",2025-02-12 00:00:00,"753005","4512078"
"POINT (753098 4512080)","1628","11298",CENTRO RESIDENCIAL DE CARÁCTER CONVIVENCIAL. DE APOYO LIMITADO O INTERMITENTE PARA PERSONAS EN SITUACIÓN O RIESGO DE EXCLUSIÓN,CENTRO RESIDENCIAL DE CARÁCTER CONVIVENCIAL ESPIGOL,"4",ASOCIACION A.M.B.I.T.,"C/ LLANA, 18 PLANTA BAJA PTA 1",Entidad Privada,"12068",Castelló/Castellón,els Ports,Herbers,POBLACIÓN EN GENERAL Y COLECTIVOS SOCIALMENTE DESFAVORECIDOS,POBLACIÓN EN GENERAL Y COLECTIVOS SOCIALMENTE DESFAVORECIDOS,"49",administracion@associacioambit.org,"963119923",2025-02-13 00:00:00,"753098","4512080"
"POINT (722454 4379042)","1629","11299",ALBERGUE PARA PERSONAS EN SITUACIÓN O RIESGO DE EXCLUSIÓN SOCIAL,CENTRO DE ACOGIDA PARA FAMILIAS EL TORREON,"20",OBRA MERCEDARIA DE VALENCIA,"PLAZA ESPAÑA, 4",Entidad Privada,"46216",València/Valencia,l'Horta Nord,Rocafort,POBLACIÓN EN GENERAL Y COLECTIVOS SOCIALMENTE DESFAVORECIDOS,POBLACIÓN EN GENERAL Y COLECTIVOS SOCIALMENTE DESFAVORECIDOS,"6940",gestion@omv.social,"654037633",2025-02-17 00:00:00,"722454","4379042"
"POINT (720484 4248693)","1630","11300",VIVIENDAS TUTELADAS,VIVIENDA BÉJAR ALICANTE,"2",CARITAS DIOCESANA DE ORIHUELA-ALICANTE,"CALLE BÉJAR,4 2ºD",Entidad Privada,"03014",Alacant/Alicante,l'Alacantí,Alacant/Alicante,POBLACIÓN EN GENERAL Y COLECTIVOS SOCIALMENTE DESFAVORECIDOS,POBLACIÓN EN GENERAL Y COLECTIVOS SOCIALMENTE DESFAVORECIDOS,"330525",SECRETARIA@CARITASOA.ORG,"657863444",2025-02-18 00:00:00,"720484","4248693"
"POINT (762578 4301581)","1631","11301",CENTROS DE DÍA DE PERSONAS MAYORES DEPENDIENTES,CENTRE DE DIA ONDARA,"25",FUNDACIÓ DE LA COMUNITAT VALENCIANA RESIDENCIA NOSTRA SENYORA DE LA SOLEDAT D'ONDARA,"CARRER JOSEP MAURO GRIMALT,3",Entidad Privada,"03095",Alacant/Alicante,la Marina Alta,Ondara,PERSONAS MAYORES,PERSONAS MAYORES,"6647",resiondara@gmail.com,"965767002",2025-02-28 00:00:00,"762578","4301581"
"POINT (739140.72 4396691.65)","1632","11302",RESIDENCIA PARA PERSONAS MAYORES,RESIDENCIA ALBERTIA PLAYA DE CANET,"136",ALBERTIA SERVICIOS SOCIOSANITARIOS SA,AVENIDA JOAN MARTORELL 4,Entidad Privada,"46082",València/Valencia,el Camp de Morvedre,Canet d'En Berenguer,PERSONAS MAYORES,PERSONAS MAYORES,"6513",,"960660444",2025-03-21 00:00:00,"739140.72","4396691.65"
"POINT (751648 4429512)","1633","11303",CENTROS DE DESARROLLO INFANTIL Y ATENCIÓN TEMPRANA (CDIAT),CDIAT TEACAST,"55",ASSOCIACIÓ TEA CAST,CALLE RIO ADRA 8,Entidad Privada,"12040",Castelló/Castellón,la Plana Alta,Castelló de la Plana,PERSONAS CON DISCAPACIDAD,PERSONAS CON DISCAPACIDAD,"170990",,"640743798",2025-04-19 00:00:00,"751648","4429512"
"POINT (735872 4411669)","1634","11305",RESIDENCIA PARA PERSONAS MAYORES,RESIDENCIA P.M.D. NOVAEDAT LA VALL D'UXÓ,"120","NOVAEDAT VALL D'UIXÓ, S.L.","MIGJORN, 7",Entidad Privada,"12126",Castelló/Castellón,la Plana Baixa,la Vall d'Uixó,PERSONAS MAYORES,PERSONAS MAYORES,"31819",,"963393090",2025-05-09 00:00:00,"735872","4411669"
"POINT (702539 4277722)","1635","11306",CENTRO RESIDENCIAL DE CARÁCTER CONVIVENCIAL. DE APOYO EXTENSO. PERSONAS CON DIVERSIDAD FUNCIONAL INTELECTUAL,Vivienda Tutelada Onil,"7","ASOCIACIÓN DOMUS, CUIDADO AL DEPENDIENTE Y ATENCIÓN AL MENOR","Partida de San Antonio, Avenida de Castalla s/n",Entidad Privada,"03096",Alacant/Alicante,l'Alcoià,Onil,PERSONAS CON DISCAPACIDAD,PERSONAS CON DISCAPACIDAD,"7494",,"960457950",2025-05-22 00:00:00,"702539","4277722"
"POINT (717737 4366445)","1636","11308",CENTRO DE ACOGIDA PARA PERSONAS SIN HOGAR,HOGAR PARA FAMILIAS LUIS AMIGO,"30",RELIGIOSOS TERCIARIOS CAPUCHINOS. PROVINCIA DE LUIS AMIGO,RIU SEGURA Nº 9 TORRENT,Entidad Privada,"46244",València/Valencia,l'Horta Sud,Torrent,POBLACIÓN EN GENERAL Y COLECTIVOS SOCIALMENTE DESFAVORECIDOS,POBLACIÓN EN GENERAL Y COLECTIVOS SOCIALMENTE DESFAVORECIDOS,"80762",,"655914654",2025-07-07 00:00:00,"717737","4366445"
"POINT (738172 4338400)","1637","11309",RESIDENCIA PARA PERSONAS MAYORES,NOVAEDAT CULLERA,"120","GEROCLEOP, S.L.","CALLE VELAZQUEZ,4",Entidad Privada,"46105",València/Valencia,la Ribera Baixa,Cullera,PERSONAS MAYORES,PERSONAS MAYORES,"22139",,"963393090",2025-07-21 00:00:00,"738172","4338400"
"POINT (731579 4386042)","1638","11310",RESIDENCIAS PARA PERSONAS MAYORES DEPENDIENTES,RESIDENCIA COMUNIDAD DE VALENCIA EL PUIG,"128",RESIDENCIA COMUNIDAD DE VALENCIA SL,"C/ MARIA MOLINER, 2",Entidad Privada,"46204",València/Valencia,l'Horta Nord,el Puig de Santa Maria,PERSONAS MAYORES,PERSONAS MAYORES,"8735",,"962772255",2025-07-28 00:00:00,"731579","4386042"
"POINT (744167 4317677)","1639","11311",CENTRO RESIDENCIAL DE CARÁCTER CONVIVENCIAL. DE APOYO LIMITADO O INTERMITENTE PARA PERSONAS EN SITUACIÓN O RIESGO DE EXCLUSIÓN,CÁRITAS GANDIA - VIVIENDA DE EMERGENCIA SOCIAL,"6",CARITAS INTERPARROQUIAL GANDIA,"Calle Gabriel Miró, 50-5º-9ª",Entidad Privada,"46131",València/Valencia,la Safor,Gandia,POBLACIÓN EN GENERAL Y COLECTIVOS SOCIALMENTE DESFAVORECIDOS,POBLACIÓN EN GENERAL Y COLECTIVOS SOCIALMENTE DESFAVORECIDOS,"74814",,"962873364",2025-07-30 00:00:00,"744167","4317677"
"POINT (711125 4278227)","1640","11313",CENTRO DE ATENCION TEMPORAL DE EMERGENCIAS SOCIALES,CENTRO DE EMERGENCIA INFANTA ELENA,"70",APCA-ASOCIACION DE PARALITICOS CEREBRALES DE ALICANTE,,Entidad Privada,"03079",Alacant/Alicante,l'Alcoià,Ibi,PERSONAS CON DISCAPACIDAD,PERSONAS CON DISCAPACIDAD,"23365",,,2025-07-30 00:00:00,"711125","4278227"
"POINT (749359 4419585)","1641","11314",CENTRO DE ATENCION TEMPORAL DE EMERGENCIAS SOCIALES,CEEM ALBOCÁCER (Centro de emergencia),"25",INSTITUTO VALENCIANO DE SERVICIOS SOCIALES,,Entidad Propia,"12032",Castelló/Castellón,la Plana Baixa,Borriana/Burriana,PERSONAS CON ENFERMEDAD MENTAL,PERSONAS CON ENFERMEDAD MENTAL,"34643",,,2025-07-30 00:00:00,"749359","4419585"
"POINT (718313 4348851)","1642","11315",CENTRO DE ATENCION TEMPORAL DE EMERGENCIAS SOCIALES,CENTRO DE EMERGENCIA HORT DE FELIU,"66",AJUNTAMENT D'ALGINET,,Entidad Local,"46031",València/Valencia,la Ribera Alta,Alginet,PERSONAS CON DISCAPACIDAD,PERSONAS CON DISCAPACIDAD,"13283",,,2025-09-04 00:00:00,"718313","4348851"
"POINT (721789 4253635)","1643","11316",RESIDENCIA PARA PERSONAS MAYORES,R.P.M. NOVAEDAT MUTXAMEL,"120",NOVAEDAT MUTXAMEL SL,"ESCORPIÓ, 2.",Entidad Privada,"03090",Alacant/Alicante,l'Alacantí,Mutxamel,PERSONAS MAYORES,PERSONAS MAYORES,"24487",,"963393090",2025-09-09 00:00:00,"721789","4253635"
"POINT (715185 4369513)","1644","11317",ALBERGUES,Ciudad de la Esperanza (Residencia B),"46",ASOCIACIÓN CIUDAD DE LA ESPERANZA,"Carretera Plá de Quart, Km 3",Entidad Privada,"46021",València/Valencia,l'Horta Sud,Aldaia,POBLACIÓN EN GENERAL Y COLECTIVOS SOCIALMENTE DESFAVORECIDOS,POBLACIÓN EN GENERAL Y COLECTIVOS SOCIALMENTE DESFAVORECIDOS,"31246",zero@gva.es,"961507052",2025-09-18 00:00:00,"715185","4369513"
"POINT (715185 4369513)","1645","11318",ALBERGUES,Ciudad de la Esperanza (Residencia A),"46",ASOCIACIÓN CIUDAD DE LA ESPERANZA,"Carretera Plá de  Quart, Km 3",Entidad Privada,"46021",València/Valencia,l'Horta Sud,Aldaia,POBLACIÓN EN GENERAL Y COLECTIVOS SOCIALMENTE DESFAVORECIDOS,POBLACIÓN EN GENERAL Y COLECTIVOS SOCIALMENTE DESFAVORECIDOS,"31246",zero@gva.es,"961507052",2025-09-18 00:00:00,"715185","4369513"
"POINT (715185 4369513)","1646","11319",ALBERGUES,Ciudad de la Esperanza (Residencia C),"46",ASOCIACIÓN CIUDAD DE LA ESPERANZA,"Carretera Plá de Quart, Km 3",Entidad Privada,"46021",València/Valencia,l'Horta Sud,Aldaia,POBLACIÓN EN GENERAL Y COLECTIVOS SOCIALMENTE DESFAVORECIDOS,POBLACIÓN EN GENERAL Y COLECTIVOS SOCIALMENTE DESFAVORECIDOS,"31246",zero@gva.es,"961507052",2025-09-18 00:00:00,"715185","4369513"
"POINT (715185 4369513)","1647","11320",ALBERGUES,Ciudad de la Esperanza (Residencia D),"46",ASOCIACIÓN CIUDAD DE LA ESPERANZA,"Carretera Plá de Quart, Km 3",Entidad Privada,"46021",València/Valencia,l'Horta Sud,Aldaia,POBLACIÓN EN GENERAL Y COLECTIVOS SOCIALMENTE DESFAVORECIDOS,POBLACIÓN EN GENERAL Y COLECTIVOS SOCIALMENTE DESFAVORECIDOS,"31246",zero@gva.es,"961507052",2025-09-18 00:00:00,"715185","4369513"
"POINT (719503.27 4249439.88)","1648","11322",CENTRO RESIDENCIAL DE CARÁCTER CONVIVENCIAL. DE APOYO LIMITADO O INTERMITENTE PARA PERSONAS EN SITUACIÓN O RIESGO DE EXCLUSIÓN,ACCEM,"5",ACCEM,"CALLE TIBI 1, 4º-F",Entidad Privada,"03014",Alacant/Alicante,l'Alacantí,Alacant/Alicante,POBLACIÓN EN GENERAL Y COLECTIVOS SOCIALMENTE DESFAVORECIDOS,POBLACIÓN EN GENERAL Y COLECTIVOS SOCIALMENTE DESFAVORECIDOS,"330525",,"968899752",2025-10-02 00:00:00,"719503.27","4249439.88"
"POINT (727843 4375089)","1649","11325",CENTROS DE DÍA PARA PERSONAS CON DIVERSIDAD FUNCIONAL INTELECTUAL,Fundació Mira'm,"20",MIRA'M FUNDACIÓ DE LA COMUNITAT VALENCIANA,"C/ Benimaclet, 22",Entidad Privada,"46013",València/Valencia,l'Horta Nord,Alboraia/Alboraya,PERSONAS CON DISCAPACIDAD,PERSONAS CON DISCAPACIDAD,"23837",,"618783075",2025-11-10 00:00:00,"727843","4375089"
"POINT (700267 4236623)","1650","11326",RESIDENCIAS PARA PERSONAS MAYORES DEPENDIENTES,RESIDENCIA SOLIMAR ELCHE,"148","SOLIMAR ELCHE, SL","Monseñor Antonio Hurtado Mendoza, Sector E-27, s/n",Entidad Privada,"03065",Alacant/Alicante,el Baix Vinalopó,Elx/Elche,PERSONAS MAYORES,PERSONAS MAYORES,"227659",,"963307158",2025-12-05 00:00:00,"700267","4236623"
"POINT (685740 4278002)","1651","11327",CENTRO RESIDENCIAL DE CARÁCTER CONVIVENCIAL. DE APOYO LIMITADO O INTERMITENTE PARA PERSONAS CON DIVERSIDAD FUNCIONAL INTELECTUAL,"VIVIENDA TUTELADA ""EL TEATRO"" APADIS","7",ASOC. PARA LA ATENCION DE LAS PERSONAS CON DISCAPACIDAD INTELECTUAL DE VILLENA Y COMARCA - APADIS,"C/ JOAQUÍN MARÍA LÓPEZ, 37 ENTLO. (ANTES C/ LUCIANO LÓPEZ FERRER, 13)",Entidad Privada,"03140",Alacant/Alicante,l’Alt Vinalopó/El Alto Vinalopó,Villena,PERSONAS CON DISCAPACIDAD,PERSONAS CON DISCAPACIDAD,"34163",,"699866370",2025-12-09 00:00:00,"685740","4278002"
"POINT (726189 4373704)","1652","11328",CENTRO ESPECÍFICO PARA ENFERMOS MENTALES CRÓNICOS (CEEM),CENTRO ESPECÍFICO DE ENFERMEDAD MENTAL EN VALENCIA,"40",Grupo 5 Acción y Gestión Social,Senda del Aire n.º 8,Entidad Privada,"46250",València/Valencia,València,València,PERSONAS CON ENFERMEDAD MENTAL,PERSONAS CON ENFERMEDAD MENTAL,"790201",,"663543247",2026-01-14 00:00:00,"726189","4373704"
"POINT (744618 4317222)","1653","11329",CENTROS DE DÍA DE PERSONAS MAYORES DEPENDIENTES,CENTRO DE DÍA DE ALZHEIMER AFA LA SAFOR GANDÍA,"40",AJUNTAMENT DE GANDIA,"Avenida Grao, 21, esquina calle Cervantes.",Entidad Local,"46131",València/Valencia,la Safor,Gandia,PERSONAS MAYORES,PERSONAS MAYORES,"74814",,"962959400",2026-01-15 00:00:00,"744618","4317222"
"POINT (761155.91 4438133.4)","1654","11332",CENTROS DE DÍA DE PERSONAS MAYORES DEPENDIENTES,Centro de Día Benicàssim,"80",AJUNTAMENT DE BENICASSIM,"calle Estatut, nº24",Entidad Local,"12028",Castelló/Castellón,la Plana Alta,Benicàssim/Benicasim,PERSONAS MAYORES,PERSONAS MAYORES,"17957",,"964300962",2026-01-21 14:44:52,"761155.91","4438133.4"
"POINT (761156.21 4438160.02)","1655","11333",CENTROS INTEGRALES DE MAYORES (CIMS) DE TITULARIDAD DE AYUNTAMIENTOS,CIM Benicàssim,"200",AJUNTAMENT DE BENICASSIM,"calle Mestre Josep Segarra, n.º 4",Entidad Local,"12028",Castelló/Castellón,la Plana Alta,Benicàssim/Benicasim,PERSONAS MAYORES,PERSONAS MAYORES,"17957",,"964300962",2026-01-21 16:14:52,"761156.21","4438160.02"
"POINT (707585.44 4385342.9)","1656","11334",CENTROS DE DÍA DE PERSONAS MAYORES DEPENDIENTES,CENTRO DE DÍA PARA PERSONAS MAYORES DEPENDIENTES,"50",GENERALITAT VALENCIANA,Avda. diputación esquina Camí Fondo,Entidad Propia,"46051",València/Valencia,el Camp de Túria,Benaguasil,PERSONAS MAYORES,PERSONAS MAYORES,"10967",,"012",2026-02-05 14:24:52,"707585.44","4385342.9"
"POINT (711321 4277794)","1657","11336",CENTRO RESIDENCIAL DE CARÁCTER CONVIVENCIAL. DE APOYO LIMITADO O INTERMITENTE PARA PERSONAS CON PROBLEMAS DE SALUD MENTAL,"CENTRO RESIDENCIAL DE CARACTER CONVIVENCIAL DE APOYO LIMITADO O INTERMITENTE PARA PERSONAS CON PROBLEMAS DE SALUD MENTAL ""EL REFUGI""","7",DIVERSAMENT SL,CALLE RAMON BERENGUER 4. 3 DERECHA,Entidad Privada,"03079",Alacant/Alicante,l'Alcoià,Ibi,PERSONAS CON ENFERMEDAD MENTAL,PERSONAS CON ENFERMEDAD MENTAL,"23365",,"601980253",2026-03-11 15:34:52,"711321","4277794"
"POINT (744371 4410249)","1658","11337",CENTRO SOCIAL DE ATENCIÓN PRIMARIA,CENTRO SOCIAL MUNICIPAL DE ATENCIÓN PRIMARIA DEL AYUNTAMIENTO DE MONCOFA,"0",AJUNTAMENT DE MONCOFAR,"Plaça de la Constitució, 1",Entidad Local,"12077",Castelló/Castellón,la Plana Baixa,Moncofa,POBLACIÓN EN GENERAL Y COLECTIVOS SOCIALMENTE DESFAVORECIDOS,POBLACIÓN EN GENERAL Y COLECTIVOS SOCIALMENTE DESFAVORECIDOS,"6181",,"964580421",2026-04-02 12:34:52,"744371","4410249"
"POINT (719146 4248858)","1659","11339",RESIDENCIA PARA PERSONAS MAYORES,RESIDENCIA SOLIMAR ALICANTE,"150",SOLIMAR ALICANTE SL,"Avenida Novelda, 28.",Entidad Privada,"03014",Alacant/Alicante,l'Alacantí,Alacant/Alicante,PERSONAS MAYORES,PERSONAS MAYORES,"330525",,"963307158",2026-04-27 08:54:52,"719146","4248858"
"POINT (744372 4316940)","1661","11341",RESIDENCIA PARA PERSONAS MAYORES,VITALIA GANDÍA,"128",VITALIA HOME SL,Passeig de les Germanies nº 99,Entidad Privada,"46131",València/Valencia,la Safor,Gandia,PERSONAS MAYORES,PERSONAS MAYORES,"74814",,"963812250",2026-04-30 15:14:52,"744372","4316940"
"POINT (714232 4332788)","1662","11343",CENTRO RESIDENCIAL DE CARÁCTER CONVIVENCIAL. DE APOYO LIMITADO O INTERMITENTE PARA PERSONAS CON PROBLEMAS DE SALUD MENTAL,VIVIENDA TUTELADA NOVAEDAT ALBERIC,"7",NOVAEDAT BENESTAR SLU,"CALLE ARCIPRESTE FERRANDIS, 12",Entidad Privada,"46011",València/Valencia,la Ribera Alta,Alberic,PERSONAS CON ENFERMEDAD MENTAL,PERSONAS CON ENFERMEDAD MENTAL,"10537",,"963393090",2026-04-30 15:24:52,"714232","4332788"
"POINT (720296 4333287)","1663","11344",CENTRO SOCIAL DE ATENCIÓN PRIMARIA,Centre d'Atenció Primària de Serveis Socials Carcaixent,"0",AJUNTAMENT DE CARCAIXENT,"C/SANTA ANNA, 7",Entidad Local,"46083",València/Valencia,la Ribera Alta,Carcaixent,POBLACIÓN EN GENERAL Y COLECTIVOS SOCIALMENTE DESFAVORECIDOS,POBLACIÓN EN GENERAL Y COLECTIVOS SOCIALMENTE DESFAVORECIDOS,"20520",,"962457609",2026-05-26 10:04:52,"720296","4333287"
"POINT (721977 4367437)","1664","11348",CENTRO RESIDENCIAL DE CARÁCTER CONVIVENCIAL. DE APOYO LIMITADO O INTERMITENTE PARA PERSONAS CON DIVERSIDAD FUNCIONAL INTELECTUAL,VIVIENDA TUTELADA SUPERVISADA LLUERNA,"7","Mistral Acció Social, Coop. V.",C/ DR. MARAÑÓN N.º 4 Bajo,Entidad Privada,"46186",València/Valencia,l'Horta Sud,Paiporta,PERSONAS CON DISCAPACIDAD,PERSONAS CON DISCAPACIDAD,"25084",,"747481109",2026-07-09 09:04:52,"721977","4367437"
"POINT (707322 4299369)","1665","11350",CENTROS RESIDENCIALES PARA PERSONAS MAYORES,Residencia para Personas Mayores 'La Beneficiencia',"97",FUNDACION DE LA COMUNIDAD VALENCIANA HOSPITAL BENEFICENCIA NTRA. SRA. DE LOS DOLORES D'ONTINYENT,"Calle Monges Carmelites, 13",Entidad Privada,"46184",València/Valencia,la Vall d'Albaida,Ontinyent,PERSONAS MAYORES,PERSONAS MAYORES,"35534",,"653943153",2026-07-24 13:04:52,"707322","4299369"
"POINT (754276 4431977)","1666","11351",RESIDENCIA PARA PERSONAS CON PROBLEMAS DE SALUD MENTAL,SAN JOSÉ,"37","INSOEME, S.L.",Camino del Caminás 42,Entidad Privada,"12040",Castelló/Castellón,la Plana Alta,Castelló de la Plana,PERSONAS CON ENFERMEDAD MENTAL,PERSONAS CON ENFERMEDAD MENTAL,"170990",,"659555788",2026-08-04 13:44:52,"754276","4431977"
"POINT (707184 4300075)","1667",,CENTRO DE ATENCIÓN DIURNA PARA PERSONAS CON DISCAPACIDAD O DIVERSIDAD FUNCIONAL EN SITUACIÓN DE DEPENDENCIA,CENTRO TERAPÉUTICO INCLOU-TEA,,"ASSOC.PER A L'EDUCACIO I INCLUSIO DE PERSONES EN L'ESPECTRE AUTISTA DE LA VALL D'ALBAIDA INCLOU-TEA""",GASPAR BLAI ARBUIXEC,OTRAS,"46184",València/Valencia,la Vall d'Albaida,Ontinyent,PERSONAS CON DISCAPACIDAD,SIN RESOLUCIÓN,,,"605361381",,"707184","4300075"
"POINT (706200 4218252)","1668",,CENTRO DE ATENCIÓN DIURNA PARA PERSONAS CON DISCAPACIDAD O DIVERSIDAD FUNCIONAL EN SITUACIÓN DE DEPENDENCIA,LES DUNES DE GUARDAMAR,,AJUNTAMENT DE GUARDAMAR DEL SEGURA,Cervantes,OTRAS,"03076",Alacant/Alicante,el Baix Segura/La Vega Baja,Guardamar del Segura,PERSONAS CON DISCAPACIDAD,SIN RESOLUCIÓN,,,"965729014",,"706200","4218252"
"POINT (703252 4239281)","1672",,CENTRO MUJER 14 HORAS,Centro Mujer 14 horas de Elche,,GENERALITAT VALENCIANA,"Avda de Jubalcoy, n.º 34 (Centro Social Altabix-Universidad)",OTRAS,"03065",Alacant/Alicante,el Baix Vinalopó,Elx/Elche,MUJERES,SIN RESOLUCIÓN,,,"963866000",,"703252","4239281"
"POINT (714469 4413992)","1673",,CENTRO MUJER 14 HORAS,CENTRO MUJER 14 HORAS DE SEGORBE,,GENERALITAT VALENCIANA,"C/ ORFELINO ALMELA, 10",OTRAS,"12104",Castelló/Castellón,El Alto Palancia,Segorbe,MUJERES,SIN RESOLUCIÓN,,,"012",,"714469","4413992"
"POINT (695363 4244772)","1676",,CENTRO RESIDENCIAL DE CARÁCTER CONVIVENCIAL. DE APOYO EXTENSO. PERSONAS CON DIVERSIDAD FUNCIONAL INTELECTUAL,VT ASISTIDA LA CASICA DE DOÑA TERESITA,,ASOCIACIÓN PRO-PERSONAS CON DISCAPACIDAD DE ASPE,CALLE JUAN XXIII 14,OTRAS,"03019",Alacant/Alicante,el Vinalopó Mitjà/El Vinalopó Medio,Aspe,PERSONAS CON DISCAPACIDAD,SIN RESOLUCIÓN,,,"965493151",,"695363","4244772"
"POINT (721977 4367437)","1680",,CENTRO RESIDENCIAL DE CARÁCTER CONVIVENCIAL. DE APOYO LIMITADO O INTERMITENTE PARA PERSONAS CON DIVERSIDAD FUNCIONAL INTELECTUAL,VIVIENDA TUTELADA SUPERVISADA LLUERNA,,"Mistral Acció Social, Coop. V.",C/ DR. MARAÑÓN N.º 4 Bajo,COOPERATIVA,"46186",València/Valencia,l'Horta Sud,Paiporta,PERSONAS CON DISCAPACIDAD,SIN RESOLUCIÓN,,,"747481109",,"721977","4367437"
"POINT (711321 4277794)","1681",,CENTRO RESIDENCIAL DE CARÁCTER CONVIVENCIAL. DE APOYO LIMITADO O INTERMITENTE PARA PERSONAS CON PROBLEMAS DE SALUD MENTAL,"CENTRO RESIDENCIAL DE CARACTER CONVIVENCIAL DE APOYO LIMITADO O INTERMITENTE PARA PERSONAS CON PROBLEMAS DE SALUD MENTAL ""EL REFUGI""",,DIVERSAMENT SL,CALLE RAMON BERENGUER 4. 3 DERECHA,EMPRESA Y SOCIEDADES,"03079",Alacant/Alicante,l'Alcoià,Ibi,PERSONAS CON ENFERMEDAD MENTAL,SIN RESOLUCIÓN,,,"601980253",,"711321","4277794"
"POINT (725452 4372209)","1682",,CENTRO RESIDENCIAL DE CARÁCTER CONVIVENCIAL. DE APOYO LIMITADO O INTERMITENTE PARA PERSONAS CON PROBLEMAS DE SALUD MENTAL,ENNKAJA CENTRE,,ENKAJA SOCIAL SL,"CALLE PADILLA, 5, 1-1",EMPRESA Y SOCIEDADES,"46250",València/Valencia,València,València,PERSONAS CON ENFERMEDAD MENTAL,SIN RESOLUCIÓN,,,"638044929",,"725452","4372209"
"POINT (714232 4332788)","1683",,CENTRO RESIDENCIAL DE CARÁCTER CONVIVENCIAL. DE APOYO LIMITADO O INTERMITENTE PARA PERSONAS CON PROBLEMAS DE SALUD MENTAL,VIVIENDA TUTELADA NOVAEDAT ALBERIC,,NOVAEDAT BENESTAR SLU,"CALLE ARCIPRESTE FERRANDIS, 12",OTRAS,"46011",València/Valencia,la Ribera Alta,Alberic,PERSONAS CON ENFERMEDAD MENTAL,SIN RESOLUCIÓN,,,"963393090",,"714232","4332788"
"POINT (685558 4279143)","1684",,CENTRO RESIDENCIAL DE CARÁCTER CONVIVENCIAL. DE APOYO LIMITADO O INTERMITENTE PARA PERSONAS CON PROBLEMAS DE SALUD MENTAL,CENTRO RESIDENCIAL QUINTÍN ESQUEMBRE,,FUNDACION SANAMENTE DE LA COMUNIDAD VALENCIANA,"CALLE QUINTÍN ESQUEMBRE, 2",OTRAS,"03140",Alacant/Alicante,l’Alt Vinalopó/El Alto Vinalopó,Villena,PERSONAS CON ENFERMEDAD MENTAL,SIN RESOLUCIÓN,,,"965808194",,"685558","4279143"
"POINT (718529 4247320)","1685",,CENTRO RESIDENCIAL DE CARÁCTER CONVIVENCIAL. DE APOYO LIMITADO O INTERMITENTE. HOGARES DE EMANCIPACIÓN,Piso Don Bosco Alicante,,FUNDACIÓN FISAT SALESIANOS SOCIAL,Calle de Bono Guarner 48,FUNDACION,"03014",Alacant/Alicante,l'Alacantí,Alacant/Alicante,INFANCIA,SIN RESOLUCIÓN,,,"664395910",,"718529","4247320"
"POINT (732242.36 4342641.79)","1686",,CENTRO SOCIAL DE ATENCIÓN PRIMARIA,CENTRE SOCIAL ANTIC CORREUS,,AJUNTAMENT DE SUECA,"PLAÇA DE SAN PERE, 1",OTRAS,"46235",València/Valencia,la Ribera Baixa,Sueca,POBLACIÓN EN GENERAL Y COLECTIVOS SOCIALMENTE DESFAVORECIDOS,SIN RESOLUCIÓN,,,"678608265",,"732242.36","4342641.79"
"POINT (707382 4385963)","1689",,CENTRO SOCIAL DE ATENCIÓN PRIMARIA,CENTRO SOCIAL DE ATENCIÓN PRIMARIA,,AJUNTAMENT DE BENAGUASIL,PLAZA MAYOR DE LA VILLA 17,OTRAS,"46051",València/Valencia,el Camp de Túria,Benaguasil,POBLACIÓN EN GENERAL Y COLECTIVOS SOCIALMENTE DESFAVORECIDOS,SIN RESOLUCIÓN,,,"962730011",,"707382","4385963"
"POINT (716649 4233557)","1690",,CENTRO SOCIAL DE ATENCIÓN PRIMARIA,CENTRO SOCIAL GRAN ALACANT,,AJUNTAMENT DE SANTA POLA,"C/MONTE DE SANTA POLA, 16 PL.01 LOCAL14 EDIF.3 (URB. LIFE RESORT-GRAN ALACANT)",OTRAS,"03121",Alacant/Alicante,el Baix Vinalopó,Santa Pola,POBLACIÓN EN GENERAL Y COLECTIVOS SOCIALMENTE DESFAVORECIDOS,SIN RESOLUCIÓN,,,"661544655",,"716649","4233557"
"POINT (744371 4410249)","1691",,CENTRO SOCIAL DE ATENCIÓN PRIMARIA,CENTRO SOCIAL MUNICIPAL DE ATENCIÓN PRIMARIA DEL AYUNTAMIENTO DE MONCOFA,,AJUNTAMENT DE MONCOFAR,"Plaça de la Constitució, 1",OTRAS,"12077",Castelló/Castellón,la Plana Baixa,Moncofa,POBLACIÓN EN GENERAL Y COLECTIVOS SOCIALMENTE DESFAVORECIDOS,SIN RESOLUCIÓN,,,"964580421",,"744371","4410249"
"POINT (720296 4333287)","1692",,CENTRO SOCIAL DE ATENCIÓN PRIMARIA,Centre d'Atenció Primària de Serveis Socials Carcaixent,,AJUNTAMENT DE CARCAIXENT,"C/SANTA ANNA, 7",OTRAS,"46083",València/Valencia,la Ribera Alta,Carcaixent,POBLACIÓN EN GENERAL Y COLECTIVOS SOCIALMENTE DESFAVORECIDOS,SIN RESOLUCIÓN,,,"962457609",,"720296","4333287"
"POINT (725358 4373179)","1693",,CENTRO SOCIAL DE ATENCIÓN PRIMARIA,OFICINA DE NO DISCRIMINACION,,AJUNTAMENT DE VALENCIA,"CALLE ALTA, 48",OTRAS,"46250",València/Valencia,València,València,POBLACIÓN EN GENERAL Y COLECTIVOS SOCIALMENTE DESFAVORECIDOS,SIN RESOLUCIÓN,,,"963210960",,"725358","4373179"
"POINT (725832 4374978)","1694",,CENTRO SOCIAL DE ATENCIÓN PRIMARIA,UNITAT IGUALTAT TORREFIEL ORRIOLS,,AJUNTAMENT DE VALENCIA,"PLAZA SALVADOR ALLENDE, 5 BAJO",OTRAS,"46250",València/Valencia,València,València,POBLACIÓN EN GENERAL Y COLECTIVOS SOCIALMENTE DESFAVORECIDOS,SIN RESOLUCIÓN,,,"963211654",,"725832","4374978"
"POINT (729620 4373076)","1695",,CENTROS DE ATENCIÓN TEMPORAL DE EMERGENCIAS (CATE),CATE VALENCIA AL MAR II,,GENERALITAT VALENCIANA,"Calle Rio Tajo, n.º 1.",OTRAS,"46250",València/Valencia,València,València,INFANCIA,SIN RESOLUCIÓN,,,,,"729620","4373076"
"POINT (747292 4424839)","1696",,CENTROS DE DÍA DE APOYO CONVIVENCIAL Y EDUCATIVO,centro de día de menores de apoyo educativo y conv,,AJUNTAMENT DE VILA-REAL,"CARRER ASUNCIÓN, 35",OTRAS,"12135",Castelló/Castellón,la Plana Baixa,Vila-real,INFANCIA,SIN RESOLUCIÓN,,,"964547130",,"747292","4424839"
"POINT (707585.44 4385342.9)","1697",,CENTROS DE DÍA DE PERSONAS MAYORES DEPENDIENTES,CENTRO DE DÍA PARA PERSONAS MAYORES DEPENDIENTES,,GENERALITAT VALENCIANA,Avda. diputación esquina Camí Fondo,OTRAS,"46051",València/Valencia,el Camp de Túria,Benaguasil,PERSONAS MAYORES,SIN RESOLUCIÓN,,,"012",,"707585.44","4385342.9"
"POINT (761155.91 4438133.4)","1698",,CENTROS DE DÍA DE PERSONAS MAYORES DEPENDIENTES,Centro de Día Benicàssim,,AJUNTAMENT DE BENICASSIM,"calle Estatut, nº24",SIN INFORMAR,"12028",Castelló/Castellón,la Plana Alta,Benicàssim/Benicasim,PERSONAS MAYORES,SIN RESOLUCIÓN,,,"964300962",,"761155.91","4438133.4"
"POINT (761156.21 4438160.02)","1699",,CENTROS INTEGRALES DE MAYORES (CIMS) DE TITULARIDAD DE AYUNTAMIENTOS,CIM Benicàssim,,AJUNTAMENT DE BENICASSIM,"calle Mestre Josep Segarra, n.º 4",SIN INFORMAR,"12028",Castelló/Castellón,la Plana Alta,Benicàssim/Benicasim,PERSONAS MAYORES,SIN RESOLUCIÓN,,,"964300962",,"761156.21","4438160.02"
"POINT (709919 4386173)","1700",,CENTROS RESIDENCIALES PARA PERSONAS MAYORES,"Centre de dia ""La Rascanya""",,AJUNTAMENT DE LA POBLA DE VALLBONA,"Avinguda Mar Mediterrani, 16",OTRAS,"46202",València/Valencia,el Camp de Túria,la Pobla de Vallbona,PERSONAS MAYORES,SIN RESOLUCIÓN,,,"962760050",,"709919","4386173"
"POINT (707322 4299369)","1701",,CENTROS RESIDENCIALES PARA PERSONAS MAYORES,Residencia para Personas Mayores 'La Beneficiencia',,FUNDACION DE LA COMUNIDAD VALENCIANA HOSPITAL BENEFICENCIA NTRA. SRA. DE LOS DOLORES D'ONTINYENT,"Calle Monges Carmelites, 13",OTRAS,"46184",València/Valencia,la Vall d'Albaida,Ontinyent,PERSONAS MAYORES,SIN RESOLUCIÓN,,,"653943153",,"707322","4299369"
"POINT (743780 4316963)","1702",,PUNTO DE ENCUENTRO FAMILIAR,Punt de trobada familiar,,MANCOMUNITAT DE MUNICIPIS DE LA SAFOR,C/ Pintor Sorolla. núm. 28,ENTIDAD PÚBLICA,"46131",València/Valencia,la Safor,Gandia,INFANCIA,SIN RESOLUCIÓN,,,"962965003",,"743780","4316963"
"POINT (753472 4430024)","1703",,"RESIDENCIA DE RECEPCIÓN DE NIÑOS, NIÑAS Y ADOLESCENTES",Residencia de recepción de niños y niñas Verge del Lledó II,,GENERALITAT VALENCIANA,"c/ Prim, 25",OTRAS,"12040",Castelló/Castellón,la Plana Alta,Castelló de la Plana,INFANCIA,SIN RESOLUCIÓN,,,"964220457",,"753472","4430024"
"POINT (719390 4383844)","1704",,RESIDENCIA PARA PERSONAS CON DIVERSIDAD FUNCIONAL INTELECTUAL,RESIDENCIA DE PERSONAS CON DIVERSIDAD FUNCIONAL Y TRASTORNO DE CONDUCTA,,INSTITUTO VALENCIANO DE SERVICIOS SOCIALES,"Carretera Burjassot -Torres-Torres, Km. 9,",ENTIDAD PÚBLICA,"46070",València/Valencia,el Camp de Túria,Bétera,PERSONAS CON DISCAPACIDAD,SIN RESOLUCIÓN,,,"963869460",,"719390","4383844"
"POINT (685720 4277988)","1705",,RESIDENCIA PARA PERSONAS CON DIVERSIDAD FUNCIONAL INTELECTUAL,Vivienda tutelada 4,,ASOC. PARA LA ATENCION DE LAS PERSONAS CON DISCAPACIDAD INTELECTUAL DE VILLENA Y COMARCA - APADIS,"Calle Menéndez Pelayo, 105",OTRAS,"03140",Alacant/Alicante,l’Alt Vinalopó/El Alto Vinalopó,Villena,PERSONAS CON DISCAPACIDAD,SIN RESOLUCIÓN,,,"654588658",,"685720","4277988"
"POINT (754276 4431977)","1706",,RESIDENCIA PARA PERSONAS CON PROBLEMAS DE SALUD MENTAL,SAN JOSÉ,,"INSOEME, S.L.",Camino del Caminás 42,EMPRESA Y SOCIEDADES,"12040",Castelló/Castellón,la Plana Alta,Castelló de la Plana,PERSONAS CON ENFERMEDAD MENTAL,SIN RESOLUCIÓN,,,"659555788",,"754276","4431977"
"POINT (669753 4416431)","1710",,RESIDENCIA PARA PERSONAS MAYORES,RESIDENCIA DE MAYORES DE ALPUENTE,,AYUNTAMIENTO DE ALPUENTE,CALLE CUARTEL,ENTIDAD PÚBLICA,"46036",València/Valencia,La Serranía,Alpuente,PERSONAS MAYORES,SIN RESOLUCIÓN,,,"962101001",,"669753","4416431"
"POINT (752614 4429476)","1713",,RESIDENCIAS PARA PERSONAS MAYORES DEPENDIENTES,HOTEL RESIDENCIAL CASTELLON,,RESIDENCIAL CASTELLON SERVICIOS INTEGRALES TERCERA EDAD SA,CALLE HERRERO,OTRAS,"12040",Castelló/Castellón,la Plana Alta,Castelló de la Plana,PERSONAS MAYORES,SIN RESOLUCIÓN,,,"964206211",,"752614","4429476"
